time,x,y,yaw
1790847882.0222955,-0.000938781885839225,1.908253531285227e-05,0.011744998006012794
1790847882.0426066,-0.000938781885839225,1.908253531285227e-05,0.011744998006012794
1790847882.062435,-0.000938781885839225,1.908253531285227e-05,0.011744998006012794
1790847882.0820224,-0.00093009283989897,1.9184592832912e-05,0.01179051736316224
1790847882.1023705,-0.00093009283989897,1.9184592832912e-05,0.01179051736316224
1790847882.122188,-0.00093009283989897,1.9184592832912e-05,0.01179051736316224
1790847882.1428452,-0.0009387818811846303,1.90821397931727e-05,0.011744998006012794
1790847882.162574,-0.0009387818811846303,1.90821397931727e-05,0.011744998006012794
1790847882.182493,-0.0009387818811846303,1.90821397931727e-05,0.011744998006012794
1790847882.2023733,-0.0009387818811846303,1.90821397931727e-05,0.011744998006012794
1790847882.2221713,-0.0009387818811846303,1.90821397931727e-05,0.011744998006012794
1790847882.2423139,-0.0009387818811846303,1.90821397931727e-05,0.011744998006012794
1790847882.2624435,-0.0009387818811846303,1.90821397931727e-05,0.011744998006012794
1790847882.282367,-0.0009300928352443754,1.918419731323243e-05,0.01179051736316224
1790847882.3024137,-0.0009300928352443754,1.918419731323243e-05,0.01179051736316224
1790847882.3228838,-0.0009300928352443754,1.918419731323243e-05,0.01179051736316224
1790847882.342501,-0.0009387818765300357,1.9081744273493126e-05,0.011744998006012794
1790847882.362519,-0.0009387818765300357,1.9081744273493126e-05,0.011744998006012794
1790847882.3824835,-0.0009387818765300357,1.9081744273493126e-05,0.011744998006012794
1790847882.4019969,-0.0009387818765300357,1.9081744273493126e-05,0.011744998006012794
1790847882.422204,-0.0009387818765300357,1.9081744273493126e-05,0.011744998006012794
1790847882.4423609,-0.0009387818765300357,1.9081744273493126e-05,0.011744998006012794
1790847882.462269,-0.0009387818765300357,1.9081744273493126e-05,0.011744998006012794
1790847882.4821568,-0.0009300928305897807,1.9183801793552856e-05,0.01179051736316224
1790847882.5020995,-0.0009300928305897807,1.9183801793552856e-05,0.01179051736316224
1790847882.5221345,-0.0009300928305897807,1.9183801793552856e-05,0.01179051736316224
1790847882.542118,-0.0009300928305897807,1.9183801793552856e-05,0.01179051736316224
1790847882.5619998,-0.0009300928305897807,1.9183801793552856e-05,0.01179051736316224
1790847882.5820658,-0.0009300928305897807,1.9183801793552856e-05,0.01179051736316224
1790847882.6020112,-0.0009300928305897807,1.9183801793552856e-05,0.01179051736316224
1790847882.6227698,-0.0009387818718754411,1.9081348753813554e-05,0.011744998006012794
1790847882.6426892,-0.0009300928259351861,1.9183406273873284e-05,0.01179051736316224
1790847882.6620908,-0.0009300928259351861,1.9183406273873284e-05,0.01179051736316224
1790847882.68223,-0.0009300928259351861,1.9183406273873284e-05,0.01179051736316224
1790847882.7021973,-0.0009300928259351861,1.9183406273873284e-05,0.01179051736316224
1790847882.7222073,-0.0009300928259351861,1.9183406273873284e-05,0.01179051736316224
1790847882.742698,-0.0009300928259351861,1.9183406273873284e-05,0.01179051736316224
1790847882.7625947,-0.0009300928259351861,1.9183406273873284e-05,0.01179051736316224
1790847882.7821023,-0.0009300928259351861,1.9183406273873284e-05,0.01179051736316224
1790847882.8026652,-0.0009300928259351861,1.9183406273873284e-05,0.01179051736316224
1790847882.822588,-0.0009300928259351861,1.9183406273873284e-05,0.01179051736316224
1790847882.8424926,-0.0009300928259351861,1.9183406273873284e-05,0.01179051736316224
1790847882.8623254,-0.0009300928259351861,1.9183406273873284e-05,0.01179051736316224
1790847882.8821113,-0.0009300928259351861,1.9183406273873284e-05,0.01179051736316224
1790847882.9024608,-0.0009300928259351861,1.9183406273873284e-05,0.01179051736316224
1790847882.9224436,-0.0009300928259351861,1.9183406273873284e-05,0.01179051736316224
1790847882.9421272,-0.0009300928259351861,1.9183406273873284e-05,0.01179051736316224
1790847882.9620275,-0.0009300928259351861,1.9183406273873284e-05,0.01179051736316224
1790847882.9825726,-0.0009300928259351861,1.9183406273873284e-05,0.01179051736316224
1790847883.0023632,-0.0009300928259351861,1.9183406273873284e-05,0.01179051736316224
1790847883.0224466,-0.0009300928259351861,1.9183406273873284e-05,0.01179051736316224
1790847883.0421627,-0.0009300928259351861,1.9183406273873284e-05,0.01179051736316224
1790847883.0621116,-0.0009300928259351861,1.9183406273873284e-05,0.01179051736316224
1790847883.0821176,-0.0009300928259351861,1.9183406273873284e-05,0.01179051736316224
1790847883.101995,-0.0009300928259351861,1.9183406273873284e-05,0.01179051736316224
1790847883.1223223,-0.0009300928259351861,1.9183406273873284e-05,0.01179051736316224
1790847883.1422944,-0.0009300928259351861,1.9183406273873284e-05,0.01179051736316224
1790847883.1624734,-0.0009300928259351861,1.9183406273873284e-05,0.01179051736316224
1790847883.182607,-0.0009300928259351861,1.9183406273873284e-05,0.01179051736316224
1790847883.2021909,-0.0009300928259351861,1.9183406273873284e-05,0.01179051736316224
1790847883.2221167,-0.0009300928259351861,1.9183406273873284e-05,0.01179051736316224
1790847883.2422698,-0.0009300928259351861,1.9183406273873284e-05,0.01179051736316224
1790847883.2626765,-0.0009387818672208464,1.908095323413398e-05,0.011744998006012794
1790847883.28232,-0.0009387818672208464,1.908095323413398e-05,0.011744998006012794
1790847883.3021965,-0.0009387818672208464,1.908095323413398e-05,0.011744998006012794
1790847883.3226109,-0.0009387818672208464,1.908095323413398e-05,0.011744998006012794
1790847883.3422325,-0.0009300928212805915,1.918301075419371e-05,0.01179051736316224
1790847883.3624618,-0.0009300928212805915,1.918301075419371e-05,0.01179051736316224
1790847883.3821597,-0.0009300928212805915,1.918301075419371e-05,0.01179051736316224
1790847883.4021616,-0.0009300928212805915,1.918301075419371e-05,0.01179051736316224
1790847883.4222097,-0.0009300928212805915,1.918301075419371e-05,0.01179051736316224
1790847883.442143,-0.0009300928212805915,1.918301075419371e-05,0.01179051736316224
1790847883.4624622,-0.0009300928212805915,1.918301075419371e-05,0.01179051736316224
1790847883.4824412,-0.0009300928212805915,1.918301075419371e-05,0.01179051736316224
1790847883.5025978,-0.0009300928212805915,1.918301075419371e-05,0.01179051736316224
1790847883.5226054,-0.0009300928212805915,1.918301075419371e-05,0.01179051736316224
1790847883.542233,-0.0009387818625662518,1.908055771445441e-05,0.011744998006012794
1790847883.5626066,-0.0009300928166259968,1.918261523451414e-05,0.01179051736316224
1790847883.5828006,-0.0009300928166259968,1.918261523451414e-05,0.01179051736316224
1790847883.602041,-0.0009387818579116572,1.9080162194774837e-05,0.011744998006012794
1790847883.622603,-0.0009387818579116572,1.9080162194774837e-05,0.011744998006012794
1790847883.6421838,-0.0009474709038519121,1.8978104674715107e-05,0.011699478648863346
1790847883.6624594,-0.0009474709038519121,1.8978104674715107e-05,0.011699478648863346
1790847883.6820674,-0.0009474709038519121,1.8978104674715107e-05,0.011699478648863346
1790847883.7020097,-0.0009474709038519121,1.8978104674715107e-05,0.011699478648863346
1790847883.7220547,-0.0009387818532750665,1.9079766674883797e-05,0.011744998006012794
1790847883.7420275,-0.0009387818532750665,1.9079766674883797e-05,0.011744998006012794
1790847883.7619932,-0.0009300928073348116,1.9181824194943527e-05,0.01179051736316224
1790847883.7821138,-0.0009300928073348116,1.9181824194943527e-05,0.01179051736316224
1790847883.8020058,-0.0009300928073348116,1.9181824194943527e-05,0.01179051736316224
1790847883.8225238,-0.0009300928073348116,1.9181824194943527e-05,0.01179051736316224
1790847883.842859,-0.0009300928073348116,1.9181824194943527e-05,0.01179051736316224
1790847883.8621314,-0.0009387818486204719,1.9079371155204225e-05,0.011744998006012794
1790847883.8822267,-0.000930092802680217,1.9181428675263955e-05,0.01179051736316224
1790847883.9022212,-0.000930092802680217,1.9181428675263955e-05,0.01179051736316224
1790847883.9227848,-0.000930092802680217,1.9181428675263955e-05,0.01179051736316224
1790847883.9427493,-0.0009387818439658773,1.9078975635524653e-05,0.011744998006012794
1790847883.9627423,-0.0009387818439658773,1.9078975635524653e-05,0.011744998006012794
1790847883.9826176,-0.0009387818439658773,1.9078975635524653e-05,0.011744998006012794
1790847884.0022202,-0.0009387818439658773,1.9078975635524653e-05,0.011744998006012794
1790847884.022198,-0.0009387818439658773,1.9078975635524653e-05,0.011744998006012794
1790847884.042631,-0.0009387818439658773,1.9078975635524653e-05,0.011744998006012794
1790847884.0624466,-0.0009387818439658773,1.9078975635524653e-05,0.011744998006012794
1790847884.0824916,-0.0009387818439658773,1.9078975635524653e-05,0.011744998006012794
1790847884.102396,-0.0009387818439658773,1.9078975635524653e-05,0.011744998006012794
1790847884.1225529,-0.0009387818439658773,1.9078975635524653e-05,0.011744998006012794
1790847884.1424809,-0.0009387818439658773,1.9078975635524653e-05,0.011744998006012794
1790847884.1624417,-0.0009387818439658773,1.9078975635524653e-05,0.011744998006012794
1790847884.1824954,-0.0009387818439658773,1.9078975635524653e-05,0.011744998006012794
1790847884.2023637,-0.0009387818439658773,1.9078975635524653e-05,0.011744998006012794
1790847884.2220337,-0.0009387818439658773,1.9078975635524653e-05,0.011744998006012794
1790847884.2426372,-0.0009387818439658773,1.9078975635524653e-05,0.011744998006012794
1790847884.2621822,-0.0009387818439658773,1.9078975635524653e-05,0.011744998006012794
1790847884.2824895,-0.0009387818439658773,1.9078975635524653e-05,0.011744998006012794
1790847884.3025131,-0.0009387818439658773,1.9078975635524653e-05,0.011744998006012794
1790847884.3223932,-0.0009387818439658773,1.9078975635524653e-05,0.011744998006012794
1790847884.342482,-0.0009387818439658773,1.9078975635524653e-05,0.011744998006012794
1790847884.3621023,-0.0009387818439658773,1.9078975635524653e-05,0.011744998006012794
1790847884.382557,-0.0009387818439658773,1.9078975635524653e-05,0.011744998006012794
1790847884.402547,-0.0009387818439658773,1.9078975635524653e-05,0.011744998006012794
1790847884.4224865,-0.0009387818439658773,1.9078975635524653e-05,0.011744998006012794
1790847884.4421368,-0.0009387818439658773,1.9078975635524653e-05,0.011744998006012794
1790847884.4624298,-0.0009387818439658773,1.9078975635524653e-05,0.011744998006012794
1790847884.4825416,-0.0009387818439658773,1.9078975635524653e-05,0.011744998006012794
1790847884.5021822,-0.0009387818439658773,1.9078975635524653e-05,0.011744998006012794
1790847884.5222044,-0.0009387818439658773,1.9078975635524653e-05,0.011744998006012794
1790847884.5421832,-0.0009387818439658773,1.9078975635524653e-05,0.011744998006012794
1790847884.5627606,-0.0009387818439658773,1.9078975635524653e-05,0.011744998006012794
1790847884.5822105,-0.0009387818439658773,1.9078975635524653e-05,0.011744998006012794
1790847884.602591,-0.0009387818439658773,1.9078975635524653e-05,0.011744998006012794
1790847884.622177,-0.0009387818439658773,1.9078975635524653e-05,0.011744998006012794
1790847884.642238,-0.0009387818439658773,1.9078975635524653e-05,0.011744998006012794
1790847884.662009,-0.0009387818439658773,1.9078975635524653e-05,0.011744998006012794
1790847884.6821206,-0.0009387818439658773,1.9078975635524653e-05,0.011744998006012794
1790847884.7020152,-0.0009387818439658773,1.9078975635524653e-05,0.011744998006012794
1790847884.7221203,-0.0009387818439658773,1.9078975635524653e-05,0.011744998006012794
1790847884.742475,-0.0009387818439658773,1.9078975635524653e-05,0.011744998006012794
1790847884.7621567,-0.0009387818439658773,1.9078975635524653e-05,0.011744998006012794
1790847884.782073,-0.0009387818439658773,1.9078975635524653e-05,0.011744998006012794
1790847884.8021083,-0.0009387818439658773,1.9078975635524653e-05,0.011744998006012794
1790847884.8224912,-0.0009387818439658773,1.9078975635524653e-05,0.011744998006012794
1790847884.8423245,-0.0009387818439658773,1.9078975635524653e-05,0.011744998006012794
1790847884.8640656,-0.0009387818439658773,1.9078975635524653e-05,0.011744998006012794
1790847884.882597,-0.0009387818439658773,1.9078975635524653e-05,0.011744998006012794
1790847884.902785,-0.0009387818439658773,1.9078975635524653e-05,0.011744998006012794
1790847884.9228504,-0.0009387818439658773,1.9078975635524653e-05,0.011744998006012794
1790847884.942925,-0.0009387818439658773,1.9078975635524653e-05,0.011744998006012794
1790847884.9627533,-0.0009387818439658773,1.9078975635524653e-05,0.011744998006012794
1790847884.9827893,-0.0009387818439658773,1.9078975635524653e-05,0.011744998006012794
1790847885.0028014,-0.0009387818439658773,1.9078975635524653e-05,0.011744998006012794
1790847885.112709,-0.0009387818439658773,1.9078975635524653e-05,0.011744998006012794
1790847885.1142192,-0.0009387818439658773,1.9078975635524653e-05,0.011744998006012794
1790847885.1222413,-0.0009387818439658773,1.9078975635524653e-05,0.011744998006012794
1790847885.1426752,-0.0009387818439658773,1.9078975635524653e-05,0.011744998006012794
1790847885.1626263,-0.0009387818439658773,1.9078975635524653e-05,0.011744998006012794
1790847885.1824136,-0.0009387818439658773,1.9078975635524653e-05,0.011744998006012794
1790847885.2021778,-0.0009387818439658773,1.9078975635524653e-05,0.011744998006012794
1790847885.222198,-0.0009387818439658773,1.9078975635524653e-05,0.011744998006012794
1790847885.2426314,-0.0009387818439658773,1.9078975635524653e-05,0.011744998006012794
1790847885.262342,-0.0009387818439658773,1.9078975635524653e-05,0.011744998006012794
1790847885.282414,-0.0009387818439658773,1.9078975635524653e-05,0.011744998006012794
1790847885.3020568,-0.0009387818439658773,1.9078975635524653e-05,0.011744998006012794
1790847885.3222964,-0.0009387818439658773,1.9078975635524653e-05,0.011744998006012794
1790847885.3424797,-0.0009387818439658773,1.9078975635524653e-05,0.011744998006012794
1790847885.3625634,-0.0009387818439658773,1.9078975635524653e-05,0.011744998006012794
1790847885.3824942,-0.0009387818439658773,1.9078975635524653e-05,0.011744998006012794
1790847885.4020443,-0.0009387818439658773,1.9078975635524653e-05,0.011744998006012794
1790847885.4221442,-0.0009387818439658773,1.9078975635524653e-05,0.011744998006012794
1790847885.4422607,-0.0009387818439658773,1.9078975635524653e-05,0.011744998006012794
1790847885.4621584,-0.0009387818439658773,1.9078975635524653e-05,0.011744998006012794
1790847885.482475,-0.0009387818439658773,1.9078975635524653e-05,0.011744998006012794
1790847885.5021014,-0.0009387818439658773,1.9078975635524653e-05,0.011744998006012794
1790847885.5222948,-0.0009387818439658773,1.9078975635524653e-05,0.011744998006012794
1790847885.542384,-0.0009387818439658773,1.9078975635524653e-05,0.011744998006012794
1790847885.5625322,-0.0009387818439658773,1.9078975635524653e-05,0.011744998006012794
1790847885.5825245,-0.0009387818439658773,1.9078975635524653e-05,0.011744998006012794
1790847885.6021423,-0.0009387818439658773,1.9078975635524653e-05,0.011744998006012794
1790847885.6226022,-0.0009387818439658773,1.9078975635524653e-05,0.011744998006012794
1790847885.6421762,-0.0009387818439658773,1.9078975635524653e-05,0.011744998006012794
1790847885.6621816,-0.0009387818439658773,1.9078975635524653e-05,0.011744998006012794
1790847885.6826692,-0.0009387818439658773,1.9078975635524653e-05,0.011744998006012794
1790847885.7022753,-0.0009387818439658773,1.9078975635524653e-05,0.011744998006012794
1790847885.7221854,-0.0009387818439658773,1.9078975635524653e-05,0.011744998006012794
1790847885.742221,-0.0009387818439658773,1.9078975635524653e-05,0.011744998006012794
1790847885.762196,-0.0009387818439658773,1.9078975635524653e-05,0.011744998006012794
1790847885.7820647,-0.0009387818439658773,1.9078975635524653e-05,0.011744998006012794
1790847885.8020763,-0.0009387818439658773,1.9078975635524653e-05,0.011744998006012794
1790847885.8222423,-0.0009387818439658773,1.9078975635524653e-05,0.011744998006012794
1790847885.8420904,-0.0009387818439658773,1.9078975635524653e-05,0.011744998006012794
1790847885.8620598,-0.0009387818439658773,1.9078975635524653e-05,0.011744998006012794
1790847885.882336,-0.0009387818439658773,1.9078975635524653e-05,0.011744998006012794
1790847885.9020321,-0.0009387818439658773,1.9078975635524653e-05,0.011744998006012794
1790847885.9221,-0.0009387818439658773,1.9078975635524653e-05,0.011744998006012794
1790847885.9421155,-0.0009387818439658773,1.9078975635524653e-05,0.011744998006012794
1790847885.9624307,-0.0009387818439658773,1.9078975635524653e-05,0.011744998006012794
1790847885.9821737,-0.0009387818439658773,1.9078975635524653e-05,0.011744998006012794
1790847886.0021627,-0.0009300927980256223,1.9181033155584382e-05,0.01179051736316224
1790847886.0221329,-0.0009300927980256223,1.9181033155584382e-05,0.01179051736316224
1790847886.0425599,-0.0009300927980256223,1.9181033155584382e-05,0.01179051736316224
1790847886.0620751,-0.0009300927980256223,1.9181033155584382e-05,0.01179051736316224
1790847886.0821898,-0.0009300927980256223,1.9181033155584382e-05,0.01179051736316224
1790847886.1020749,-0.0009387818393112827,1.907858011584508e-05,0.011744998006012794
1790847886.1221488,-0.0009387818393112827,1.907858011584508e-05,0.011744998006012794
1790847886.1421301,-0.0009387818393112827,1.907858011584508e-05,0.011744998006012794
1790847886.162131,-0.0009387818393112827,1.907858011584508e-05,0.011744998006012794
1790847886.182024,-0.0009300927933710277,1.918063763590481e-05,0.01179051736316224
1790847886.2019987,-0.0009300927933710277,1.918063763590481e-05,0.01179051736316224
1790847886.2225432,-0.0009300927933710277,1.918063763590481e-05,0.01179051736316224
1790847886.2434106,-0.0009300927933710277,1.918063763590481e-05,0.01179051736316224
1790847886.2622945,-0.0009300927933710277,1.918063763590481e-05,0.01179051736316224
1790847886.2826402,-0.000938781834656688,1.9078184596165508e-05,0.011744998006012794
1790847886.3036897,-0.000938781834656688,1.9078184596165508e-05,0.011744998006012794
1790847886.3225918,-0.000938781834656688,1.9078184596165508e-05,0.011744998006012794
1790847886.342271,-0.000938781834656688,1.9078184596165508e-05,0.011744998006012794
1790847886.3624094,-0.0009300927887164331,1.9180242116225238e-05,0.01179051736316224
1790847886.3826768,-0.0009300927887164331,1.9180242116225238e-05,0.01179051736316224
1790847886.4025013,-0.0009300927887164331,1.9180242116225238e-05,0.01179051736316224
1790847886.4226139,-0.0009300927887164331,1.9180242116225238e-05,0.01179051736316224
1790847886.4421563,-0.0009300927887164331,1.9180242116225238e-05,0.01179051736316224
1790847886.4625158,-0.0009300927887164331,1.9180242116225238e-05,0.01179051736316224
1790847886.4820495,-0.0009300927887164331,1.9180242116225238e-05,0.01179051736316224
1790847886.5022137,-0.0009300927887164331,1.9180242116225238e-05,0.01179051736316224
1790847886.5224392,-0.0009300927887164331,1.9180242116225238e-05,0.01179051736316224
1790847886.542574,-0.0009300927887164331,1.9180242116225238e-05,0.01179051736316224
1790847886.5622659,-0.0009387818300020934,1.9077789076485935e-05,0.011744998006012794
1790847886.5824857,-0.0009387818300020934,1.9077789076485935e-05,0.011744998006012794
1790847886.602474,-0.0009387818300020934,1.9077789076485935e-05,0.011744998006012794
1790847886.622684,-0.0009387818300020934,1.9077789076485935e-05,0.011744998006012794
1790847886.6427157,-0.0009387818300020934,1.9077789076485935e-05,0.011744998006012794
1790847886.6625075,-0.0009387818300020934,1.9077789076485935e-05,0.011744998006012794
1790847886.6825135,-0.0009387818300020934,1.9077789076485935e-05,0.011744998006012794
1790847886.7025273,-0.0009387818300020934,1.9077789076485935e-05,0.011744998006012794
1790847886.7221463,-0.0009387818300020934,1.9077789076485935e-05,0.011744998006012794
1790847886.7425714,-0.0009387818300020934,1.9077789076485935e-05,0.011744998006012794
1790847886.7623549,-0.0009387818300020934,1.9077789076485935e-05,0.011744998006012794
1790847886.7826495,-0.0009387818300020934,1.9077789076485935e-05,0.011744998006012794
1790847886.8022087,-0.0009387818300020934,1.9077789076485935e-05,0.011744998006012794
1790847886.8225842,-0.0009387818300020934,1.9077789076485935e-05,0.011744998006012794
1790847886.8426273,-0.0009387818300020934,1.9077789076485935e-05,0.011744998006012794
1790847886.8624887,-0.0009387818300020934,1.9077789076485935e-05,0.011744998006012794
1790847886.882137,-0.0009387818300020934,1.9077789076485935e-05,0.011744998006012794
1790847886.9023728,-0.0009387818300020934,1.9077789076485935e-05,0.011744998006012794
1790847886.9225383,-0.0009300927840618384,1.9179846596545665e-05,0.01179051736316224
1790847886.9420002,-0.0009300927840618384,1.9179846596545665e-05,0.01179051736316224
1790847886.9624817,-0.0009300927840618384,1.9179846596545665e-05,0.01179051736316224
1790847886.9820926,-0.0009387818253474988,1.9077393556806363e-05,0.011744998006012794
1790847887.0024714,-0.0009387818253474988,1.9077393556806363e-05,0.011744998006012794
1790847887.022142,-0.0009300927794072438,1.9179451076866093e-05,0.01179051736316224
1790847887.0421383,-0.0009300927794072438,1.9179451076866093e-05,0.01179051736316224
1790847887.0620847,-0.0009300927794072438,1.9179451076866093e-05,0.01179051736316224
1790847887.0821154,-0.0009300927794072438,1.9179451076866093e-05,0.01179051736316224
1790847887.1026363,-0.0009300927794072438,1.9179451076866093e-05,0.01179051736316224
1790847887.122564,-0.0009300927794072438,1.9179451076866093e-05,0.01179051736316224
1790847887.1422503,-0.0009300927794072438,1.9179451076866093e-05,0.01179051736316224
1790847887.162372,-0.0009300927794072438,1.9179451076866093e-05,0.01179051736316224
1790847887.1825657,-0.0009300927794072438,1.9179451076866093e-05,0.01179051736316224
1790847887.2021077,-0.0009300927794072438,1.9179451076866093e-05,0.01179051736316224
1790847887.222063,-0.0009300927794072438,1.9179451076866093e-05,0.01179051736316224
1790847887.2426734,-0.0009300927794072438,1.9179451076866093e-05,0.01179051736316224
1790847887.2627194,-0.0009300927794072438,1.9179451076866093e-05,0.01179051736316224
1790847887.2821963,-0.0009300927794072438,1.9179451076866093e-05,0.01179051736316224
1790847887.3021605,-0.0009300927794072438,1.9179451076866093e-05,0.01179051736316224
1790847887.3225107,-0.0009300927794072438,1.9179451076866093e-05,0.01179051736316224
1790847887.3421843,-0.0009300927794072438,1.9179451076866093e-05,0.01179051736316224
1790847887.362551,-0.0009300927794072438,1.9179451076866093e-05,0.01179051736316224
1790847887.3824575,-0.0009300927794072438,1.9179451076866093e-05,0.01179051736316224
1790847887.4025564,-0.0009300927794072438,1.9179451076866093e-05,0.01179051736316224
1790847887.4220328,-0.0009300927794072438,1.9179451076866093e-05,0.01179051736316224
1790847887.442626,-0.0009300927794072438,1.9179451076866093e-05,0.01179051736316224
1790847887.462604,-0.0009300927794072438,1.9179451076866093e-05,0.01179051736316224
1790847887.4823337,-0.0009300927794072438,1.9179451076866093e-05,0.01179051736316224
1790847887.5024593,-0.0009300927794072438,1.9179451076866093e-05,0.01179051736316224
1790847887.5225065,-0.0009300927794072438,1.9179451076866093e-05,0.01179051736316224
1790847887.5422075,-0.0009300927794072438,1.9179451076866093e-05,0.01179051736316224
1790847887.5625477,-0.0009300927794072438,1.9179451076866093e-05,0.01179051736316224
1790847887.582138,-0.0009300927794072438,1.9179451076866093e-05,0.01179051736316224
1790847887.6025696,-0.0009300927794072438,1.9179451076866093e-05,0.01179051736316224
1790847887.6226718,-0.0009387818206929041,1.907699803712679e-05,0.011744998006012794
1790847887.6427147,-0.0009387818206929041,1.907699803712679e-05,0.011744998006012794
1790847887.6623092,-0.0009387818206929041,1.907699803712679e-05,0.011744998006012794
1790847887.6822245,-0.0009300927747526492,1.917905555718652e-05,0.01179051736316224
1790847887.70253,-0.0009300927747526492,1.917905555718652e-05,0.01179051736316224
1790847887.7221885,-0.0009300927747526492,1.917905555718652e-05,0.01179051736316224
1790847887.7423348,-0.0009300927747526492,1.917905555718652e-05,0.01179051736316224
1790847887.7627575,-0.0009300927747526492,1.917905555718652e-05,0.01179051736316224
1790847887.782587,-0.0009300927747526492,1.917905555718652e-05,0.01179051736316224
1790847887.80258,-0.0009300927747526492,1.917905555718652e-05,0.01179051736316224
1790847887.8223526,-0.0009387818160383095,1.9076602517447218e-05,0.011744998006012794
1790847887.8425326,-0.0009387818160383095,1.9076602517447218e-05,0.011744998006012794
1790847887.8625052,-0.0009387818160383095,1.9076602517447218e-05,0.011744998006012794
1790847887.882377,-0.0009387818160383095,1.9076602517447218e-05,0.011744998006012794
1790847887.9021342,-0.0009387818160383095,1.9076602517447218e-05,0.011744998006012794
1790847887.9225764,-0.0009387818160383095,1.9076602517447218e-05,0.011744998006012794
1790847887.9424915,-0.0009387818160383095,1.9076602517447218e-05,0.011744998006012794
1790847887.9624822,-0.0009387818160383095,1.9076602517447218e-05,0.011744998006012794
1790847887.9820752,-0.0009387818160383095,1.9076602517447218e-05,0.011744998006012794
1790847888.002552,-0.0009387818160383095,1.9076602517447218e-05,0.011744998006012794
1790847888.0221207,-0.0009387818160383095,1.9076602517447218e-05,0.011744998006012794
1790847888.0421407,-0.0009387818160383095,1.9076602517447218e-05,0.011744998006012794
1790847888.0620708,-0.0009387818160383095,1.9076602517447218e-05,0.011744998006012794
1790847888.0820963,-0.0009387818160383095,1.9076602517447218e-05,0.011744998006012794
1790847888.1024718,-0.0009387818160383095,1.9076602517447218e-05,0.011744998006012794
1790847888.1225095,-0.0009387818160383095,1.9076602517447218e-05,0.011744998006012794
1790847888.1425326,-0.0009387818160383095,1.9076602517447218e-05,0.011744998006012794
1790847888.1624,-0.0009387818160383095,1.9076602517447218e-05,0.011744998006012794
1790847888.182242,-0.0009387818160383095,1.9076602517447218e-05,0.011744998006012794
1790847888.2026916,-0.0009387818160383095,1.9076602517447218e-05,0.011744998006012794
1790847888.222656,-0.0009387818160383095,1.9076602517447218e-05,0.011744998006012794
1790847888.242644,-0.0009300927700980545,1.9178660037506948e-05,0.01179051736316224
1790847888.2626047,-0.0009300927700980545,1.9178660037506948e-05,0.01179051736316224
1790847888.2824552,-0.0009300927700980545,1.9178660037506948e-05,0.01179051736316224
1790847888.3020604,-0.0009387818113837149,1.9076206997767646e-05,0.011744998006012794
1790847888.3222847,-0.0009387818113837149,1.9076206997767646e-05,0.011744998006012794
1790847888.3420978,-0.0009387818113837149,1.9076206997767646e-05,0.011744998006012794
1790847888.3620687,-0.0009387818113837149,1.9076206997767646e-05,0.011744998006012794
1790847888.3822546,-0.0009387818113837149,1.9076206997767646e-05,0.011744998006012794
1790847888.402872,-0.0009300927654434599,1.9178264517827376e-05,0.01179051736316224
1790847888.4223776,-0.0009300927654434599,1.9178264517827376e-05,0.01179051736316224
1790847888.4421961,-0.0009300927654434599,1.9178264517827376e-05,0.01179051736316224
1790847888.4621487,-0.0009300927654434599,1.9178264517827376e-05,0.01179051736316224
1790847888.4821587,-0.0009387818067291202,1.9075811478088074e-05,0.011744998006012794
1790847888.5022745,-0.0009387818067291202,1.9075811478088074e-05,0.011744998006012794
1790847888.5225775,-0.0009387818067291202,1.9075811478088074e-05,0.011744998006012794
1790847888.5421147,-0.0009387818067291202,1.9075811478088074e-05,0.011744998006012794
1790847888.5623572,-0.0009387818067291202,1.9075811478088074e-05,0.011744998006012794
1790847888.5824304,-0.0009387818067291202,1.9075811478088074e-05,0.011744998006012794
1790847888.602485,-0.0009387818067291202,1.9075811478088074e-05,0.011744998006012794
1790847888.6220598,-0.0009387818067291202,1.9075811478088074e-05,0.011744998006012794
1790847888.642115,-0.0009387818067291202,1.9075811478088074e-05,0.011744998006012794
1790847888.6620235,-0.0009387818067291202,1.9075811478088074e-05,0.011744998006012794
1790847888.6821609,-0.0009387818067291202,1.9075811478088074e-05,0.011744998006012794
1790847888.7021103,-0.0009387818067291202,1.9075811478088074e-05,0.011744998006012794
1790847888.7220702,-0.0009387818067291202,1.9075811478088074e-05,0.011744998006012794
1790847888.7420466,-0.0009387818067291202,1.9075811478088074e-05,0.011744998006012794
1790847888.7620122,-0.0009387818067291202,1.9075811478088074e-05,0.011744998006012794
1790847888.782139,-0.0009387818067291202,1.9075811478088074e-05,0.011744998006012794
1790847888.8023405,-0.0009387818067291202,1.9075811478088074e-05,0.011744998006012794
1790847888.8222919,-0.0009474708526693752,1.8973753958028344e-05,0.011699478648863346
1790847888.842702,-0.0009474708526693752,1.8973753958028344e-05,0.011699478648863346
1790847888.8622167,-0.0009474708526693752,1.8973753958028344e-05,0.011699478648863346
1790847888.882228,-0.0009387818020925295,1.9075415958197034e-05,0.011744998006012794
1790847888.9026837,-0.0009387818020925295,1.9075415958197034e-05,0.011744998006012794
1790847888.9225187,-0.0009387818020925295,1.9075415958197034e-05,0.011744998006012794
1790847888.9432206,-0.0009387818020925295,1.9075415958197034e-05,0.011744998006012794
1790847888.9636402,-0.0009387818020925295,1.9075415958197034e-05,0.011744998006012794
1790847888.9824939,-0.0009387818020925295,1.9075415958197034e-05,0.011744998006012794
1790847889.0024416,-0.0009387818020925295,1.9075415958197034e-05,0.011744998006012794
1790847889.022265,-0.0009387818020925295,1.9075415958197034e-05,0.011744998006012794
1790847889.0425074,-0.0009387818020925295,1.9075415958197034e-05,0.011744998006012794
1790847889.0621521,-0.0009387818020925295,1.9075415958197034e-05,0.011744998006012794
1790847889.082511,-0.0009387818020925295,1.9075415958197034e-05,0.011744998006012794
1790847889.102136,-0.0009387818020925295,1.9075415958197034e-05,0.011744998006012794
1790847889.122252,-0.0009387818020925295,1.9075415958197034e-05,0.011744998006012794
1790847889.1423705,-0.0009387818020925295,1.9075415958197034e-05,0.011744998006012794
1790847889.1622827,-0.0009387818020925295,1.9075415958197034e-05,0.011744998006012794
1790847889.1823661,-0.0009474708480327845,1.8973358438137305e-05,0.011699478648863346
1790847889.2023323,-0.0009474708480327845,1.8973358438137305e-05,0.011699478648863346
1790847889.2222025,-0.0009474708480327845,1.8973358438137305e-05,0.011699478648863346
1790847889.2426121,-0.0009474708480327845,1.8973358438137305e-05,0.011699478648863346
1790847889.262483,-0.0009474708480327845,1.8973358438137305e-05,0.011699478648863346
1790847889.2824342,-0.0009474708480327845,1.8973358438137305e-05,0.011699478648863346
1790847889.3024602,-0.0009474708480327845,1.8973358438137305e-05,0.011699478648863346
1790847889.3221626,-0.0009474708480327845,1.8973358438137305e-05,0.011699478648863346
1790847889.3425071,-0.0009474708480327845,1.8973358438137305e-05,0.011699478648863346
1790847889.3621206,-0.0009474708480327845,1.8973358438137305e-05,0.011699478648863346
1790847889.3821628,-0.0009474708480327845,1.8973358438137305e-05,0.011699478648863346
1790847889.4025002,-0.0009474708480327845,1.8973358438137305e-05,0.011699478648863346
1790847889.4225354,-0.0009474708480327845,1.8973358438137305e-05,0.011699478648863346
1790847889.4421465,-0.0009474708480327845,1.8973358438137305e-05,0.011699478648863346
1790847889.462306,-0.0009474708480327845,1.8973358438137305e-05,0.011699478648863346
1790847889.4824426,-0.0009474708480327845,1.8973358438137305e-05,0.011699478648863346
1790847889.5021522,-0.0009474708480327845,1.8973358438137305e-05,0.011699478648863346
1790847889.5224795,-0.0009474708480327845,1.8973358438137305e-05,0.011699478648863346
1790847889.5426056,-0.0009474708480327845,1.8973358438137305e-05,0.011699478648863346
1790847889.562009,-0.0009474708480327845,1.8973358438137305e-05,0.011699478648863346
1790847889.582131,-0.0009474708480327845,1.8973358438137305e-05,0.011699478648863346
1790847889.602288,-0.0009474708480327845,1.8973358438137305e-05,0.011699478648863346
1790847889.6225953,-0.0009474708480327845,1.8973358438137305e-05,0.011699478648863346
1790847889.6423182,-0.0009474708480327845,1.8973358438137305e-05,0.011699478648863346
1790847889.6622317,-0.0009474708480327845,1.8973358438137305e-05,0.011699478648863346
1790847889.6821685,-0.0009474708480327845,1.8973358438137305e-05,0.011699478648863346
1790847889.7024033,-0.0009474708480327845,1.8973358438137305e-05,0.011699478648863346
1790847889.722528,-0.0009474708480327845,1.8973358438137305e-05,0.011699478648863346
1790847889.7425032,-0.0009474708480327845,1.8973358438137305e-05,0.011699478648863346
1790847889.7622807,-0.0009474708480327845,1.8973358438137305e-05,0.011699478648863346
1790847889.7824767,-0.0009474708480327845,1.8973358438137305e-05,0.011699478648863346
1790847889.8021278,-0.0009474708480327845,1.8973358438137305e-05,0.011699478648863346
1790847889.822027,-0.0009474708480327845,1.8973358438137305e-05,0.011699478648863346
1790847889.8420975,-0.0009474708480327845,1.8973358438137305e-05,0.011699478648863346
1790847889.8621416,-0.0009474708480327845,1.8973358438137305e-05,0.011699478648863346
1790847889.8820732,-0.0009474708480327845,1.8973358438137305e-05,0.011699478648863346
1790847889.9020894,-0.0009474708480327845,1.8973358438137305e-05,0.011699478648863346
1790847889.9220426,-0.0009474708480327845,1.8973358438137305e-05,0.011699478648863346
1790847889.9421024,-0.0009474708480327845,1.8973358438137305e-05,0.011699478648863346
1790847889.9622996,-0.0009474708480327845,1.8973358438137305e-05,0.011699478648863346
1790847889.9820688,-0.0009474708480327845,1.8973358438137305e-05,0.011699478648863346
1790847890.0019925,-0.0009474708480327845,1.8973358438137305e-05,0.011699478648863346
1790847890.0220265,-0.0009474708480327845,1.8973358438137305e-05,0.011699478648863346
1790847890.0420048,-0.0009474708480327845,1.8973358438137305e-05,0.011699478648863346
1790847890.0620368,-0.0009474708480327845,1.8973358438137305e-05,0.011699478648863346
1790847890.0824378,-0.0009474708480327845,1.8973358438137305e-05,0.011699478648863346
1790847890.1024468,-0.0009474708480327845,1.8973358438137305e-05,0.011699478648863346
1790847890.122407,-0.0009474708480327845,1.8973358438137305e-05,0.011699478648863346
1790847890.142095,-0.0009474708480327845,1.8973358438137305e-05,0.011699478648863346
1790847890.1625435,-0.0009474708480327845,1.8973358438137305e-05,0.011699478648863346
1790847890.182512,-0.0009474708480327845,1.8973358438137305e-05,0.011699478648863346
1790847890.20244,-0.0009474708480327845,1.8973358438137305e-05,0.011699478648863346
1790847890.2225735,-0.0009474708480327845,1.8973358438137305e-05,0.011699478648863346
1790847890.2422004,-0.0009474708480327845,1.8973358438137305e-05,0.011699478648863346
1790847890.262282,-0.0009474708480327845,1.8973358438137305e-05,0.011699478648863346
1790847890.28248,-0.0009474708480327845,1.8973358438137305e-05,0.011699478648863346
1790847890.3021524,-0.0009474708480327845,1.8973358438137305e-05,0.011699478648863346
1790847890.3224,-0.0009474708480327845,1.8973358438137305e-05,0.011699478648863346
1790847890.342441,-0.0009474708480327845,1.8973358438137305e-05,0.011699478648863346
1790847890.3625114,-0.0009474708480327845,1.8973358438137305e-05,0.011699478648863346
1790847890.3824956,-0.0009474708480327845,1.8973358438137305e-05,0.011699478648863346
1790847890.402059,-0.0009474708480327845,1.8973358438137305e-05,0.011699478648863346
1790847890.4225605,-0.0009474708480327845,1.8973358438137305e-05,0.011699478648863346
1790847890.4425359,-0.0009474708480327845,1.8973358438137305e-05,0.011699478648863346
1790847890.4626188,-0.0009474708480327845,1.8973358438137305e-05,0.011699478648863346
1790847890.4826522,-0.0009474708480327845,1.8973358438137305e-05,0.011699478648863346
1790847890.5024946,-0.0009474708480327845,1.8973358438137305e-05,0.011699478648863346
1790847890.5224512,-0.0009474708480327845,1.8973358438137305e-05,0.011699478648863346
1790847890.5426505,-0.0009474708480327845,1.8973358438137305e-05,0.011699478648863346
1790847890.5624275,-0.0009474708480327845,1.8973358438137305e-05,0.011699478648863346
1790847890.5825417,-0.0009474708480327845,1.8973358438137305e-05,0.011699478648863346
1790847890.6025429,-0.0009474708480327845,1.8973358438137305e-05,0.011699478648863346
1790847890.6224065,-0.0009474708480327845,1.8973358438137305e-05,0.011699478648863346
1790847890.642721,-0.0009474708480327845,1.8973358438137305e-05,0.011699478648863346
1790847890.66257,-0.0009474708480327845,1.8973358438137305e-05,0.011699478648863346
1790847890.6825962,-0.0009474708480327845,1.8973358438137305e-05,0.011699478648863346
1790847890.702054,-0.0009474708480327845,1.8973358438137305e-05,0.011699478648863346
1790847890.7225597,-0.0009474708480327845,1.8973358438137305e-05,0.011699478648863346
1790847890.7425914,-0.0009474708480327845,1.8973358438137305e-05,0.011699478648863346
1790847890.7624986,-0.0009474708480327845,1.8973358438137305e-05,0.011699478648863346
1790847890.782515,-0.0009474708480327845,1.8973358438137305e-05,0.011699478648863346
1790847890.8023374,-0.0009474708480327845,1.8973358438137305e-05,0.011699478648863346
1790847890.8225424,-0.0009474708480327845,1.8973358438137305e-05,0.011699478648863346
1790847890.8426049,-0.0009474708480327845,1.8973358438137305e-05,0.011699478648863346
1790847890.8624957,-0.0009474708480327845,1.8973358438137305e-05,0.011699478648863346
1790847890.882627,-0.0009474708480327845,1.8973358438137305e-05,0.011699478648863346
1790847890.9023597,-0.0009474708480327845,1.8973358438137305e-05,0.011699478648863346
1790847890.922496,-0.0009474708480327845,1.8973358438137305e-05,0.011699478648863346
1790847890.9424899,-0.0009474708480327845,1.8973358438137305e-05,0.011699478648863346
1790847890.9624696,-0.0009474708480327845,1.8973358438137305e-05,0.011699478648863346
1790847890.9825463,-0.0009474708480327845,1.8973358438137305e-05,0.011699478648863346
1790847891.0020666,-0.0009474708480327845,1.8973358438137305e-05,0.011699478648863346
1790847891.0226536,-0.0009474708480327845,1.8973358438137305e-05,0.011699478648863346
1790847891.042596,-0.0009474708480327845,1.8973358438137305e-05,0.011699478648863346
1790847891.0622146,-0.0009474708480327845,1.8973358438137305e-05,0.011699478648863346
1790847891.0825982,-0.0009474708480327845,1.8973358438137305e-05,0.011699478648863346
1790847891.1021745,-0.0009474708480327845,1.8973358438137305e-05,0.011699478648863346
1790847891.1225271,-0.0009474708480327845,1.8973358438137305e-05,0.011699478648863346
1790847891.1426008,-0.0009474708480327845,1.8973358438137305e-05,0.011699478648863346
1790847891.1625123,-0.0009474708480327845,1.8973358438137305e-05,0.011699478648863346
1790847891.1825588,-0.0009474708480327845,1.8973358438137305e-05,0.011699478648863346
1790847891.2021112,-0.0009474708480327845,1.8973358438137305e-05,0.011699478648863346
1790847891.222498,-0.0009474708480327845,1.8973358438137305e-05,0.011699478648863346
1790847891.2425153,-0.0009474708480327845,1.8973358438137305e-05,0.011699478648863346
1790847891.262105,-0.0009474708480327845,1.8973358438137305e-05,0.011699478648863346
1790847891.2826047,-0.0009474708480327845,1.8973358438137305e-05,0.011699478648863346
1790847891.3023438,-0.0009474708480327845,1.8973358438137305e-05,0.011699478648863346
1790847891.3226292,-0.0009474708480327845,1.8973358438137305e-05,0.011699478648863346
1790847891.3421097,-0.0009474708480327845,1.8973358438137305e-05,0.011699478648863346
1790847891.3621967,-0.0009474708480327845,1.8973358438137305e-05,0.011699478648863346
1790847891.3825653,-0.0009474708480327845,1.8973358438137305e-05,0.011699478648863346
1790847891.4024045,-0.0009474708480327845,1.8973358438137305e-05,0.011699478648863346
1790847891.4222665,-0.0009474708480327845,1.8973358438137305e-05,0.011699478648863346
1790847891.4426372,-0.0009474708480327845,1.8973358438137305e-05,0.011699478648863346
1790847891.4624774,-0.0009474708480327845,1.8973358438137305e-05,0.011699478648863346
1790847891.482555,-0.0009474708480327845,1.8973358438137305e-05,0.011699478648863346
1790847891.5024164,-0.0009474708480327845,1.8973358438137305e-05,0.011699478648863346
1790847891.5222387,-0.0009474708480327845,1.8973358438137305e-05,0.011699478648863346
1790847891.5421708,-0.0009474708480327845,1.8973358438137305e-05,0.011699478648863346
1790847891.5624776,-0.0009474708480327845,1.8973358438137305e-05,0.011699478648863346
1790847891.5822043,-0.0009474708480327845,1.8973358438137305e-05,0.011699478648863346
1790847891.602201,-0.0009474708480327845,1.8973358438137305e-05,0.011699478648863346
1790847891.6226091,-0.0009474708480327845,1.8973358438137305e-05,0.011699478648863346
1790847891.6422646,-0.0009474708480327845,1.8973358438137305e-05,0.011699478648863346
1790847891.6621253,-0.0009474708480327845,1.8973358438137305e-05,0.011699478648863346
1790847891.6820633,-0.0009474708480327845,1.8973358438137305e-05,0.011699478648863346
1790847891.702139,-0.0009474708480327845,1.8973358438137305e-05,0.011699478648863346
1790847891.7226622,-0.0009474708480327845,1.8973358438137305e-05,0.011699478648863346
1790847891.7421117,-0.0009474708480327845,1.8973358438137305e-05,0.011699478648863346
1790847891.7625792,-0.0009474708480327845,1.8973358438137305e-05,0.011699478648863346
1790847891.7824357,-0.0009474708480327845,1.8973358438137305e-05,0.011699478648863346
1790847891.8021095,-0.0009474708480327845,1.8973358438137305e-05,0.011699478648863346
1790847891.8221974,-0.0009474708480327845,1.8973358438137305e-05,0.011699478648863346
1790847891.8420997,-0.0009474708480327845,1.8973358438137305e-05,0.011699478648863346
1790847891.8621182,-0.0009474708480327845,1.8973358438137305e-05,0.011699478648863346
1790847891.8821058,-0.0009474708480327845,1.8973358438137305e-05,0.011699478648863346
1790847891.9024944,-0.0009474708480327845,1.8973358438137305e-05,0.011699478648863346
1790847891.9227216,-0.0009474708480327845,1.8973358438137305e-05,0.011699478648863346
1790847891.942654,-0.0009474708480327845,1.8973358438137305e-05,0.011699478648863346
1790847891.962662,-0.0009474708480327845,1.8973358438137305e-05,0.011699478648863346
1790847891.9826603,-0.0009474708480327845,1.8973358438137305e-05,0.011699478648863346
1790847892.0027416,-0.0009474708480327845,1.8973358438137305e-05,0.011699478648863346
1790847892.0226808,-0.0009474708480327845,1.8973358438137305e-05,0.011699478648863346
1790847892.0427034,-0.0009474708480327845,1.8973358438137305e-05,0.011699478648863346
1790847892.063043,-0.0009474708480327845,1.8973358438137305e-05,0.011699478648863346
1790847892.0825112,-0.0009474708480327845,1.8973358438137305e-05,0.011699478648863346
1790847892.1021075,-0.0009474708480327845,1.8973358438137305e-05,0.011699478648863346
1790847892.122552,-0.0009474708480327845,1.8973358438137305e-05,0.011699478648863346
1790847892.1424806,-0.0009474708480327845,1.8973358438137305e-05,0.011699478648863346
1790847892.1623685,-0.0009474708480327845,1.8973358438137305e-05,0.011699478648863346
1790847892.1823022,-0.0009474708480327845,1.8973358438137305e-05,0.011699478648863346
1790847892.2024438,-0.0009474708480327845,1.8973358438137305e-05,0.011699478648863346
1790847892.222502,-0.0009474708480327845,1.8973358438137305e-05,0.011699478648863346
1790847892.242262,-0.0009474708480327845,1.8973358438137305e-05,0.011699478648863346
1790847892.2624705,-0.0009474708480327845,1.8973358438137305e-05,0.011699478648863346
1790847892.2824512,-0.0009474708480327845,1.8973358438137305e-05,0.011699478648863346
1790847892.3025022,-0.0009474708480327845,1.8973358438137305e-05,0.011699478648863346
1790847892.3224568,-0.0009474708480327845,1.8973358438137305e-05,0.011699478648863346
1790847892.343149,-0.0009474708480327845,1.8973358438137305e-05,0.011699478648863346
1790847892.362678,-0.0009474708480327845,1.8973358438137305e-05,0.011699478648863346
1790847892.382221,-0.0009474708480327845,1.8973358438137305e-05,0.011699478648863346
1790847892.4024184,-0.0009474708480327845,1.8973358438137305e-05,0.011699478648863346
1790847892.4225543,-0.0009474708480327845,1.8973358438137305e-05,0.011699478648863346
1790847892.4421432,-0.0009474708480327845,1.8973358438137305e-05,0.011699478648863346
1790847892.4624062,-0.0009474708480327845,1.8973358438137305e-05,0.011699478648863346
1790847892.4824271,-0.0009474708480327845,1.8973358438137305e-05,0.011699478648863346
1790847892.502429,-0.0009474708480327845,1.8973358438137305e-05,0.011699478648863346
1790847892.52244,-0.0009474708480327845,1.8973358438137305e-05,0.011699478648863346
1790847892.542634,-0.0009474708480327845,1.8973358438137305e-05,0.011699478648863346
1790847892.5627255,-0.0009474708480327845,1.8973358438137305e-05,0.011699478648863346
1790847892.5824442,-0.0009474708480327845,1.8973358438137305e-05,0.011699478648863346
1790847892.602364,-0.0009474708480327845,1.8973358438137305e-05,0.011699478648863346
1790847892.622506,-0.0009474708480327845,1.8973358438137305e-05,0.011699478648863346
1790847892.6421661,-0.0009474708480327845,1.8973358438137305e-05,0.011699478648863346
1790847892.662567,-0.0009474708480327845,1.8973358438137305e-05,0.011699478648863346
1790847892.6825762,-0.0009474708480327845,1.8973358438137305e-05,0.011699478648863346
1790847892.70293,-0.0009474708480327845,1.8973358438137305e-05,0.011699478648863346
1790847892.7226257,-0.0009474708480327845,1.8973358438137305e-05,0.011699478648863346
1790847892.7421145,-0.0009474708480327845,1.8973358438137305e-05,0.011699478648863346
1790847892.7620943,-0.0009474708480327845,1.8973358438137305e-05,0.011699478648863346
1790847892.7821858,-0.0009474708480327845,1.8973358438137305e-05,0.011699478648863346
1790847892.8021963,-0.0009474708480327845,1.8973358438137305e-05,0.011699478648863346
1790847892.8222568,-0.0009474708480327845,1.8973358438137305e-05,0.011699478648863346
1790847892.8422923,-0.0009474708480327845,1.8973358438137305e-05,0.011699478648863346
1790847892.8619864,-0.0009474708480327845,1.8973358438137305e-05,0.011699478648863346
1790847892.8824441,-0.0009474708480327845,1.8973358438137305e-05,0.011699478648863346
1790847892.902502,-0.0009474708480327845,1.8973358438137305e-05,0.011699478648863346
1790847892.922115,-0.0009474708480327845,1.8973358438137305e-05,0.011699478648863346
1790847892.9426541,-0.0009474708480327845,1.8973358438137305e-05,0.011699478648863346
1790847892.9625452,-0.0009474708480327845,1.8973358438137305e-05,0.011699478648863346
1790847892.98235,-0.0009474708480327845,1.8973358438137305e-05,0.011699478648863346
1790847893.0023057,-0.0009474708480327845,1.8973358438137305e-05,0.011699478648863346
1790847893.022554,-0.0009474708480327845,1.8973358438137305e-05,0.011699478648863346
1790847893.0424852,-0.0009474708480327845,1.8973358438137305e-05,0.011699478648863346
1790847893.0624022,-0.0009474708480327845,1.8973358438137305e-05,0.011699478648863346
1790847893.0824823,-0.0009474708480327845,1.8973358438137305e-05,0.011699478648863346
1790847893.102342,-0.0009474708480327845,1.8973358438137305e-05,0.011699478648863346
1790847893.12249,-0.0009474708480327845,1.8973358438137305e-05,0.011699478648863346
1790847893.1426258,-0.0009474708480327845,1.8973358438137305e-05,0.011699478648863346
1790847893.1621854,-0.0009474708480327845,1.8973358438137305e-05,0.011699478648863346
1790847893.182132,-0.0009474708480327845,1.8973358438137305e-05,0.011699478648863346
1790847893.2021918,-0.0009474708480327845,1.8973358438137305e-05,0.011699478648863346
1790847893.2220147,-0.0009474708480327845,1.8973358438137305e-05,0.011699478648863346
1790847893.2426295,-0.0009474708480327845,1.8973358438137305e-05,0.011699478648863346
1790847893.2626328,-0.0009474708480327845,1.8973358438137305e-05,0.011699478648863346
1790847893.2820306,-0.0009474708480327845,1.8973358438137305e-05,0.011699478648863346
1790847893.3025286,-0.0009474708480327845,1.8973358438137305e-05,0.011699478648863346
1790847893.3226538,-0.0009474708480327845,1.8973358438137305e-05,0.011699478648863346
1790847893.3421564,-0.0009474708480327845,1.8973358438137305e-05,0.011699478648863346
1790847893.3627033,-0.0009474708480327845,1.8973358438137305e-05,0.011699478648863346
1790847893.382106,-0.0009474708480327845,1.8973358438137305e-05,0.011699478648863346
1790847893.4021428,-0.0009474708480327845,1.8973358438137305e-05,0.011699478648863346
1790847893.4220984,-0.0009474708480327845,1.8973358438137305e-05,0.011699478648863346
1790847893.4420986,-0.0009474708480327845,1.8973358438137305e-05,0.011699478648863346
1790847893.4621542,-0.0009474708480327845,1.8973358438137305e-05,0.011699478648863346
1790847893.4824405,-0.0009474708480327845,1.8973358438137305e-05,0.011699478648863346
1790847893.502623,-0.0009474708480327845,1.8973358438137305e-05,0.011699478648863346
1790847893.5224614,-0.0009474708480327845,1.8973358438137305e-05,0.011699478648863346
1790847893.542545,-0.0009474708480327845,1.8973358438137305e-05,0.011699478648863346
1790847893.5626402,-0.0009474708480327845,1.8973358438137305e-05,0.011699478648863346
1790847893.5825245,-0.0009474708480327845,1.8973358438137305e-05,0.011699478648863346
1790847893.6022816,-0.0009474708480327845,1.8973358438137305e-05,0.011699478648863346
1790847893.622703,-0.0009474708480327845,1.8973358438137305e-05,0.011699478648863346
1790847893.6425683,-0.0009474708480327845,1.8973358438137305e-05,0.011699478648863346
1790847893.662243,-0.0009474708480327845,1.8973358438137305e-05,0.011699478648863346
1790847893.6821258,-0.0009474708480327845,1.8973358438137305e-05,0.011699478648863346
1790847893.7025435,-0.0009474708480327845,1.8973358438137305e-05,0.011699478648863346
1790847893.722064,-0.0009561598986096301,1.8871696437968614e-05,0.011653959291713901
1790847893.742447,-0.0009561598986096301,1.8871696437968614e-05,0.011653959291713901
1790847893.7624578,-0.0009561598986096301,1.8871696437968614e-05,0.011653959291713901
1790847893.782117,-0.0009561598986096301,1.8871696437968614e-05,0.011653959291713901
1790847893.8024237,-0.0009561598986096301,1.8871696437968614e-05,0.011653959291713901
1790847893.8222284,-0.0009561598986096301,1.8871696437968614e-05,0.011653959291713901
1790847893.84243,-0.0009561598986096301,1.8871696437968614e-05,0.011653959291713901
1790847893.8623872,-0.0009561598986096301,1.8871696437968614e-05,0.011653959291713901
1790847893.8823197,-0.0009561598986096301,1.8871696437968614e-05,0.011653959291713901
1790847893.902452,-0.0009561598986096301,1.8871696437968614e-05,0.011653959291713901
1790847893.9222686,-0.0009561598986096301,1.8871696437968614e-05,0.011653959291713901
1790847893.9425566,-0.0009561598986096301,1.8871696437968614e-05,0.011653959291713901
1790847893.9622722,-0.0009561598986096301,1.8871696437968614e-05,0.011653959291713901
1790847893.9821098,-0.0009561598986096301,1.8871696437968614e-05,0.011653959291713901
1790847894.0020914,-0.0009561598986096301,1.8871696437968614e-05,0.011653959291713901
1790847894.022577,-0.0009561598986096301,1.8871696437968614e-05,0.011653959291713901
1790847894.0425832,-0.0009561598986096301,1.8871696437968614e-05,0.011653959291713901
1790847894.0624495,-0.0009561598986096301,1.8871696437968614e-05,0.011653959291713901
1790847894.0821102,-0.0009561598986096301,1.8871696437968614e-05,0.011653959291713901
1790847894.1025527,-0.0009561598986096301,1.8871696437968614e-05,0.011653959291713901
1790847894.1225362,-0.0009561598986096301,1.8871696437968614e-05,0.011653959291713901
1790847894.1421325,-0.0009561598986096301,1.8871696437968614e-05,0.011653959291713901
1790847894.1621077,-0.0009561598986096301,1.8871696437968614e-05,0.011653959291713901
1790847894.1825383,-0.0009561598986096301,1.8871696437968614e-05,0.011653959291713901
1790847894.2023778,-0.0009561598986096301,1.8871696437968614e-05,0.011653959291713901
1790847894.2225223,-0.0009561598986096301,1.8871696437968614e-05,0.011653959291713901
1790847894.2421637,-0.0009561598986096301,1.8871696437968614e-05,0.011653959291713901
1790847894.2620647,-0.0009561598986096301,1.8871696437968614e-05,0.011653959291713901
1790847894.28217,-0.0009561598986096301,1.8871696437968614e-05,0.011653959291713901
1790847894.302782,-0.0009561598986096301,1.8871696437968614e-05,0.011653959291713901
1790847894.322355,-0.0009561598986096301,1.8871696437968614e-05,0.011653959291713901
1790847894.342503,-0.0009561598986096301,1.8871696437968614e-05,0.011653959291713901
1790847894.3625312,-0.0009561598986096301,1.8871696437968614e-05,0.011653959291713901
1790847894.3825238,-0.0009561598986096301,1.8871696437968614e-05,0.011653959291713901
1790847894.4021647,-0.0009561598986096301,1.8871696437968614e-05,0.011653959291713901
1790847894.422714,-0.0009561598986096301,1.8871696437968614e-05,0.011653959291713901
1790847894.442544,-0.0009561598986096301,1.8871696437968614e-05,0.011653959291713901
1790847894.4627395,-0.0009561598986096301,1.8871696437968614e-05,0.011653959291713901
1790847894.4825857,-0.0009561598986096301,1.8871696437968614e-05,0.011653959291713901
1790847894.502452,-0.0009561598986096301,1.8871696437968614e-05,0.011653959291713901
1790847894.522177,-0.0009561598986096301,1.8871696437968614e-05,0.011653959291713901
1790847894.5426211,-0.0009561598986096301,1.8871696437968614e-05,0.011653959291713901
1790847894.5623543,-0.0009561598986096301,1.8871696437968614e-05,0.011653959291713901
1790847894.5824702,-0.0009561598986096301,1.8871696437968614e-05,0.011653959291713901
1790847894.602413,-0.0009561598986096301,1.8871696437968614e-05,0.011653959291713901
1790847894.6220818,-0.0009561598986096301,1.8871696437968614e-05,0.011653959291713901
1790847894.6421645,-0.0009561598986096301,1.8871696437968614e-05,0.011653959291713901
1790847894.662158,-0.0009561598986096301,1.8871696437968614e-05,0.011653959291713901
1790847894.6825705,-0.0009561598986096301,1.8871696437968614e-05,0.011653959291713901
1790847894.7022274,-0.0009561598986096301,1.8871696437968614e-05,0.011653959291713901
1790847894.7222002,-0.0009561598986096301,1.8871696437968614e-05,0.011653959291713901
1790847894.7425268,-0.0009561598986096301,1.8871696437968614e-05,0.011653959291713901
1790847894.7623758,-0.0009561598986096301,1.8871696437968614e-05,0.011653959291713901
1790847894.7825737,-0.0009561598986096301,1.8871696437968614e-05,0.011653959291713901
1790847894.80226,-0.0009561598986096301,1.8871696437968614e-05,0.011653959291713901
1790847894.8221655,-0.0009561598986096301,1.8871696437968614e-05,0.011653959291713901
1790847894.8425903,-0.0009561598986096301,1.8871696437968614e-05,0.011653959291713901
1790847894.8624485,-0.0009561598986096301,1.8871696437968614e-05,0.011653959291713901
1790847894.8822522,-0.0009561598986096301,1.8871696437968614e-05,0.011653959291713901
1790847894.9024625,-0.0009561598986096301,1.8871696437968614e-05,0.011653959291713901
1790847894.9223824,-0.0009561598986096301,1.8871696437968614e-05,0.011653959291713901
1790847894.9425194,-0.0009561598986096301,1.8871696437968614e-05,0.011653959291713901
1790847894.962507,-0.0009561598986096301,1.8871696437968614e-05,0.011653959291713901
1790847894.9825466,-0.0009561598986096301,1.8871696437968614e-05,0.011653959291713901
1790847895.0024247,-0.0009561598986096301,1.8871696437968614e-05,0.011653959291713901
1790847895.0226293,-0.0009561598986096301,1.8871696437968614e-05,0.011653959291713901
1790847895.0425267,-0.0009561598986096301,1.8871696437968614e-05,0.011653959291713901
1790847895.0623865,-0.0009561598986096301,1.8871696437968614e-05,0.011653959291713901
1790847895.0824554,-0.0009561598986096301,1.8871696437968614e-05,0.011653959291713901
1790847895.1020763,-0.0009561598986096301,1.8871696437968614e-05,0.011653959291713901
1790847895.1224189,-0.0009561598986096301,1.8871696437968614e-05,0.011653959291713901
1790847895.1426067,-0.0009561598986096301,1.8871696437968614e-05,0.011653959291713901
1790847895.162451,-0.0009561598986096301,1.8871696437968614e-05,0.011653959291713901
1790847895.182444,-0.0009561598986096301,1.8871696437968614e-05,0.011653959291713901
1790847895.2025352,-0.0009561598986096301,1.8871696437968614e-05,0.011653959291713901
1790847895.222191,-0.0009561598986096301,1.8871696437968614e-05,0.011653959291713901
1790847895.2426333,-0.0009561598986096301,1.8871696437968614e-05,0.011653959291713901
1790847895.2622006,-0.0009561598986096301,1.8871696437968614e-05,0.011653959291713901
1790847895.2822134,-0.0009561598986096301,1.8871696437968614e-05,0.011653959291713901
1790847895.302214,0.0,0.0,0.0
1790847895.3225238,7.8213090532652e-05,-3.5609246837587475e-09,-0.00013659098493868686
1790847895.342606,0.0002346371729243433,-4.035786098358026e-08,-0.00022768455505482559
1790847895.3622599,0.00048664944868742236,-8.112971741017239e-08,-1.5359628828710836e-07
1790847895.3824863,0.0008863961660263533,-3.373853119989078e-08,9.076443521266986e-05
1790847895.4024575,0.0012774616058322653,-1.0744786378317651e-07,-0.0005921904894807643
1790847895.4221473,0.0017380461575337994,-4.818955780734668e-07,-0.0010930789567398583
1790847895.442729,0.00225945497515633,-1.009540231896964e-06,-0.0010021993243109746
1790847895.4625187,0.002902526102002929,-1.6536790208083435e-06,-0.0009113580909541619
1790847895.4825158,0.0036846430136266532,-2.4246925127054266e-06,-0.0010936933418929965
1790847895.5023835,0.004631872399932632,-3.4837219747176475e-06,-0.0012305586059179056
1790847895.5224855,0.005796357201309338,-4.9860789400315366e-06,-0.001504058739535295
1790847895.5426774,0.00715202400649905,-7.090177781911088e-06,-0.001686575014671036
1790847895.562419,0.008716261535194446,-1.0297147375749123e-05,-0.0025975107158324132
1790847895.5823722,0.010445608334161586,-1.5473497469115996e-05,-0.0035540206299604815
1790847895.6026096,0.01290492507730957,-2.590199705239694e-05,-0.005421202937327153
1790847895.6221802,0.01450390289237434,-3.533385360517184e-05,-0.006696326409174449
1790847895.642634,0.01741504782029015,-5.779386554054537e-05,-0.00892782814118843
1790847895.6621175,0.01934419545602938,-7.583752426339031e-05,-0.01020305583908849
1790847895.6826606,0.022733175068099958,-0.00011372628002387437,-0.012480230524540201
1790847895.7025173,0.024870792657201993,-0.00014135126177955318,-0.013755524049420957
1790847895.7222002,0.028546366852174855,-0.00019497544518957055,-0.015896222947150193
1790847895.7422452,0.031544088009576365,-0.00024407589080074115,-0.01721731010826662
1790847895.7620418,0.03461125145591364,-0.0002982903546812772,-0.018356330811948707
1790847895.7827709,0.03773048406451262,-0.00035680985473701167,-0.01931327957261473
1790847895.8025305,0.0409452396177266,-0.000419601462960431,-0.019860559604517453
1790847895.8226705,0.04419471269922383,-0.0004848110974111502,-0.0202257622078224
1790847895.8422067,0.04750498508684676,-0.0005521873942661135,-0.020545461910723067
1790847895.86213,0.05083261573436049,-0.0006207179762170868,-0.020683078699444222
1790847895.8821692,0.05339566533980304,-0.0006738539190753904,-0.02072940992268889
1790847895.902199,0.057748500913952575,-0.0007642991877199696,-0.020776306160851167
1790847895.9226248,0.061258573054883095,-0.0008371579433594089,-0.020777414248359508
1790847895.942703,0.06477733348250206,-0.0009101216118905245,-0.02064195877883778
1790847895.9626837,0.06831347795439198,-0.0009830860509376037,-0.02050650879489778
1790847895.9825861,0.07185832865376975,-0.001055227193217233,-0.02014345105404709
1790847896.002552,0.07545533386794717,-0.0011271201065641842,-0.019598321370180347
1790847896.0224981,0.07902631196619946,-0.0011965827871773262,-0.01909870555788132
1790847896.0425403,0.08260601843024719,-0.0012641061346213359,-0.018553570388432847
1790847896.0626957,0.0852995086248876,-0.0013137197145205645,-0.018099199654197047
1790847896.0825932,0.0898002933506576,-0.0013939683930364927,-0.017463311020699354
1790847896.102114,0.09339748035325962,-0.0014562249688901694,-0.017100269736593846
1790847896.1226695,0.09696861938638963,-0.0015169758337597017,-0.016782742324056053
1790847896.142514,0.10052239999973797,-0.0015763426194811048,-0.016556253625817155
1790847896.162428,0.1041022628103082,-0.0016352519030057007,-0.016375295255891157
1790847896.1824965,0.1068045430634348,-0.001679341092293133,-0.01614853776414776
1790847896.2025707,0.11133153790448679,-0.001751709777280902,-0.0157402678587242
1790847896.222166,0.11499834008921504,-0.0018087619694931562,-0.01528620431706497
1790847896.242183,0.11869123354774064,-0.001864626031852187,-0.014786626903838015
1790847896.2621765,0.12241022207243042,-0.0019190702678888475,-0.014332579818923961
1790847896.282443,0.12612923717861388,-0.0019717404770776227,-0.013969576933890523
1790847896.3026447,0.1298569586572863,-0.002023353354990265,-0.013652098891588253
1790847896.3225875,0.1335760050971064,-0.002073919274027047,-0.013471184406316046
1790847896.3421583,0.1372429271431583,-0.0021228211648520318,-0.013199209264418053
1790847896.3620746,0.1409011696823221,-0.0021708206752191184,-0.012881709279788888
1790847896.3820655,0.14455073834262086,-0.0022175475403943897,-0.012609728652309169
1790847896.402561,0.14817425367125614,-0.002262707779870054,-0.012292217696516554
1790847896.4221509,0.15179778066392458,-0.0023069232053902324,-0.011974706740723939
1790847896.4420443,0.15542132109118093,-0.002350111944019988,-0.011748239984811943
1790847896.4624074,0.15901880298478976,-0.00239217654719123,-0.011567287100467663
1790847896.482991,0.16263367058987446,-0.002433788843405273,-0.011295295501824494
1790847896.5021846,0.16625723872132256,-0.002474680266867533,-0.011159872945793115
1790847896.522518,0.16988081436943417,-0.0025147099089681403,-0.0108423619900005
1790847896.5422213,0.17351309185059102,-0.0025537643493762853,-0.010570375876939056
1790847896.5624907,0.1771801390257449,-0.0025921540118721267,-0.010298400735041058
1790847896.5826843,0.1808471981775355,-0.002629587883718611,-0.010208513992904301
1790847896.6021512,0.1844794996729728,-0.0026663419825963728,-0.009936527879842857
1790847896.6226397,0.18812918958008146,-0.002702692681820612,-0.009937679852004989
1790847896.6421075,0.1917875717194976,-0.002738718977478557,-0.009802268267137055
1790847896.6624875,0.1954459562777076,-0.002774499098358596,-0.009666856682269126
1790847896.6826003,0.19908696677791982,-0.0028096565599894357,-0.009622483811700085
1790847896.7021966,0.2027453604915837,-0.0028444874194766393,-0.009487072226832155
1790847896.7222183,0.20641244698180947,-0.002879029151245691,-0.009306141284814778
1790847896.742475,0.2100621582833394,-0.0029131641768594995,-0.009307293256976913
1790847896.762503,0.21372056204818207,-0.0029469230370336007,-0.009171881672108983
1790847896.782618,0.21741372738953468,-0.002980629159712398,-0.008945436858523882
1790847896.8021476,0.22108083229248526,-0.003013393151508847,-0.008946594316267738
1790847896.8221374,0.22474793875390695,-0.0030457444286650748,-0.00876566337425036
1790847896.8424482,0.22841504916689326,-0.0030777660909063636,-0.008675776632113599
1790847896.862176,0.2320908528053095,-0.0031095339290358997,-0.008631414732708011
1790847896.8822284,0.23575796855122855,-0.003140938678578853,-0.008541527990571248
1790847896.9021077,0.2394250849723053,-0.003172264600900212,-0.008451641248434491
1790847896.9225419,0.24310089492757808,-0.0032034162491762956,-0.008498323548909517
1790847896.942448,0.24675932408528556,-0.0032343014018395813,-0.008362911964041587
1790847896.9623706,0.250435136439013,-0.003265169225234557,-0.008409594264516615
1790847896.9823735,0.25411963774459334,-0.0032961559323646116,-0.008410757207842198
1790847897.0021145,0.25781282868709626,-0.0033273046807571548,-0.00845744499389895
1790847897.0222645,0.2614973277930889,-0.0033585519525914714,-0.00845860793722453
1790847897.0426426,0.26519051866307225,-0.003389709301034071,-0.008505295723281285
1790847897.0625412,0.26886632838198254,-0.0034206408177698626,-0.008369889623995078
1790847897.0823765,0.2725247600990577,-0.003451346073240054,-0.008325522239007765
1790847897.1022,0.2762266440808415,-0.0034819996000107194,-0.008235646468034454
1790847897.1222286,0.2799024620269997,-0.0035120661353524817,-0.008191284568628865
1790847897.142484,0.28357828091897014,-0.003541887314784592,-0.008055878469342657
1790847897.1626227,0.2872714836621167,-0.003571473432117265,-0.008011522055518795
1790847897.1821241,0.29099075820137077,-0.003600935303847885,-0.007921651770127207
1790847897.202261,0.29469265359450214,-0.003630178401234612,-0.007831775999153894
1790847897.2221472,0.2983945516009278,-0.00365908878784883,-0.007741900228180584
1790847897.242191,0.3021225227038168,-0.003687697423540872,-0.00760651058563955
1790847897.262571,0.3058678773971518,-0.0037158041845257077,-0.007380082228799624
1790847897.282352,0.3095697878483288,-0.003742788068036297,-0.007108118058065075
1790847897.3022559,0.31330646590414307,-0.0037689248508212974,-0.006836164858493978
1790847897.3221936,0.31703445949343945,-0.003794281522339186,-0.006609731016072326
1790847897.3424273,0.32071901004062275,-0.003818721635427581,-0.006610893959397908
1790847897.362296,0.32440356194795955,-0.0038429555815262554,-0.00661205690272349
1790847897.3824673,0.3280881124318825,-0.003867404659879445,-0.006613219846049071
1790847897.4025471,0.3317900439685641,-0.0038918036667965764,-0.0066143882749563785
1790847897.4222229,0.33550066585040844,-0.003915800446547005,-0.006387948946953002
1790847897.4421902,0.3392373606834366,-0.003939417471808688,-0.006115995747381905
1790847897.4623044,0.3429479933467149,-0.003961860808393528,-0.005980600619259147
1790847897.482321,0.34664993962082435,-0.003983371571871884,-0.005708636448524602
1790847897.5021458,0.3503692702734778,-0.004004227156323606,-0.0054366777633717825
1790847897.522647,0.35408860743808984,-0.004024281700233106,-0.005346807477980194
1790847897.5426328,0.35775580699176557,-0.004043557006452451,-0.005256920735843435
1790847897.5626173,0.3614577676119615,-0.0040628500088471875,-0.005167044964870124
1790847897.5825946,0.36511628081613406,-0.004081671596225563,-0.005213721779763427
1790847897.602342,0.3687661023669195,-0.004100454062570816,-0.005123829552044942
1790847897.6226063,0.37245068516622126,-0.004119418480414301,-0.005124992495370525
1790847897.642573,0.3761352681574051,-0.00413834525072262,-0.005126155438696109
1790847897.6621988,0.3798111624454841,-0.004157065606473738,-0.005172837739171137
1790847897.6822996,0.38348705376534314,-0.004175956759534289,-0.00503743163988493
1790847897.7024536,0.38721508921407116,-0.004194780616275078,-0.005084130397105133
1790847897.722446,0.39090836378211097,-0.004213349418378639,-0.005039773983281267
1790847897.7429216,0.39459294774631287,-0.004231879114926045,-0.004949892726726232
1790847897.762163,0.398329674790356,-0.004250334196271078,-0.004951072126796987
1790847897.7821417,0.40206640221427786,-0.004268496591366236,-0.004861207326987126
1790847897.8022046,0.4057596789730057,-0.004286410197820975,-0.004725806713282642
1790847897.8220768,0.4094877203383852,-0.004304243204822851,-0.004863549670383461
1790847897.8423283,0.41321575895658275,-0.004321992366737916,-0.004728160027842428
1790847897.8620055,0.4169437991969868,-0.004339621705076752,-0.004683814585182014
1790847897.8819754,0.420689220168919,-0.004357208680178717,-0.004639474628103322
1790847897.901991,0.4244520222020739,-0.0043744538868217,-0.0045040959567257365
1790847897.9220388,0.4282235159836548,-0.0043914867665527406,-0.004414242128079322
1790847897.9420016,0.4319863225846456,-0.004408183938981363,-0.004460951856462974
1790847897.9620159,0.43576650884828505,-0.004424834556520853,-0.00441662287054773
1790847897.983028,0.43955538551216766,-0.004441571194851996,-0.00441781872736366
1790847898.0027,0.4433355717433393,-0.0044582300520998154,-0.004373489741448416
1790847898.0221913,0.4470896886019176,-0.004474692745451976,-0.004374674627100896
1790847898.042489,0.45084380562716125,-0.004491117558823816,-0.004375859512753375
1790847898.0624814,0.45454578248764144,-0.004507233956806287,-0.004377027941660682
1790847898.0824628,0.45823906994456903,-0.00452327549644191,-0.004423715727717434
1790847898.1024902,0.4619149762964524,-0.0045394548952228855,-0.004470398028192462
1790847898.1221943,0.46553874169046794,-0.004555740493552527,-0.004608108071802934
1790847898.1425822,0.46914512418599585,-0.004572319608483634,-0.004654768429951065
1790847898.1626084,0.47276019515880413,-0.004589394262030527,-0.004746953630830367
1790847898.1824145,0.4763578848551581,-0.004606841500132954,-0.00493017754600856
1790847898.2023363,0.47996426142206666,-0.004624664402716623,-0.004976837904156692
1790847898.2221568,0.4835880170735508,-0.0046429897381069,-0.005114547947767165
1790847898.2422783,0.48722046055559937,-0.0046616935909894975,-0.0052067386342281915
1790847898.262599,0.4908442121596373,-0.004680603990010012,-0.005253404477958046
1790847898.28221,0.49447665173898236,-0.004699854553658492,-0.005254550964538452
1790847898.3029335,0.49813516338504743,-0.004719372895034089,-0.005483316179192992
1790847898.3224673,0.5017936700876485,-0.0047392257606989376,-0.005438948794205677
1790847898.3422093,0.5054521766705973,-0.004759293310096472,-0.00548562560909898
1790847898.362596,0.5091019926749805,-0.004779316611753048,-0.005486777581261111
1790847898.3825655,0.5127344282078318,-0.004799124916298715,-0.005396879867960902
1790847898.4025376,0.5163581749408345,-0.004818559763331698,-0.005261457311929523
1790847898.4224885,0.5199645450047571,-0.004837454350630365,-0.005217073470197036
1790847898.4421005,0.5235796056385115,-0.004856193864972661,-0.005127170271315103
1790847898.4626255,0.5271685983053882,-0.004874678816485657,-0.005173825143881509
1790847898.4821265,0.5307749712602203,-0.004893420759056047,-0.005311529701910258
1790847898.5021305,0.5343726512475377,-0.004912572401672024,-0.005403709417207837
1790847898.5225725,0.5379877084139599,-0.004932355711824956,-0.005495894618087139
1790847898.5423558,0.5415940746813938,-0.004952342229642212,-0.005633599176115889
1790847898.5625005,0.5452265083183931,-0.00497268306848307,-0.005634745662696298
1790847898.582425,0.5488415604722193,-0.004993178553425057,-0.005635886663694983
1790847898.6024742,0.5524826836821252,-0.005013743231345344,-0.005682557993006563
1790847898.6230426,0.5561151157445211,-0.005034178039207723,-0.005592660279706355
1790847898.6422114,0.5597823087156905,-0.005054855361594374,-0.005593817737450211
1790847898.6624916,0.5634668827563752,-0.005075636940651482,-0.005686024880656411
1790847898.6820304,0.5671514552609878,-0.005096505872347591,-0.005687187823981993
1790847898.7024975,0.5708620969814934,-0.005117948689345144,-0.005824925295501089
1790847898.7220962,0.5745727374599289,-0.005139605909636299,-0.005962662767020184
1790847898.742486,0.5782746845777937,-0.005161513520353265,-0.005963831195927491
1790847898.7624807,0.5819679406754363,-0.005183626406196741,-0.006010518981984243
1790847898.7821007,0.585661196790966,-0.005205910541641926,-0.006148250967921615
1790847898.8024569,0.5893283797537062,-0.00522829263006917,-0.006149408425665475
1790847898.8224456,0.5930303209042456,-0.005251186275461974,-0.00615057685457278
1790847898.8424737,0.5966975035819627,-0.005273785769975146,-0.006242778512197254
1790847898.8621297,0.6003559936311079,-0.005296501783544674,-0.00619841112720994
1790847898.8821845,0.6040144849705755,-0.005319347040245902,-0.00633613214198386
1790847898.9025626,0.607664284456997,-0.005342349923360535,-0.006428328314026612
1790847898.9224072,0.6112967023454658,-0.005365660643184248,-0.006611563200368257
1790847898.9420311,0.6149117337488275,-0.00538985115064939,-0.006794792601128176
1790847898.9624858,0.6185528318290017,-0.005414924332031681,-0.007114596530081609
1790847898.9824343,0.62215916178256,-0.00544078801913497,-0.007343345287990972
1790847899.0026865,0.6257741748304096,-0.005467582003204709,-0.0075265746887508925
1790847899.0226207,0.6294152524481634,-0.005495195438910501,-0.007664290217943089
1790847899.0423856,0.6330997761382416,-0.005523395318950514,-0.00766545316126867
1790847899.0624075,0.6367756083123667,-0.005551532455233169,-0.007530047061982464
1790847899.0820892,0.6404775144060302,-0.005579664505877605,-0.007622259690770387
1790847899.102689,0.6441707296370776,-0.00560764838724987,-0.007577903276946523
1790847899.12217,0.6478465648403283,-0.005635799974366506,-0.00771562977730217
1790847899.1421702,0.6514963279794898,-0.0056642546844940505,-0.007989914349106156
1790847899.1623042,0.6551808433798137,-0.005693780144775833,-0.008173165692192974
1790847899.182689,0.6588566622344073,-0.0057241182396940435,-0.008401936392429237
1790847899.2024107,0.6625064050090885,-0.005754951600391199,-0.008585176764352607
1790847899.222307,0.6661822118463904,-0.005786469491907111,-0.008631859064827633
1790847899.2421806,0.6698493260312991,-0.005818418238245011,-0.008815104922332725
1790847899.262979,0.6735164354247247,-0.00585091238215854,-0.008998350779837818
1790847899.2821808,0.6771922296054047,-0.005883989772834946,-0.009136077280193467
1790847899.302536,0.6808853968728067,-0.00591794306173239,-0.009273809266130837
1790847899.3225162,0.6845698708217144,-0.005952364783736048,-0.009548104809098274
1790847899.3424206,0.6882369553053473,-0.0059873396072461635,-0.009549262266842131
1790847899.363275,0.6919301075770793,-0.0060227777044247355,-0.009595950052898884
1790847899.3825161,0.6956580174749366,-0.006058808455155834,-0.009733693009999704
1790847899.4027653,0.6993511656220857,-0.006094674118295767,-0.009780380796056457
1790847899.4227023,0.7030703795739935,-0.006131095366056426,-0.009781554710545487
1790847899.4427607,0.7067982839827006,-0.00616768986698461,-0.009919297667646305
1790847899.4624376,0.7105088036293639,-0.006204540783513102,-0.009965990939284785
1790847899.4821215,0.7142366990996234,-0.006242034477048294,-0.010103733896385603
1790847899.5027041,0.717964591712796,-0.006279914692948642,-0.01033252105336704
1790847899.5221553,0.721675097558504,-0.006318129969777094,-0.010379214325005517
1790847899.5425522,0.7253769096217632,-0.006356598785704149,-0.010380382753912823
1790847899.5620608,0.7291134810596434,-0.006395473930698775,-0.010472606353864197
1790847899.5821025,0.7328500487458361,-0.0064346086165821695,-0.010473785753934954
1790847899.602131,0.7365605451612961,-0.0064737285976923355,-0.01052047902557343
1790847899.622131,0.7402710421359303,-0.006512894866326771,-0.010658216497092525
1790847899.6421735,0.7439989146971328,-0.006552503100006943,-0.010704915254312728
1790847899.6621165,0.747718094158807,-0.006592192766043897,-0.01061504496892114
1790847899.682043,0.7514372764137518,-0.006631718295421435,-0.010616218883410168
1790847899.702135,0.7551651503248754,-0.0066710006400272515,-0.01048082924086914
1790847899.7221386,0.7588582680994733,-0.006709668673393041,-0.010345428627164654
1790847899.742405,0.7625687728395113,-0.006747889506611015,-0.010301077698922514
1790847899.7625759,0.7662879682765185,-0.006785950235233009,-0.010120163213650309
1790847899.7824743,0.770015859691615,-0.006823638498200454,-0.010075817770989894
1790847899.8025541,0.7737437532176888,-0.00686111753735846,-0.010031472328329476
1790847899.8221078,0.7774803393069689,-0.006898348340362509,-0.009941607528519615
1790847899.842092,0.7811821659670746,-0.006935281066047181,-0.0098517317575463
1790847899.8622746,0.7848839980434363,-0.006971879525600988,-0.009943944386334226
1790847899.8822029,0.7885858283989224,-0.007008439963112562,-0.009854068615360917
1790847899.9033937,0.793200082456426,-0.007054123370268361,-0.009901047137249062
1790847899.9220488,0.795963421327363,-0.007081527346951629,-0.009992963544623866
1790847899.9421325,0.7996391809702592,-0.007118137678022034,-0.010039645845098897
1790847899.9621422,0.8033236260249994,-0.007155214525981916,-0.010040808788424477
1790847899.9821362,0.8069820029991259,-0.007192075027001405,-0.0101785298031984
1790847900.0024574,0.8115527956449828,-0.007238644364784016,-0.010271016711072547
1790847900.0223207,0.8143074332792419,-0.007267147972425628,-0.010408452475596797
1790847900.042537,0.817948415514051,-0.007305418988939596,-0.010637212204669611
1790847900.0621057,0.8225104958281672,-0.007354117818578183,-0.010775218469693204
1790847900.0821638,0.8252738086403746,-0.007383937404774162,-0.01077609067718739
1790847900.1023026,0.8298445715927305,-0.007433238445187767,-0.010777533385180919
1790847900.1225913,0.8325991955073517,-0.007462844573397809,-0.010732880749943934
1790847900.142214,0.8362662355350585,-0.007502205579878506,-0.010734038207687792
1790847900.162073,0.8408891399232792,-0.007551747558765682,-0.010735497372426493
1790847900.1822736,0.8445648710847923,-0.007591211476421664,-0.010873223872782138
1790847900.2020168,0.8473021125323675,-0.007621017221059316,-0.010919609951844047
1790847900.2219741,0.8519597641456483,-0.00767218001706715,-0.011103168487507436
1790847900.2421036,0.8546969991249431,-0.007702574035583243,-0.011149554566569343
1790847900.2624884,0.8583727113087732,-0.007743767586995815,-0.011287281066924986
1790847900.2825584,0.8629868970567351,-0.007795896034447649,-0.011334259588813135
1790847900.3025596,0.8666799816366748,-0.00783779896512621,-0.011380947374869888
1790847900.3221877,0.869443275786737,-0.007869208491671172,-0.011290775382483456
1790847900.3424468,0.8740487707332671,-0.007921297255676004,-0.011292229061640435
1790847900.3624632,0.8777592376138104,-0.007963031969877422,-0.011247878133398297
1790847900.3820946,0.8814783949753631,-0.008004741006331964,-0.01115800784800671
1790847900.4026668,0.8851714859299027,-0.008046078467110135,-0.011204695634063464
1790847900.4222372,0.8888645768451248,-0.008087419441757844,-0.011251383420120215
1790847900.4427564,0.8925489747313702,-0.008128919702683519,-0.011252546363445798
1790847900.4620352,0.895286204780099,-0.008159847219483807,-0.011389976642388323
1790847900.4819927,0.8998916960605329,-0.008212350935729078,-0.011482474521425921
1790847900.5021212,0.9035500150426061,-0.008254485936951397,-0.011529151336319224
1790847900.5225725,0.9071909524714149,-0.008296715921744507,-0.01166686686551142
1790847900.542588,0.910831887061682,-0.008339279611364445,-0.011895626594584235
1790847900.5623114,0.9135690970955153,-0.008371842764160253,-0.011942012673646144
1790847900.5821056,0.9181050408841532,-0.008426263895680675,-0.012125532810237458
1790847900.6022372,0.9217546460235795,-0.008470397217981363,-0.012217728982280211
1790847900.6222093,0.9253868649841591,-0.008514819204105739,-0.012218875468860618
1790847900.641998,0.9290190834574489,-0.008559451469671565,-0.012402110355202263
1790847900.6621695,0.9326252271917641,-0.008604138741023282,-0.012448770713350394
1790847900.6821015,0.936274814250063,-0.00864965901433321,-0.012449922685512527
1790847900.7019556,0.9399070217554973,-0.008695091318654036,-0.012542113371973555
1790847900.7221475,0.9435305381734524,-0.008740417583317445,-0.01249773501582279
1790847900.742582,0.9471627434943302,-0.008785857388974869,-0.012407837302522585
1790847900.7624915,0.950786263430765,-0.00883106935363132,-0.012545547346133059
1790847900.7824543,0.9543837127414857,-0.008875918395479902,-0.012455638661669398
1790847900.8022614,0.9579985414768984,-0.00892086498155564,-0.012274691262906846
1790847900.8224661,0.9615959978268876,-0.008965230935283189,-0.012275826778323807
1790847900.8425102,0.9651934566389052,-0.009009396862604584,-0.012276962293740767
1790847900.8629375,0.9687735373261893,-0.009053190106539013,-0.012187048123695383
1790847900.8821971,0.9723883806029027,-0.009097124273170899,-0.012188189124694068
1790847900.9023836,0.9760032232828953,-0.009141021412818615,-0.012098285925812132
1790847900.9219892,0.9796267575053667,-0.009184987489376968,-0.012144951769541988
1790847900.9419656,0.9832502901901146,-0.009229079940029656,-0.012191617613271843
1790847900.962975,0.9869172704515142,-0.009273748627598739,-0.012283819270896319
1790847900.9826021,0.9905842439951306,-0.009318880402264312,-0.012284976728640174
1790847901.002466,0.994268595463528,-0.009364483926274935,-0.01246822807172699
1790847901.0221438,0.9979442527204528,-0.00941023335662219,-0.01251491037220202
1790847901.0425549,1.0016285941953982,-0.00945647119633117,-0.012516073315527601
1790847901.0622342,1.0053129361126811,-0.009502840323026758,-0.012699324658614418
1790847901.082496,1.0090059621716185,-0.009549617586533575,-0.012746012444671172
1790847901.102521,1.0127250517985666,-0.009596983021794812,-0.012656142159279583
1790847901.122417,1.0164093861276944,-0.009643868987275029,-0.012748349302485786
1790847901.142047,1.0200850314953962,-0.009690563790473467,-0.012795031602960813
1790847901.162409,1.0237606698272173,-0.009737809129848743,-0.01284171390343584
1790847901.1824076,1.0274015487106682,-0.00978481645287163,-0.01297942943262804
1790847901.2020319,1.0310598021534234,-0.009832301954842169,-0.013026106247521341
1790847901.2221572,1.0346919834529218,-0.009879703245492377,-0.013027252734101751
1790847901.242305,1.0382894064633204,-0.009926695008012815,-0.013028388249518711
1790847901.2624807,1.041921588182187,-0.009974144552784767,-0.013120578935979737
1790847901.2827754,1.0455363844449432,-0.010021948536688027,-0.013303808336739657
1790847901.3024075,1.0491424836129135,-0.010070254153687926,-0.013532557094649027
1790847901.3229306,1.0527572621293748,-0.010119382007421043,-0.013715786495408942
1790847901.3423204,1.056398097297975,-0.010169736666184797,-0.013944546224481758
1790847901.3627949,1.0600736791282628,-0.010221413697769334,-0.01426436112459864
1790847901.3831491,1.063697111982613,-0.010273062775356194,-0.014311026968328495
1790847901.402362,1.0673379166710721,-0.010325502702806837,-0.014448742497520694
1790847901.4225745,1.0710047825439004,-0.01037873962466696,-0.014540944155145168
1790847901.4429822,1.074671647145211,-0.010432064252585797,-0.014633145812769643
1790847901.462579,1.0783298160014345,-0.010485600176364872,-0.01458877842778233
1790847901.4825828,1.0820227450625264,-0.010539565603568623,-0.014726510413719699
1790847901.5021985,1.0856982908572255,-0.01059353212054102,-0.014773192714194727
1790847901.5223916,1.0893825195429945,-0.010648091716388551,-0.014865399857400928
1790847901.5422766,1.093066742335088,-0.010703117615961677,-0.015048651200487744
1790847901.5623572,1.096785714268472,-0.010759173261230479,-0.015231913514738009
1790847901.5835593,1.1004786055364502,-0.010815597174110908,-0.01527860130079476
1790847901.6029565,1.1041714930188675,-0.010872403963473899,-0.015507377486612751
1790847901.622288,1.107855681050725,-0.010929710393245268,-0.01569062882969956
1790847901.6434724,1.1115485440633548,-0.010987954069338142,-0.01573731661575632
1790847901.6624684,1.114302985127373,-0.011031556004856618,-0.015965796580161187
1790847901.6824794,1.1189255651059382,-0.011105536295922716,-0.01614934414466113
1790847901.7026985,1.1225923364844028,-0.011164926347495602,-0.016241545802285602
1790847901.7225618,1.1262243470763273,-0.011224169447187165,-0.016515824888507863
1790847901.7420366,1.129865035521966,-0.011284139284644435,-0.016653540417700056
1790847901.7621086,1.1334622621231774,-0.011344503559358116,-0.01692780853275887
1790847901.782528,1.1370594723646619,-0.011405895985646149,-0.017293120847698303
1790847901.8021193,1.1406566628326635,-0.011468316504819503,-0.017476344762876496
1790847901.8220234,1.1442712169961393,-0.011531782111043661,-0.0175685299637558
1790847901.842215,1.1478857681960666,-0.011595416383633577,-0.017660715164635105
1790847901.8624554,1.1515176967267495,-0.011659195549074849,-0.017479773251454275
1790847901.8821137,1.1552104545734252,-0.011723583759563843,-0.017253328437869177
1790847901.9020877,1.1588945395960746,-0.011786986250548229,-0.017163447181314136
1790847901.9219608,1.162587321874704,-0.011849957153751147,-0.016937002367729038
1790847901.942039,1.1662974941179045,-0.011912507646366938,-0.016710563039725665
1790847901.962168,1.1699989902236438,-0.011974242898389244,-0.016620687268752345
1790847901.9820976,1.1736744271757265,-0.012035046422602832,-0.016485281169466143
1790847902.0021276,1.1773585570466427,-0.012095787053117195,-0.016395399912911102
1790847902.0220604,1.181034002521773,-0.012156264540242186,-0.016533126413266753
1790847902.0421276,1.1847181319075029,-0.012217097996980904,-0.01653428935659234
1790847902.0621378,1.188393569639024,-0.012277917824689752,-0.016489927457186745
1790847902.0821269,1.192103767063037,-0.012339147825689522,-0.01653662072882522
1790847902.1020632,1.1958052755887807,-0.012400197319909148,-0.016537789157732526
1790847902.122069,1.1994807155052722,-0.012460821543734412,-0.016402383058446324
1790847902.1419885,1.2031735395870897,-0.012521483583454973,-0.016449070844503075
1790847902.1621678,1.2068402977634403,-0.01258155533112126,-0.016359184102366316
1790847902.1820714,1.2105157484517544,-0.012641522706181579,-0.01622377800308011
1790847902.202272,1.214217274860969,-0.012701413399340052,-0.0161339022321068
1790847902.222133,1.2179188079643688,-0.012760888746105849,-0.016044026461133492
1790847902.2420719,1.2215942773668012,-0.012819698167442694,-0.01590862036184728
1790847902.2625062,1.2252784423073548,-0.012878273158037922,-0.015818739105292245
1790847902.2824593,1.228962613557384,-0.012936516236545246,-0.01581990204861783
1790847902.3021555,1.2326554703441723,-0.012995153444971002,-0.01586658983467458
1790847902.3220372,1.2363048812748667,-0.013053230154246972,-0.016049830206597948
1790847902.342206,1.2399716628569921,-0.013111921454909331,-0.016050987664341806
1790847902.3625963,1.2436297498421864,-0.013170851309605953,-0.01609766447923511
1790847902.3823981,1.247270457970364,-0.013229549112239334,-0.01614433580854669
1790847902.4029844,1.2509459212289649,-0.013288936114762864,-0.016282062308902334
1790847902.422864,1.2546300637327163,-0.013348970003950852,-0.016283225252227918
1790847902.4424815,1.2582794474589607,-0.013408731727397379,-0.016466465624151286
1790847902.4627893,1.2619462018935035,-0.013469158805906364,-0.01655866728177576
1790847902.4827728,1.2656390132852542,-0.013530651138015075,-0.016696399267713137
1790847902.5093768,1.2693057533867846,-0.013592004405989178,-0.01687964512521823
1790847902.527319,1.2729724857084947,-0.013653696508991826,-0.016880802582962085
1790847902.5475144,1.276673970170495,-0.013716188095588137,-0.01688197101186939
1790847902.5672894,1.28036676685567,-0.013778495380913594,-0.016928658797926138
1790847902.584396,1.2840421859746898,-0.013840429663180064,-0.016884296898520553
1790847902.6030269,1.2877523586363089,-0.013903080111932028,-0.01683994597027842
1790847902.6224291,1.2914886035416167,-0.013965878080080346,-0.016841125370349173
1790847902.6472101,1.295207472252977,-0.014028220813618444,-0.016751255084957582
1790847902.665404,1.2989524097117373,-0.01409091841052099,-0.01670691512787889
1790847902.6822476,1.302679970946209,-0.01415328736012075,-0.01675361388509909
1790847902.7027285,1.3064249117837663,-0.014215782572386742,-0.0167092739280204
1790847902.7221332,1.3101437844677462,-0.014277888112769626,-0.016619403642628813
1790847902.7427394,1.313862660596839,-0.014339912617190562,-0.01671162175699846
1790847902.76281,1.3176249827211923,-0.014402495539747158,-0.016667287285501493
1790847902.7827353,1.3213873040856645,-0.014465124462500499,-0.016622952814004527
1790847902.8023677,1.3251148726686304,-0.014527052677738482,-0.016669651571224728
1790847902.8222013,1.3288337527491736,-0.014588713421329658,-0.016579781285833137
1790847902.8424113,1.3325091897901598,-0.014649575065450268,-0.016535419386427552
1790847902.8622222,1.336175937292513,-0.014710421107197396,-0.016627621044052028
1790847902.8824887,1.3398513717684561,-0.014771500527893222,-0.016674303344527054
1790847902.9025261,1.3434572885974372,-0.014831715690887185,-0.016629919502794573
1790847902.9225354,1.3470718986293644,-0.0148919153530704,-0.01672210470367387
1790847902.9425294,1.3506951956206044,-0.014952222882785075,-0.01658668214764249
1790847902.9622123,1.3543011193775782,-0.015011958319678588,-0.016451254106029385
1790847902.9821472,1.357898362438641,-0.015071143559565292,-0.01645238962144634
1790847903.0024235,1.3615303644208945,-0.015130657158174316,-0.016362491908146135
1790847903.0221632,1.3651710541568816,-0.015190484850037862,-0.016409163237457714
1790847903.042439,1.3687856773809526,-0.01524988735414164,-0.016501348438337015
1790847903.0621333,1.3724176740978045,-0.015309784865239809,-0.016502494924917423
1790847903.0821607,1.3760409788408468,-0.015369751588561647,-0.016549160768647275
1790847903.102414,1.3796382157688556,-0.015429371707582335,-0.016641340483944857
1790847903.1224253,1.3832441393404227,-0.015489181638221647,-0.01659695664221237
1790847903.1424115,1.3868674394435994,-0.01554936522147811,-0.016552578286061603
1790847903.1621563,1.3904733669599572,-0.015608936959164184,-0.01650819444432912
1790847903.1820357,1.394070611237619,-0.01566791998065215,-0.016327241559984846
1790847903.2020004,1.3976765510463869,-0.015726678360706216,-0.01619181351837174
1790847903.222163,1.4012738115738796,-0.015784727397250547,-0.016101904833908085
1790847903.2425435,1.4048710779701292,-0.01584241147646233,-0.016011996149444426
1790847903.2624402,1.408477038100916,-0.015899909292334025,-0.015876568107831324
1790847903.2825255,1.4120830048258022,-0.01595712447624533,-0.015923228465979454
1790847903.302099,1.415715037515485,-0.01601479962887053,-0.015924374952559862
1790847903.3226583,1.41933837990251,-0.01607238129127512,-0.0158799965964091
1790847903.342721,1.422979102059113,-0.016130202376240185,-0.01592666792572068
1790847903.3627002,1.42663719898328,-0.016188512120606412,-0.015973344740613984
1790847903.3825295,1.430303981441004,-0.01624721410282534,-0.016065546398238456
1790847903.4024804,1.4339794489554036,-0.016306271550595827,-0.01611222869871349
1790847903.4220438,1.4376549137547472,-0.01636549820463436,-0.01615891099918851
1790847903.4424002,1.4413390615953343,-0.016425203377727838,-0.0161600739425141
1790847903.4620652,1.4450232113822943,-0.01648478863503036,-0.016161236885839685
1790847903.4822314,1.4487073638069348,-0.016544210466420076,-0.016162399829165265
1790847903.5020924,1.4523915147240745,-0.016603595807438393,-0.01598147437272961
1790847903.5221634,1.4560669852354973,-0.016662466869927686,-0.01602815667320464
1790847903.5421667,1.4597424572789293,-0.016721176446745558,-0.015983794773799048
1790847903.5621634,1.4634179302465231,-0.01677976251045181,-0.01584838867451284
1790847903.5821614,1.4670673440969628,-0.016837523569608246,-0.015849540646674973
1790847903.6022284,1.4707254497477198,-0.01689521652666815,-0.01580517326168766
1790847903.6221616,1.4743401075398166,-0.01695247696057485,-0.015897358462566964
1790847903.6421802,1.4779373845128385,-0.01700962976083873,-0.01598953817786454
1790847903.6623223,1.4815433473749655,-0.017067087764111193,-0.016036198536012673
1790847903.6825044,1.485131926805147,-0.01712460064301404,-0.016082853408579078
1790847903.7021837,1.4887378820223922,-0.017182601628126293,-0.016220557966607832
1790847903.722101,1.492317763888517,-0.017240471370578155,-0.016221687996443065
1790847903.742071,1.4959497758814198,-0.01729943542644905,-0.016222834483023477
1790847903.7620296,1.499590477703966,-0.01735858776668438,-0.01636055001221567
1790847903.782071,1.5032137949990616,-0.01741779138417916,-0.016407215855945526
1790847903.8020973,1.5068718600604099,-0.01747806667163323,-0.01645389267083883
1790847903.8222065,1.51055599010518,-0.017538986788147283,-0.01663714401392564
1790847903.8421352,1.5142140460671154,-0.017599812049034907,-0.016683820828818953
1790847903.8623707,1.5178894732685662,-0.01766126492846864,-0.01663945892941336
1790847903.8829408,1.5215649024492688,-0.01772272448022766,-0.016777185429769012
1790847903.902472,1.5252403274043018,-0.017784311669660383,-0.01673282353036342
1790847903.9224317,1.5289157512365628,-0.017846028131144734,-0.016779505830838447
1790847903.942195,1.5326085528899767,-0.01790804049191334,-0.016826193616895198
1790847903.9624875,1.5363274218253924,-0.0179703696233053,-0.016736323331503614
1790847903.982679,1.5400115359449238,-0.01803212057773364,-0.016737486274829193
1790847904.0025504,1.5437130303700735,-0.01809408169809718,-0.016829698903617126
1790847904.0226026,1.5474058327735614,-0.01815598669518428,-0.01678534248979326
1790847904.042474,1.5510899438854135,-0.018217917055206194,-0.016786505433118843
1790847904.062601,1.5547653686236482,-0.018279579653259034,-0.016833187733593862
1790847904.082765,1.5584581715405612,-0.018341454024741567,-0.016788831319770003
1790847904.1021783,1.5621249052598214,-0.018403063118384987,-0.01678998877751386
1790847904.1227453,1.565791638854446,-0.01846480385478045,-0.016973234635018954
1790847904.142584,1.5694670534292532,-0.018527069302385325,-0.017019916935493984
1790847904.1626241,1.573168525169013,-0.018590370510649136,-0.017112129564281906
1790847904.1826603,1.576861303025057,-0.018653905496491985,-0.017340905750099896
1790847904.2028797,1.5814837769943146,-0.01873411645132698,-0.0173423649148386
1790847904.2225873,1.5842555220065881,-0.01878227457157789,-0.017297717765183334
1790847904.2425663,1.5879135348275988,-0.018845641223985465,-0.017344394580076642
1790847904.2632089,1.592518637712533,-0.018925106031989852,-0.017254804059353004
1790847904.2825394,1.5953077679833223,-0.018973068975393304,-0.017119118195398846
1790847904.3026145,1.5989918617987016,-0.019036019759683356,-0.01712028113872443
1790847904.3221793,1.6026846464485849,-0.01909891315411831,-0.01698488052501995
1790847904.3426619,1.6064295702958762,-0.019162356698956873,-0.01684949636806064
1790847904.3622549,1.6101658138843118,-0.019225233067942687,-0.016850675768131394
1790847904.382121,1.6138846816682444,-0.019287693607949616,-0.016851849682620424
1790847904.4021158,1.6176035483318008,-0.019350158496037304,-0.01676197939722884
1790847904.4224453,1.6213397966915777,-0.019412750598226804,-0.016763158797299598
1790847904.4421854,1.625076048161126,-0.019475093944112908,-0.016673293997489732
1790847904.4622915,1.629742021414097,-0.01955273131391795,-0.016538200576361815
1790847904.4825146,1.6325398720548217,-0.0195991347751951,-0.01663012795490007
1790847904.502214,1.637205852855178,-0.019676316796198405,-0.016495034533772154
1790847904.5221686,1.639995017729318,-0.019722287220239887,-0.016450392869698623
1790847904.542215,1.643713909170149,-0.019783259138927915,-0.016360522584307036
1790847904.5622654,1.6474328070241413,-0.019843773413027427,-0.01617960809903483
1790847904.5822155,1.6511604033365186,-0.019903879302450918,-0.016044218456493797
1790847904.602087,1.654896697719863,-0.01996366110387058,-0.01604539785656455
1790847904.6221027,1.6585895459131625,-0.020022837145629187,-0.016092085642621302
1790847904.6421134,1.6622563220395825,-0.02008193338815305,-0.016184287300245778
1790847904.662064,1.665923093708941,-0.02014136970784701,-0.01636753315775087
1790847904.6821375,1.6705369547509574,-0.020217022876007802,-0.01650555587951964
1790847904.7025125,1.6742210823312693,-0.02027796558251554,-0.01650671882284522
1790847904.722033,1.6769841791999516,-0.020323664465217328,-0.016598635230220024
1790847904.7422109,1.681632784112749,-0.020400497289897852,-0.016554580523391
1790847904.7625206,1.6844045686194702,-0.020446262599827136,-0.016418889173855127
1790847904.7821503,1.6890358027133117,-0.020522438469016514,-0.016465873181325003
1790847904.8024628,1.6927373131353811,-0.020583436535669682,-0.016558085810112925
1790847904.822514,1.6963866816544415,-0.02064411984713058,-0.01674132618203629
1790847904.842274,1.7000360372619936,-0.02070563643104531,-0.017015610753840275
1790847904.8626301,1.703720134688531,-0.020768498221758882,-0.017198862096927097
1790847904.8824966,1.7073781523095957,-0.020831587112120967,-0.0172455389118204
1790847904.9027348,1.7110274768141986,-0.02089486184569008,-0.017428779283743773
1790847904.9226282,1.7147115512924034,-0.02095899460134891,-0.017520986426949967
1790847904.9420938,1.7174746030263601,-0.02100728553711752,-0.017521858634444155
1790847904.9622288,1.7220709986243032,-0.021087750359142707,-0.01756883167075058
1790847904.9823644,1.7257463751350226,-0.021152163707649673,-0.01752446977134499
1790847905.002741,1.7294565039722618,-0.021217357792657612,-0.017480118843102847
1790847905.022651,1.733175324609491,-0.021282624697924947,-0.017572336957472498
1790847905.0425467,1.7368593880461576,-0.021347329029380642,-0.01757349990079808
1790847905.0621133,1.7405955813915899,-0.021413123232293114,-0.017574679300868836
1790847905.082595,1.7443230856074672,-0.02147881144614513,-0.017621378058089037
1790847905.1025453,1.7480679666492511,-0.021544852237647898,-0.017668082300890963
1790847905.1225638,1.751795464722347,-0.02161088821583874,-0.017714781058111168
1790847905.1424522,1.7555750924968447,-0.021678024301285737,-0.017761496272076537
1790847905.162159,1.7593373418162712,-0.021744900100231425,-0.017808206000460187
1790847905.1821218,1.763108277537809,-0.02181197662631062,-0.017718352171813778
1790847905.202131,1.7668357715196779,-0.02187824309822308,-0.01776505092903398
1790847905.222041,1.7705458905455085,-0.021943993170574386,-0.017720700000791834
1790847905.2420015,1.774229943308877,-0.02200924327065217,-0.017630818744236804
1790847905.262471,1.7779053139292271,-0.022074051378415314,-0.01767750104471183
1790847905.2821436,1.7815459288711413,-0.022138210094066847,-0.017633128174142792
1790847905.3021886,1.7851604770938578,-0.022201954039779107,-0.017634269175141475
1790847905.3225813,1.7887837116894665,-0.022266019113677663,-0.01768093501887133
1790847905.3427055,1.7923895685788511,-0.022329781823317702,-0.017727595377019463
1790847905.362069,1.79598673098564,-0.022393681334064438,-0.017728730892436418
1790847905.3832026,1.7996099590608956,-0.022458172931729404,-0.017866440936046897
1790847905.4024827,1.8032418706177016,-0.022523029188222438,-0.017867587422627305
1790847905.4220405,1.8068824669376797,-0.02258829446982935,-0.017914258751938885
1790847905.442178,1.8105230597589064,-0.022653812743116817,-0.018051974281131082
1790847905.462574,1.8141897137789296,-0.02272005341417155,-0.018144175938755554
1790847905.4824903,1.8178737365944568,-0.022787030548338312,-0.018145338882081138
1790847905.5026495,1.8215143146392692,-0.022853307403884925,-0.018192010211392717
1790847905.5220566,1.8251809598115059,-0.022919978457445325,-0.01819316766913658
1790847905.5425532,1.828821538187526,-0.02298617944387274,-0.01814879479856754
1790847905.5625963,1.8324273660207495,-0.023051506944267487,-0.01810441095683505
1790847905.5820732,1.8360418871880992,-0.02311670871387251,-0.01801450775795312
1790847905.602632,1.8396390330059604,-0.023181477315167162,-0.01792459907348946
1790847905.6225822,1.8432535625079216,-0.02324627400258633,-0.017925740074488144
1790847905.642278,1.8468594062995094,-0.023310714538314726,-0.017881356232755656
1790847905.6624875,1.8504913150997462,-0.023375666477936954,-0.017791458519455447
1790847905.6821172,1.8541232288882714,-0.023440456099879898,-0.017883649205916473
1790847905.7024012,1.8577551403755057,-0.023505374874005152,-0.0179758398923775
1790847905.7225227,1.861395732603197,-0.023570868136012082,-0.01802251122168908
1790847905.7420714,1.8650450080096934,-0.023636856036534242,-0.018114707393731833
1790847905.7625976,1.8686682143819995,-0.023702498094277158,-0.01816137323746168
1790847905.782434,1.8723174815662678,-0.02376882420652409,-0.0180714810097432
1790847905.8021967,1.8759841327740614,-0.023835220254405726,-0.018163682667367675
1790847905.8224263,1.8796420913282104,-0.02390158805644328,-0.01811931528238036
1790847905.842374,1.8833348039976856,-0.02396863263491477,-0.018074958868556496
1790847905.8625295,1.8870362063991424,-0.02403592367755688,-0.018258215697225036
1790847905.8820193,1.890754978500807,-0.02410395721999654,-0.018441478011475308
1790847905.9021544,1.8944476703971607,-0.024172193050732243,-0.01848816579753206
1790847905.9225073,1.8981403581072698,-0.02424076784076439,-0.018716941983350048
1790847905.9425004,1.9018504118090402,-0.024310218045062084,-0.018854679454869138
1790847905.9623494,1.905525697969193,-0.02437965081258769,-0.018901361755344168
1790847905.9822333,1.9091749126786468,-0.0244489692781852,-0.019084602127267536
1790847906.0024574,1.9128501851981563,-0.02451912050841038,-0.019131284427742565
1790847906.0224574,1.9164820086514551,-0.02458873583979534,-0.01913243091432297
1790847906.042378,1.9201138314768862,-0.024658438414632344,-0.019224621600783993
1790847906.0621645,1.9237543406837867,-0.024728394474308822,-0.019271292930095576
1790847906.0821803,1.9273687775111756,-0.02479822371874958,-0.019363478130974877
1790847906.1026196,1.9310005849460667,-0.02486872348897938,-0.019455668817435906
1790847906.1222332,1.9346497647355425,-0.02493985668617535,-0.019638909189359274
1790847906.142462,1.9383076183906887,-0.025011827212556324,-0.01968558600425258
1790847906.1622498,1.9419480870166594,-0.02508391627549453,-0.019823301533444776
1790847906.1819992,1.9455972401957513,-0.025156349080083584,-0.019915497705487527
1790847906.2020714,1.9492724512673354,-0.025229596352747293,-0.019871135806081935
1790847906.2222912,1.9529650404002927,-0.025303236006212978,-0.02000886779201931
1790847906.241979,1.956614184676048,-0.02537601092539654,-0.019918975564300827
1790847906.26212,1.960298084476943,-0.02544944329466778,-0.019920138507626414
1790847906.2822497,1.9639732943801913,-0.025522749152396766,-0.019875776608220822
1790847906.302736,1.9675355619980404,-0.02559340138087798,-0.019785856952593713
1790847906.3225322,1.971071771342661,-0.025663097207122666,-0.01955936276877309
1790847906.3446898,1.974477669105625,-0.025729453233146033,-0.019378349543029846
1790847906.3622062,1.977735880752123,-0.025791714465996197,-0.018787590790379168
1790847906.382213,1.9808116601023011,-0.02584909421435219,-0.0183333407389413
1790847906.4027033,1.9837310692968346,-0.025902162799789363,-0.01787904131726792
1790847906.4220645,1.9864680390326306,-0.02595054898072005,-0.01737916219704612
1790847906.4425519,1.989074696156915,-0.02599529680657194,-0.016560587235379228
1790847906.462636,1.9916118829942018,-0.02603620496743423,-0.015468857731743581
1790847906.482146,1.9940014007566214,-0.026071820985512608,-0.01433155950072297
1790847906.5025525,1.9963040583033307,-0.026104542854363706,-0.013922587440838676
1790847906.5225923,1.9984416299323613,-0.026133894785262166,-0.013194908568345844
1790847906.5425928,2.000309850180084,-0.026158125490648033,-0.01242162256939597
1790847906.5626495,2.0020042995451104,-0.026178849520405188,-0.011830370114390087
1790847906.5823152,2.0035857976456204,-0.026197097520631544,-0.011193559903162686
1790847906.602521,2.0049326882171856,-0.026211857974553547,-0.010784286136283553
1790847906.6226294,2.0060710303661513,-0.026223848780687502,-0.010192858142662489
1790847906.6424797,2.007061654457027,-0.026233793830611467,-0.009737949821417692
1790847906.6625881,2.0078437252423287,-0.02624118995135457,-0.008918798873669732
1790847906.6820705,2.0084346243905276,-0.026246270749016722,-0.008008543384642186
1790847906.7024887,2.008877798971962,-0.02624966772589174,-0.007052719168229674
1790847906.7221549,2.0092166978968344,-0.026251952710433523,-0.006187906238207432
1790847906.742451,2.009512145099712,-0.026253655939341786,-0.005004424894648716
1790847906.7621658,2.009790210934077,-0.026254901552534442,-0.0035478054658664208
1790847906.7820363,2.01002482404281,-0.026255587962320085,-0.001772517623547654
1790847906.8023891,2.0101117120278325,-0.026255709936609223,-0.0005889704530082449
1790847906.8224728,2.010163840470392,-0.026255721655610593,0.0005035434888139966
1790847906.8423977,2.010207277160223,-0.026255683966229446,0.0017326264732480266
1790847906.862149,2.010259402327524,-0.02625556557372376,0.003098273014712121
1790847906.8822691,2.0103115272908623,-0.02625537757921014,0.004463919556176213
1790847906.9024465,2.0103636477603004,-0.02625511921528186,0.006193742897162777
1790847906.9219391,2.0103896951132763,-0.026254937723394225,0.008151184966223475
1790847906.942537,2.0103809786583953,-0.026255023039163723,0.01047281480597009
1790847906.9627376,2.01035488108201,-0.026255323293135648,0.012976538531059668
1790847906.982784,2.01029402388324,-0.026256171244160156,0.015753405826954548
1790847907.002147,2.0102331653185717,-0.026257202103000706,0.018894449922371902
1790847907.0227852,2.010180995567743,-0.02625827503719369,0.022354145974580547
1790847907.0424871,2.010128822502432,-0.026259484715849105,0.026360107226072897
1790847907.0621924,2.010024535936938,-0.02626238876059058,0.03027504073442981
1790847907.0822356,2.0102416463341686,-0.026255451630322706,0.03314286446089772
1790847907.1024883,2.010597713055006,-0.026243382661951108,0.03537333490354751
1790847907.1222048,2.0109363737300816,-0.026231066832203713,0.03815007603106272
1790847907.1421993,2.0112315793247877,-0.026219472690776246,0.04097235297247256
1790847907.162352,2.0114920242360506,-0.026208531629381478,0.04361255248528461
1790847907.182611,2.0117090288783577,-0.026198835043516062,0.046480376211752515
1790847907.2021024,2.0119259936723197,-0.02618845928309483,0.050076553537265374
1790847907.2223992,2.0121342373432918,-0.026177728997178365,0.053900344105270614
1790847907.2428029,2.0122296445633014,-0.02617248016395858,0.05740551562997492
1790847907.2626417,2.0122816585345653,-0.026169430411572683,0.06068309036893197
1790847907.2822516,2.0122989607791575,-0.02616837725458664,0.06468902967809745
1790847907.3026855,2.0122468828341193,-0.026171798087011727,0.06896812352923164
1790847907.322718,2.0122901748251607,-0.02616879736541132,0.07374793030900978
1790847907.3428206,2.0123854393225384,-0.026161603252679817,0.07861876483192337
1790847907.3629827,2.012541284855634,-0.026148941974235607,0.08417241165440552
1790847907.382647,2.0125931645965602,-0.026144462117993518,0.09009026818990051
1790847907.4047458,2.01264500169464,-0.026139555174357364,0.09637230152491795
1790847907.422428,2.0126362860249696,-0.02614045433774501,0.1026088319595311
1790847907.4431694,2.012679426104814,-0.02613593720469068,0.10911847853704099
1790847907.4628272,2.01272250842181,-0.026130978836208414,0.1164475229134764
1790847907.4827352,2.0128173287718965,-0.026119604949298044,0.12441386023233096
1790847907.5020432,2.0129465316997392,-0.02610303131249828,0.13228914238014144
1790847907.5221097,2.013135886320302,-0.026077328446646373,0.14030097162823682
1790847907.542072,2.013247609268889,-0.02606119903708007,0.14817625926162906
1790847907.56286,2.013299044711507,-0.026053272385454997,0.15673439759366195
1790847907.5821836,2.0133761538052,-0.026040813593998357,0.16561118239690445
1790847907.6029358,2.013547354153655,-0.026011493718753696,0.17517076852855204
1790847907.6224241,2.0138122887176833,-0.025963320435148034,0.18523106758884353
1790847907.6427042,2.0141621210779226,-0.02589640005618563,0.19565551602074896
1790847907.6620455,2.0145367576097386,-0.02582052292342181,0.20630756672398332
1790847907.6819901,2.0148680857929335,-0.025749784516846088,0.21673202064147043
1790847907.7020066,2.0152325940672373,-0.02566808294524116,0.227429596187436
1790847907.722047,2.015621554984343,-0.025576399639294346,0.2383547740047304
1790847907.7421336,2.0160347725417296,-0.025474117612065268,0.24950755409335382
1790847907.762011,2.016497268408689,-0.025354052355901734,0.26084240612499326
1790847907.7821157,2.0170673839827318,-0.025199109003407598,0.27240483300005314
1790847907.802137,2.0176273072638455,-0.025039955691331946,0.28419487311760544
1790847907.8221428,2.0181519449013607,-0.024883977407492316,0.29671327780536605
1790847907.8422532,2.0187077398971125,-0.0247110002003596,0.309504804121605
1790847907.8625414,2.0193191564274384,-0.024512222228649058,0.32261496593789024
1790847907.8822541,2.0199279027586114,-0.024305411343349282,0.33572512775417546
1790847907.9023836,2.020509275366983,-0.02409925649954238,0.349244996698296
1790847907.922188,2.0210796702900997,-0.02388832392362711,0.36317456728467024
1790847907.9424736,2.021703764736238,-0.023647416323125836,0.3771496407714486
1790847907.9629066,2.022340561971005,-0.02339133967003782,0.39112470877264527
1790847907.9825819,2.0229335417156595,-0.023142957660927995,0.40578262198690096
1790847908.0027595,2.023538713526858,-0.022878890155985158,0.4206226181153361
1790847908.0230205,2.0241556853903178,-0.022598602247600835,0.4356446971579508
1790847908.0426393,2.0247761830351743,-0.022305261090704975,0.4508033397575954
1790847908.062614,2.0253844474065,-0.02200655569916901,0.46609855139985196
1790847908.0828812,2.026003542830915,-0.02169066819455108,0.48166689015616865
1790847908.102369,2.0266252829810387,-0.02136103881113293,0.4973717924695153
1790847908.1221473,2.0272569226973935,-0.021013172094954076,0.5130766892972803
1790847908.142896,2.0278829690727083,-0.02065534083332261,0.5289636745248066
1790847908.1624658,2.0284733992078006,-0.020305422169087154,0.5450327591232574
1790847908.1821184,2.0290211435557755,-0.019968866099936776,0.5612384237354837
1790847908.202525,2.029556000454249,-0.019628099157707125,0.5775806573903216
1790847908.2221384,2.0300706626119633,-0.01928814036577953,0.5941049849305026
1790847908.2420852,2.0305796035011547,-0.018939679396734063,0.6108114008704448
1790847908.262492,2.031075587700187,-0.0185878282215969,0.6276543858529987
1790847908.2823682,2.0315514996948583,-0.018237869346782107,0.6444973763211345
1790847908.3024735,2.0320283564271446,-0.017874671085617605,0.6613858861464196
1790847908.3220968,2.0324922568719033,-0.0175089395048649,0.6782288766145553
1790847908.3425472,2.032990245672108,-0.017102383217801415,0.6952539390257071
1790847908.362282,2.0335475735643733,-0.016631274432288522,0.7126431508084725
1790847908.382529,2.0340966310761197,-0.016150552464892158,0.7300323625912382
1790847908.4022768,2.034630904254666,-0.015666294451492077,0.7471939666170931
1790847908.422146,2.0351504317895097,-0.01517886019511694,0.7641279628860375
1790847908.4421885,2.0356553430999433,-0.014688696577041839,0.7810164397978322
1790847908.4620526,2.036127353102546,-0.01421468302919241,0.7979049276807904
1790847908.482128,2.0366094224439975,-0.013714035632048982,0.8149299736351971
1790847908.502721,2.0370947366652024,-0.013192526956985778,0.8318639699041414
1790847908.5223005,2.03757121794252,-0.012662934427354073,0.8487069219732051
1790847908.5425763,2.0380331852077935,-0.012132101671064072,0.8655043546851193
1790847908.5621872,2.038469300887326,-0.011613458085250595,0.882165229325585
1790847908.5821683,2.038880310966847,-0.011107880950068993,0.8986895458946027
1790847908.6022134,2.039277391661862,-0.010602298235228288,0.9153504315062319
1790847908.6223352,2.0396713339721186,-0.010083309929724575,0.9317837038753687
1790847908.6421058,2.0400412659006384,-0.009578936386199157,0.9484445949725796
1790847908.662389,2.0404127335195166,-0.009054247196100741,0.9651054805842089
1790847908.6821306,2.0407607618139947,-0.008545008994473953,0.9817208523242705
1790847908.702495,2.041095471722717,-0.008037298359855918,0.9984727931069436
1790847908.7219641,2.04141700294476,-0.0075314072270779575,1.0151792145324674
1790847908.7422025,2.041730002389012,-0.007020194788191103,1.0319766801578716
1790847908.762439,2.042025505102648,-0.006518746076806112,1.048774151268858
1790847908.7824912,2.0423083046767947,-0.006019993019372009,1.0657081914224558
1790847908.8024132,2.042590910626298,-0.005501245813810996,1.0824601376907106
1790847908.8222346,2.0428767534525303,-0.004954677315211063,1.0993486420304137
1790847908.8424609,2.0431572925722055,-0.00439562415846562,1.1160095331276247
1790847908.8624535,2.0434210259460186,-0.003847676046911889,1.132670429710417
1790847908.8824842,2.04368300530472,-0.0032796844018501865,1.1489671440081055
1790847908.902609,2.0439286298102113,-0.0027233771561441973,1.1651728195914952
1790847908.9225674,2.0441516852904456,-0.0021951842145846515,1.1812874619461675
1790847908.942426,2.0443630951679985,-0.0016715774994212548,1.1969924081441683
1790847908.9625502,2.044569358592253,-0.0011365977372516274,1.212651829499438
1790847908.9825358,2.0448051034247037,-0.0004920616516463777,1.231543284294188
1790847909.0022945,2.044989867615489,4.1541153910314155e-05,1.2463377884933826
1790847909.02233,2.045110332724506,0.00040429902971052256,1.2575361043959008
1790847909.0419896,2.045311757812116,0.0010421772833936298,1.2756992110771876
1790847909.0622246,2.0454730553889737,0.0015833468966715905,1.2896743174774563
1790847909.0820506,2.045619592726242,0.0021016562318379936,1.3036039100061574
1790847909.102114,2.0457635993074184,0.0026386955411519843,1.3170782760498736
1790847909.122205,2.0459069356061828,0.0032028621278876283,1.3298698023661126
1790847909.142544,2.046036747316943,0.0037435156785833694,1.3427068590106646
1790847909.162165,2.046158223965245,0.004277200686602478,1.3550431752986638
1790847909.1824636,2.0462638824414734,0.004769886272304871,1.367151894800916
1790847909.2029877,2.046345323792554,0.005170019048441943,1.3758464869783447
1790847909.2226143,2.0464775537879207,0.0058612205543423675,1.3899125936938401
1790847909.2425313,2.0465521796752504,0.0062803162061820204,1.4010653737824639
1790847909.2621665,2.046632429501481,0.00676017677722849,1.4117173915722074
1790847909.2825828,2.046704943746403,0.007223687670268049,1.422005238048011
1790847909.3022058,2.0467677431730946,0.007653514709657288,1.4321110070952165
1790847909.3224568,2.0468159732995965,0.00800644747401591,1.4393489085313003
1790847909.3426006,2.0468809083754045,0.008514900630798947,1.4510479263912988
1790847909.3621888,2.0469263864798504,0.008903202811747543,1.4597425240543087
1790847909.3826847,2.0469538010188946,0.009153648550364341,1.4660700164050766
1790847909.4025152,2.0469991413460003,0.009603135141519,1.4764489125663423
1790847909.422262,2.04703488575708,0.009992464956137093,1.4842330682305465
1790847909.4421916,2.047061054207728,0.010304127833797003,1.491698593880286
1790847909.4622512,2.0470835409949077,0.010598651999985394,1.498982036615846
1790847909.482642,2.047105751892573,0.010919341429510957,1.50576472802369
1790847909.5022924,2.0471274815975335,0.011266193271107443,1.51222875650358
1790847909.5223844,2.047146567367449,0.011604500714471177,1.5183741330266776
1790847909.5421731,2.0471591931228414,0.01185613223333917,1.524155360178162
1790847909.5627868,2.047171197426192,0.012125198254211648,1.5294813608446614
1790847909.5825646,2.047183880649957,0.012446423615809877,1.5347163008545346
1790847909.6021998,2.0471939394368035,0.012741661203974054,1.5396325943931988
1790847909.622884,2.0472013700703666,0.01299351553942879,1.5440481585464738
1790847909.6423047,2.0472072795283425,0.013228026786091019,1.5482816397855692
1790847909.6624238,2.0472125784041393,0.013479941306874736,1.5521509387395604
1790847909.682772,2.0472164987888615,0.013705811791225639,1.5556105470224615
1790847909.7049754,2.047219435959178,0.013914319479396888,1.5587059839914221
1790847909.7222903,2.047221560722891,0.01410545991466923,1.561437249646442
1790847909.7421386,2.047223324131925,0.014313988187255062,1.5638953772162376
1790847909.7625408,2.0472248404072966,0.014565974916816202,1.5659437921726167
1790847909.7825513,2.047226099873064,0.014870109855023333,1.5675369696728472
1790847909.8022418,2.0472270885789206,0.015252457124019833,1.5691756445879004
1790847909.8223426,2.0472275636596144,0.01571301850936214,1.570677728518015
1790847909.8421867,2.047227287730729,0.01632131450665875,1.572043199520864
1790847909.8625345,2.0472260969720852,0.01701651544385915,1.5730444662962821
1790847909.882574,2.047224407058822,0.017737793813263205,1.5733628933442225
1790847909.902486,2.0472222609192157,0.01858942975272389,1.5731805361509568
1790847909.9225707,2.04722000149593,0.019510583834981117,1.5732712896150058
1790847909.942163,2.0472174536623893,0.020544711316325855,1.5732254411229531
1790847909.9621165,2.047214681161911,0.02174395560271849,1.5728608858182918
1790847909.982333,2.047211842046645,0.02308224277784078,1.5724962866289767
1790847910.0020406,2.0472094365328912,0.024507430536413258,1.572313748411514
1790847910.022172,2.047207112820047,0.026115111665632063,1.5721766746953838
1790847910.0421402,2.047204941845352,0.02788790687360987,1.5719940267662866
1790847910.0619507,2.0472029397092744,0.0298258150598794,1.5718568488241034
1790847910.0821853,2.0472018485581573,0.03198099015032842,1.5706725940135218
1790847910.1021466,2.0472029859235725,0.03430996448239041,1.569852461146645
1790847910.1228511,2.047206052613727,0.036821429211240805,1.569168836980981
1790847910.1425552,2.0472112869301795,0.039541455877378,1.5683941027884558
1790847910.1625445,2.047218559950126,0.04235706641207815,1.5679379931248136
1790847910.1821613,2.0472253261669966,0.04496409037568891,1.569484921685525
1790847910.202074,2.047225018728863,0.04731039058517061,1.5733080375269781
1790847910.2220457,2.047214981142409,0.04983046642742034,1.5777684079117784
1790847910.2424676,2.047192864245166,0.05235046056001974,1.5825929550961009
1790847910.2621255,2.047157450317281,0.054965907698827865,1.5870988174101421
1790847910.2820365,2.0471072291031907,0.05777233240202945,1.5913314867831425
1790847910.3026073,2.047041763838322,0.06074360319301347,1.5951544051436537
1790847910.322602,2.0469632688031196,0.06380149516291213,1.5985220750768532
1790847910.3425827,2.0468750426903615,0.06684173430118952,1.6018897504956342
1790847910.3625436,2.046776398331874,0.06989904597271039,1.604984287829192
1790847910.3823755,2.0466689016052464,0.07294736541299311,1.6079422616057193
1790847910.4022856,2.046548450076159,0.07609956444613859,1.6106270698691147
1790847910.4221957,2.046420679273086,0.07923408389243931,1.6130387510184496
1790847910.442149,2.046284842525138,0.0823769618650724,1.6154959515249345
1790847910.462558,2.0461417298902043,0.0855108183148302,1.6179076326742696
1790847910.4821382,2.045987262869048,0.08872243818886712,1.6204558554383077
1790847910.5022757,2.0458201687942195,0.09202044201386157,1.6230040507744372
1790847910.5223706,2.0456450146147196,0.09530932449194851,1.625597770953298
1790847910.5421026,2.045459424264635,0.09863245003820731,1.6281914801609954
1790847910.562157,2.0452657955350033,0.10194641252470342,1.6307396700115433
1790847910.582566,2.045060792587218,0.10531193225391924,1.6331057550055847
1790847910.6020298,2.044846593409397,0.10869429228387635,1.6356539229138054
1790847910.6224504,2.0446234629738487,0.11208478666345667,1.637974477579534
1790847910.6420238,2.044390656370203,0.1155007634298271,1.640158457717069
1790847910.662394,2.044147580045324,0.11895958578565699,1.6422058578408292
1790847910.682173,2.0439000274288253,0.12238324016387916,1.6442532689357523
1790847910.702177,2.0436428786361542,0.12584104589867248,1.6462096248596314
1790847910.7221174,2.043380240070289,0.12928100725108493,1.6482570304689732
1790847910.7421792,2.0431070524806962,0.13277245304582172,1.6500312870219276
1790847910.7629569,2.0428279578494815,0.1362547130368763,1.651851068417613
1790847910.7821763,2.042543409286846,0.1397278129615566,1.6536253304561495
1790847910.8020937,2.042249578855359,0.14324374800777664,1.6550809240811493
1790847910.8221457,2.041948556028919,0.146785240299159,1.6564909873778362
1790847910.84198,2.0416409154515196,0.15034360931158655,1.6579010451889418
1790847910.8625062,2.041329943345101,0.15388424294464745,1.659220064285748
1790847910.8820617,2.0410097932425804,0.15747641134549248,1.6603569785260475
1790847910.9019866,2.0406871198667402,0.16105090222549348,1.6615849424518097
1790847910.9226136,2.0403603105981074,0.16462501845136246,1.6627218621776911
1790847910.9419856,2.040029672532166,0.16819878573924832,1.6635856493039307
1790847910.962085,2.039699948808229,0.17172899929050342,1.664494972244065
1790847910.982073,2.0393672560474942,0.1752589353862674,1.6653132509843187
1790847911.0020556,2.0390308499135,0.17879725056112697,1.6659949606819608
1790847911.0221093,2.038694837841351,0.18230941505583942,1.666631156508035
1790847911.042224,2.0383598851791294,0.1857867618458952,1.6671763191053923
1790847911.0621545,2.038020602449005,0.18928988277655226,1.6676759513744361
1790847911.0821598,2.037679809462796,0.19279285922309433,1.667993495243719
1790847911.1024358,2.0373397910955875,0.1962784495693288,1.668220000398703
1790847911.122146,2.0369978576762824,0.19977258382886923,1.6684920249108361
1790847911.1421132,2.036654285542826,0.2032752898480448,1.6687185245802385
1790847911.1620314,2.0363093911729155,0.20678659959005227,1.6688084552070286
1790847911.1820745,2.0359622778242485,0.21031515637373202,1.6688073361483569
1790847911.2024984,2.0356174800084195,0.21381774194828115,1.6690338358177592
1790847911.222021,2.035268391049775,0.21736356965279344,1.668941667073625
1790847911.2421784,2.034922670835316,0.22087480028971382,1.668849509300654
1790847911.2621603,2.0345765428237876,0.22439472241064126,1.6688028708848328
1790847911.2821584,2.034231792823628,0.2279060505305288,1.668528624712101
1790847911.302437,2.0338902642690506,0.23139149849757593,1.6682999088676818
1790847911.3224192,2.0335504978280388,0.23486838669178117,1.6681167178659941
1790847911.3420396,2.0332106419048968,0.23835399919271036,1.6677969578216945
1790847911.3621573,2.0328734637150174,0.24182240987967424,1.6674772032629763
1790847911.3821273,2.0325375914587918,0.24529094726923945,1.6671574487042582
1790847911.4020548,2.0322037423081536,0.24875095006299477,1.6667921747883911
1790847911.4221094,2.031867870091021,0.2522456805592013,1.6663358457014796
1790847911.4420552,2.0315318984559796,0.2557578615800704,1.6658795111289866
1790847911.4621472,2.031199256848798,0.25925290105490817,1.665423182042075
1790847911.4820325,2.0308666926358216,0.2627654084245198,1.6647847590698208
1790847911.5021267,2.030533119718362,0.266312735701026,1.664146325126403
1790847911.5221016,2.0302028630487503,0.26985164592166283,1.6634623718258355
1790847911.5420995,2.0298749003659275,0.2733907705099135,1.6626873743253876
1790847911.5627587,2.0295487658288347,0.2769387904269359,1.6619578961820891
1790847911.582221,2.029224830669009,0.2804957385154508,1.6611828931960593
1790847911.6021233,2.0289022487456907,0.28407026298888466,1.6602257963246867
1790847911.6221611,2.0285813438055738,0.28766238621965645,1.6594507823674933
1790847911.6423569,2.028264350678324,0.29124613531563315,1.6584481606533896
1790847911.6621122,2.027950582770471,0.29483016828391884,1.6574455389392857
1790847911.682034,2.0276426237352476,0.298388536242399,1.6565794917533752
1790847911.7021375,2.0273350977604316,0.3019818316441499,1.6556223893964208
1790847911.7224045,2.0270308131952155,0.30557540300068303,1.654665287039466
1790847911.742411,2.026729894156681,0.3091692567214066,1.6537992288823922
1790847911.7623618,2.0264352793230493,0.312728756380879,1.6527510932967207
1790847911.7819905,2.0261428141097446,0.31630587298301577,1.6516119080255867
1790847911.8023143,2.02585710812878,0.3198486613009614,1.6506548221253774
1790847911.8225257,2.0255767242590204,0.3233744428841377,1.6494246091111084
1790847911.842014,2.0252978025965875,0.3269352086979776,1.6481943851256757
1790847911.8628323,2.025026433357617,0.33045297711987315,1.6471917853538989
1790847911.8822126,2.024756816321868,0.33399702818332266,1.6460526110539289
1790847911.903226,2.024490962185542,0.3375413635455293,1.6449134367539586
1790847911.922527,2.024228020680044,0.3411033429846135,1.6438653011682869
1790847911.942212,2.0239702318267487,0.34464827403671766,1.642726126868316
1790847911.962565,2.0237142211669887,0.3482194713954792,1.6416324664399136
1790847911.9828205,2.0234611785631316,0.35180830499613597,1.6404477563260487
1790847912.0030215,2.0232094200103976,0.3554407846993015,1.6393085545981696
1790847912.0228114,2.0229634510386907,0.35904753094717723,1.6381238389987227
1790847912.0421066,2.0227190601251213,0.36269793426505165,1.6368935875853818
1790847912.062584,2.022479851885034,0.366339972456054,1.6356178168148907
1790847912.0822294,2.0222455200542693,0.3699736180141543,1.6344786150870116
1790847912.1025136,2.0220146998862214,0.3736161944197848,1.6334759769161626
1790847912.1226666,2.021788233794576,0.37725033866536106,1.6323367751882838
1790847912.1426086,2.0215660629600496,0.3808760400821853,1.6313341425030166
1790847912.1628625,2.021350467727062,0.38445861147920557,1.6301949572318828
1790847912.1829019,2.021137668753405,0.38806746765410255,1.6289191974325559
1790847912.202894,2.0209298496145496,0.39166790998252005,1.6275979182760791
1790847912.2226686,2.020727726797025,0.39525126772275787,1.6263676888050647
1790847912.242932,2.02052830058145,0.39886959149608614,1.6250464041630062
1790847912.262456,2.020332987815925,0.4024968429538479,1.6236795946782163
1790847912.2826,2.0201420951675786,0.4061330293234173,1.622540392950337
1790847912.3024206,2.019955285793333,0.4097781308622662,1.6212646221798463
1790847912.3225677,2.019770921400026,0.4134581605877455,1.6200798846380726
1790847912.3425424,2.019591372049503,0.4171297262996953,1.6190317161389107
1790847912.3622675,2.019413688396562,0.42084488434554296,1.617938011825854
1790847912.3847346,2.0191986754869253,0.42545436790634616,1.6165253703057565
1790847912.402603,2.019072577684207,0.42822367020091534,1.6158416638563664
1790847912.4225159,2.0189087626731457,0.4318959725994155,1.6147024511573242
1790847912.4425364,2.018748206417217,0.4355858157799253,1.6135632329726997
1790847912.4621313,2.0185931182119483,0.4392497986116337,1.6124695451163884
1790847912.4821904,2.018442169327438,0.44291395532482714,1.6112848130601964
1790847912.5020363,2.018294229235145,0.44660432691490576,1.6100545506756918
1790847912.5222137,2.0181500769646337,0.45031223987099916,1.6090063712053662
1790847912.542174,2.01801034524203,0.45401162721530675,1.607821628178011
1790847912.5624564,2.017873753553005,0.4577372184543702,1.6067734432221037
1790847912.5825438,2.0177412813239273,0.4614629584362613,1.6057252582661967
1790847912.6024199,2.0176123200482574,0.4651975164242877,1.6047225926674384
1790847912.6225274,2.0174869732708802,0.46893219751471144,1.603719927068681
1790847912.6419673,2.0173658943021766,0.47264962885978834,1.602808311155386
1790847912.6621225,2.0172487290676044,0.4763584926405606,1.6017601316850603
1790847912.6821594,2.0171355645081097,0.4800500901400764,1.6008940461000778
1790847912.7020721,2.0170251623634368,0.4837591604056113,1.5999369108296333
1790847912.722112,2.016918809253823,0.4874509604083267,1.5990708252446513
1790847912.742128,2.0168147975465276,0.49116890844468447,1.5981592093313561
1790847912.7621398,2.016713390039591,0.4949130070178946,1.5973841514895093
1790847912.78246,2.016615279944214,0.4986485018273492,1.5964725300906324
1790847912.802196,2.016521110490828,0.5023580186871891,1.5956064390200684
1790847912.8233726,2.0164077630349393,0.5070058900199668,1.5944669191284495
1790847912.8420985,2.016341967422221,0.5098120511176697,1.5937832017078961
1790847912.8620086,2.01625810026851,0.5135131243602121,1.5927805470803023
1790847912.8819976,2.016178216980524,0.5172055919651586,1.5919144614953198
1790847912.9019384,2.016101598542773,0.5209068223120242,1.590911806867726
1790847912.9220767,2.0160286520204385,0.524599434500422,1.589954677082863
1790847912.9425573,2.0159596890325537,0.5282660476410636,1.5890430776263127
1790847912.9620535,2.015893565668492,0.5319674793288386,1.588131467198599
1790847912.982595,2.015831182645001,0.5356429022545193,1.5871743428993177
1790847913.0021133,2.015772249789993,0.5393096893074899,1.5863537876426481
1790847913.022073,2.0157160092970763,0.5430112833215847,1.585533221414815
1790847913.0425901,2.01566221903919,0.546730295960092,1.5847126497014004
1790847913.0622501,2.0156119990333305,0.5504145936050121,1.5839831331590293
1790847913.0821736,2.015564297070916,0.5541249989052475,1.5831170420884655
1790847913.1023433,2.015519283392078,0.557861509730001,1.582296464889469
1790847913.1223178,2.0154778059481777,0.5615632986551533,1.5814758986616362
1790847913.142089,2.0154394538986242,0.5652651212366586,1.580655332433803
1790847913.1622388,2.015403840177831,0.5689756612684405,1.5798802855631198
1790847913.18253,2.0153710722173064,0.5727036085147659,1.5791052332068545
1790847913.2025292,2.0153416285774832,0.5763881317813658,1.5782846724646034
1790847913.2226117,2.0153151531415916,0.580081368496659,1.5774185868796213
1790847913.2421625,2.0152915977733636,0.583818076194013,1.576598009680625
1790847913.2624645,2.015271249839342,0.5875374221132302,1.5757774379672103
1790847913.2822967,2.01525377881705,0.5912480919019685,1.5750023910965272
1790847913.3022203,2.015239009484887,0.5949935333558418,1.5743183774545606
1790847913.3225043,2.0152268315033344,0.5987302933779465,1.5736798886553254
1790847913.342296,2.0152170181687095,0.602458370701788,1.5729958804989408
1790847913.3624477,2.0152098310639284,0.6061690725986384,1.572402922028019
1790847913.382535,2.015205059096172,0.6098450187025076,1.5717189303283796
1790847913.4026053,2.0152024160388953,0.6135296566329432,1.5710804579858895
1790847913.4225583,2.0152027459387445,0.6181267657979482,1.5702140871506576
1790847913.4425168,2.0152048374228073,0.6208641739248149,1.5697124800721924
1790847913.4641201,2.0152095400852783,0.6244792883987206,1.5690740296720296
1790847913.482175,2.0152187954621534,0.6290155564438327,1.5682532001362737
1790847913.5021746,2.0152288771800086,0.6326393495975979,1.5676602690932602
1790847913.5224867,2.015237680352381,0.6353419824767197,1.5672497171858393
1790847913.5424776,2.0152552006735274,0.6398521549015016,1.5664744179783967
1790847913.5623877,2.015271727105726,0.6434846141265894,1.5659270062925326
1790847913.5821202,2.0152899844767336,0.6470909947695523,1.5653340807351006
1790847913.6021206,2.0153102915403873,0.6506886736258579,1.5647866800203998
1790847913.6229506,2.015332857589311,0.6543124105415374,1.5641937489773863
1790847913.6424568,2.0153573281347503,0.6579187543692598,1.5636008234199545
1790847913.6626909,2.0153839405910965,0.6615424628139838,1.5630989365768213
1790847913.6826966,2.015412319024871,0.6651487759313176,1.5626880994191505
1790847913.7025895,2.0154346613475305,0.6678687106819258,1.5623685862260284
1790847913.722206,2.0154732827448902,0.6723874376302118,1.5620029831752575
1790847913.7422128,2.015505327418867,0.675985027959266,1.5617287150601984
1790847913.7625017,2.0155386841512253,0.6795999895301503,1.561272353059797
1790847913.783619,2.015573523972921,0.6832062460196374,1.5608615159021262
1790847913.8022113,2.01560997404876,0.6868211777256974,1.5604051539017243
1790847913.8221545,2.0156385365704734,0.6895497454464586,1.560040115865871
1790847913.8421037,2.0156883944949073,0.6941031261847552,1.5595834576440557
1790847913.8623204,2.015730002891153,0.6977614553583025,1.5591726040296399
1790847913.8824816,2.015762352846148,0.700533433085389,1.5589441185796533
1790847913.9023707,2.015817718151565,0.7051475853012986,1.5585329632582428
1790847913.9221547,2.0158637083833684,0.708849315724537,1.558167618029813
1790847913.942055,2.0159109675714424,0.7125510312110129,1.557711228601502
1790847913.962013,2.0159599456192514,0.7162614137194062,1.5573914027302218
1790847913.9820995,2.016010555364722,0.7199891573090048,1.5569805271734791
1790847914.0020592,2.0160624912465552,0.7237081921774956,1.5565241322595869
1790847914.0220034,2.01611633120115,0.7274532716341766,1.5562042954171431
1790847914.042091,2.0161711123359938,0.7311722635925655,1.5559299889030123
1790847914.062146,2.016226999303862,0.7348999307738077,1.5556101575461503
1790847914.0821176,2.016284171299333,0.7386362691382571,1.5553358455464372
1790847914.1020188,2.0163421460389257,0.7423639033911276,1.555107058389456
1790847914.1224935,2.0164007001485493,0.7460741471398176,1.5547872325181755
1790847914.1419795,2.016460022717358,0.7497583043029196,1.5545129369752082
1790847914.1621866,2.0165205239368946,0.7534424422911564,1.5542386414322407
1790847914.182499,2.0165814969391698,0.7570918080557153,1.553873312660556
1790847914.2020266,2.016643256656548,0.7607237767224545,1.5535990335743337
1790847914.2219577,2.0167061898362535,0.764347035313631,1.5531881909310812
1790847914.241997,2.016770296404986,0.767961581285313,1.5528228731305598
1790847914.2619803,2.0168354486393905,0.7715587264412493,1.5523665166157399
1790847914.2819703,2.0169029668642766,0.7751992848037275,1.5520467126867865
1790847914.3021054,2.0169715655496194,0.7788311328036541,1.5515903452008026
1790847914.3220258,2.0170413612772577,0.7824455723612113,1.5513160716001617
1790847914.342022,2.0171129038318303,0.7860773635593341,1.550859704114178
1790847914.3620527,2.0171862984541047,0.7897351941351887,1.550357806299882
1790847914.3825266,2.017261402317384,0.7933929879290544,1.5500379968853466
1790847914.402061,2.017337846833059,0.7970507539386948,1.5497181874708115
1790847914.424891,2.0174157677306095,0.8007171824914688,1.5492618090136645
1790847914.4422042,2.017495550279199,0.8044096450473327,1.549033032827846
1790847914.4625692,2.0175759460057168,0.8080760180806905,1.54875874277046
1790847914.482698,2.0176584584491883,0.811794499171676,1.5483933920564488
1790847914.502752,2.017742243986517,0.8155129507551687,1.548119085542318
1790847914.5224252,2.0178265366560115,0.8192053141417989,1.5477992651566195
1790847914.5421052,2.017912772787396,0.8229324027185135,1.5474794337997575
1790847914.5620687,2.0180000422484063,0.8266507752116636,1.547114083085746
1790847914.58205,2.0180882965976883,0.8303517392015313,1.546748737857316
1790847914.602135,2.0181776102764823,0.834043985588914,1.5463378732717366
1790847914.6220026,2.0182683559083605,0.8377361960289217,1.5460180528860377
1790847914.6439545,2.0183603174131535,0.8414196840264108,1.5456527131431896
1790847914.6623585,2.018452676121044,0.8450770828140752,1.5453329037286543
1790847914.6824574,2.0185471866040716,0.8487778902496051,1.5451496468999857
1790847914.7021081,2.01864295034169,0.8524960526379184,1.5448753403858548
1790847914.7223637,2.0187389289419486,0.8561881297077816,1.5446465642000367
1790847914.7421718,2.0188364338681075,0.8599062458006517,1.5444633018857865
1790847914.7621467,2.018934267926232,0.8635982752076888,1.5441434815000876
1790847914.7837763,2.0190322666346296,0.867255528261756,1.5437326278856718
1790847914.8024457,2.019131602604456,0.8709127442021459,1.543412818471136
1790847914.8222382,2.0192326360015462,0.8745786076257778,1.54304748421387
1790847914.8421736,2.0193341526990953,0.878227069632462,1.5427731996420655
1790847914.8621078,2.019436706723166,0.8818841936124834,1.5427265228271723
1790847914.8821836,2.0195410233792273,0.8855934286115539,1.5427708737554142
1790847914.903346,2.019644803532013,0.8892939866571437,1.5426786611266263
1790847914.9226062,2.0197491173254587,0.8930119148106145,1.5427685314120179
1790847914.9421935,2.019853119287689,0.8967124666268879,1.5426763187832297
1790847914.9620752,2.019958111727829,0.9004390729664281,1.5424475316262487
1790847914.9822273,2.020062848078061,0.9041222177855017,1.5422642802831614
1790847915.002387,2.0201692158918325,0.9078313976605764,1.5420354986117617
1790847915.0224574,2.020276471821034,0.9115492452310693,1.5418522362975111
1790847915.0424888,2.020383861373347,0.91524970028911,1.5417600236687234
1790847915.0627394,2.0204915921538915,0.9189501454287452,1.5416678110399353
1790847915.0825353,2.0205992426218558,0.922641899575527,1.5415300790539979
1790847915.1021724,2.0207073188562545,0.9263336391882105,1.5415744354678218
1790847915.1221282,2.020815992665708,0.9300427501362954,1.5415277421961828
1790847915.1421087,2.020924628113232,0.9337518622064531,1.5414810489245443
1790847915.1625748,2.021033265870911,0.9374522808322883,1.5413888362957562
1790847915.1826673,2.021141691854129,0.9411353167892184,1.5413876733524305
1790847915.2026439,2.0212502511372636,0.9448270432777646,1.5413409855663738
1790847915.2225535,2.0213592830504967,0.9485361416211839,1.5414763806944964
1790847915.2425992,2.021467257597985,0.9522104974511658,1.5414296983940214
1790847915.262234,2.0215753654246456,0.9558935427606716,1.5414285354506958
1790847915.2820199,2.021683773825201,0.9595852726353635,1.5414728918645195
1790847915.3021595,2.021792099042862,0.9632683126014336,1.5413806847213132
1790847915.3221943,2.021900554288572,0.9669513487444314,1.541288477578107
1790847915.3421855,2.022010161812728,0.9706604322181089,1.5412417843064685
1790847915.3620954,2.022119768775874,0.974360822260803,1.5411495716776806
1790847915.3821545,2.022229591217554,0.9780612059163614,1.5410573590488925
1790847915.4022021,2.02234010397285,0.9817789549716931,1.541147229334284
1790847915.422603,2.0224508352685153,0.9855053931115398,1.541100530577064
1790847915.442537,2.022561181847607,0.9892144557199656,1.5409627931055445
1790847915.462432,2.022672431223897,0.9929408794786119,1.5408250501484437
1790847915.4821656,2.0227845412876233,0.9966759710045755,1.5407328265484923
1790847915.5026393,2.0228963879859267,1.0003936833111313,1.5405495642342422
1790847915.5224414,2.023008177932578,1.004094005953968,1.5406394400052155
1790847915.543243,2.0231214548324634,1.0078377559066765,1.5405927357624132
1790847915.5622194,2.0232340400279023,1.0115641374493027,1.540637081205074
1790847915.58212,2.0233464603392193,1.015290522922277,1.5407724708476147
1790847915.6020124,2.0234586743418967,1.0190169167062662,1.5407257720903942
1790847915.622517,2.0235715100035736,1.0227780671310416,1.5407701065618913
1790847915.6443346,2.0236837017644986,1.026521847665866,1.5409054907188506
1790847915.662564,2.0237958122083874,1.0302656327348012,1.5408587864760483
1790847915.6827397,2.023908318402801,1.0340267930331102,1.5409031209475452
1790847915.7023737,2.0240210033840853,1.0377966415107123,1.5409929747761912
1790847915.7224383,2.024133131883719,1.0415491206164487,1.5409007456906583
1790847915.7427082,2.024244920427792,1.045292915309134,1.5408540414478564
1790847915.7631779,2.0243565335079277,1.04901932714304,1.5408073426906361
1790847915.782872,2.0244672778682813,1.0527109876808904,1.5408516991044598
1790847915.8027709,2.0245782942770005,1.056420029254329,1.5408050058328213
1790847915.8223789,2.0246879736045753,1.0600856379181651,1.5409859367748384
1790847915.8426273,2.024796792786593,1.0637251927645517,1.540939265445527
1790847915.862088,2.024905576214247,1.0673647486833395,1.540892594116215
1790847915.8827524,2.0250143103797655,1.070995611495121,1.5408914476296345
1790847915.9024541,2.025123350453872,1.0746351586871818,1.5409358205002035
1790847915.9221761,2.0252312434620205,1.0782486585472457,1.540934679499205
1790847915.9420264,2.025340106116656,1.081905597017104,1.5411611352839536
1790847915.9620633,2.025447824087488,1.085536489072732,1.5412510329972537
1790847915.9821482,2.0255544958221807,1.089150025191419,1.5412498919962552
1790847916.0023649,2.025662582321021,1.0928156811679086,1.5414308229382725
1790847916.02203,2.025769874141656,1.0964639747770424,1.5414296709661102
1790847916.0422888,2.02587586160806,1.1000775310293431,1.5414285299651116
1790847916.0624113,2.025982024107791,1.1036997744750079,1.541563952521143
1790847916.0820858,2.0260878118369257,1.1073133365813075,1.5415628115201445
1790847916.1021435,2.0261930234318837,1.1109182211202129,1.5416071953618768
1790847916.1222372,2.026297860134925,1.1145144222061878,1.5416971040463405
1790847916.1420286,2.026402081496465,1.1181019468289715,1.5418325375735356
1790847916.1620913,2.0265058642058187,1.1216981774323251,1.5420134904578795
1790847916.1825855,2.0266089093631807,1.125285734982413,1.5422399681849546
1790847916.2027407,2.0267120905044984,1.1288993714085973,1.5423298713838365
1790847916.222211,2.0268152338691996,1.1325303962933688,1.5424197690971369
1790847916.2420928,2.0269174763757762,1.136135365217865,1.54255519713875
1790847916.2620096,2.0270202953190193,1.139775093474185,1.5425995700093187
1790847916.2821112,2.0271217662705725,1.1433800841988004,1.542734998050932
1790847916.301976,2.0272236034999147,1.1470111459488916,1.542824895764232
1790847916.322283,2.0273251150666303,1.1506422157740246,1.5430058376774127
1790847916.3421392,2.0274256459009936,1.1542646199003659,1.5431412602334442
1790847916.3620613,2.0275264482029116,1.157913096479124,1.5433221966610435
1790847916.3820722,2.0276261959687853,1.1615442162328575,1.5434120943743435
1790847916.4022176,2.0277263599189284,1.1652100983007028,1.5435019811164803
1790847916.4222407,2.0278262777939777,1.168875987084841,1.543591867858617
1790847916.4422157,2.0279262686177986,1.1725505667494258,1.543727273957903
1790847916.4621396,2.028025888085207,1.1762251585948116,1.543680591657428
1790847916.4820538,2.0281252350275407,1.179891062893025,1.543770478399565
1790847916.5024784,2.0282241845093187,1.1835482851270178,1.5438148457845524
1790847916.5224526,2.028322611537766,1.1871968286582673,1.5438136938123899
1790847916.5419629,2.0284210016142263,1.1908453721403047,1.5439035860401082
1790847916.5624866,2.0285188028049115,1.1944765458923294,1.543902439553528
1790847916.5825005,2.0286154957713034,1.1980816679339845,1.544037867595141
1790847916.6023684,2.0287125210479893,1.2017128614507757,1.5441277653084409
1790847916.622496,2.0288092760586176,1.2053353694451157,1.5441721436645919
1790847916.6420655,2.028905433732516,1.208949200630982,1.5441710026635929
1790847916.6620195,2.029002246854988,1.2125890925372889,1.5443064197340424
1790847916.6821883,2.0290991710303343,1.2162376773467767,1.544214223562
1790847916.702116,2.0291956378100315,1.2198688867939371,1.5442130770754197
1790847916.722414,2.0292923812548964,1.223508781602283,1.5442574499459887
1790847916.7463608,2.029389590917018,1.2271660515404386,1.5442107731310957
1790847916.7625728,2.0294869934880118,1.2308320090669014,1.5442096156733518
1790847916.7821488,2.0295841688695,1.2344892788702178,1.5442539830583388
1790847916.8022044,2.0296808045482426,1.23812917654193,1.5442983559289076
1790847916.822498,2.0297780332367674,1.2418038313770359,1.5443427178283133
1790847916.8420753,2.029874533468846,1.2454524253290573,1.5444326100560317
1790847916.862158,2.0299707065112633,1.2491010279238828,1.5445225022837503
1790847916.8821447,2.0300668412992344,1.2527670178661408,1.544612389025887
1790847916.9019732,2.030162522361116,1.2564330186279156,1.5447933199679045
1790847916.9221616,2.030257481074283,1.2600903456084536,1.5449287315527718
1790847916.9419706,2.030352308674671,1.263765062139253,1.545064137652058
1790847916.962101,2.0304462757291977,1.2674224147307576,1.5451995492369257
1790847916.9821112,2.0305393442116504,1.2710624043087002,1.5453349663073752
1790847917.0020735,2.0306330236527868,1.274745843800154,1.54542484756393
1790847917.0224607,2.030725575577078,1.2783945400416665,1.5455147397916484
1790847917.042186,2.0308174439802626,1.2820258676885603,1.5456046375049486
1790847917.0620553,2.030908560213337,1.2856485218966782,1.5456490158610994
1790847917.082101,2.0309997861709648,1.2892885570639925,1.5458754771314291
1790847917.1026652,2.0310906946666387,1.2929372946257474,1.5459653693591477
1790847917.123219,2.031203259163267,1.2974895495219227,1.546146020536497
1790847917.1419866,2.031270737467754,1.300234811608547,1.5463272422143455
1790847917.1621213,2.0313599975819803,1.3038835898672458,1.5464171344420643
1790847917.1821487,2.031448594872165,1.3075236920628261,1.546461507312633
1790847917.2021213,2.031537328143662,1.3111811743211679,1.5466879630973818
1790847917.2222095,2.031625858607008,1.3148560479571012,1.546823369196668
1790847917.2422066,2.0317131838762372,1.3185048730315998,1.5469132614243863
1790847917.2625566,2.0318004265035574,1.322171083263781,1.5471852365662841
1790847917.2827945,2.031887418171424,1.3258546867703678,1.547275117822839
1790847917.3028047,2.0319743613762133,1.3295556765759857,1.5473649935938123
1790847917.322519,2.032060557508909,1.3332479897472007,1.5475914384073974
1790847917.3424976,2.0321467843830674,1.3369576893566888,1.5476357893356396
1790847917.364574,2.0322327517540497,1.3406760869604921,1.547725659621031
1790847917.3824856,2.032318143306021,1.344385803783476,1.547952098949034
1790847917.4026518,2.0324032176415945,1.3481129138376382,1.5480874885915752
1790847917.4222937,2.0324871834797498,1.3518226642592601,1.5482228837196979
1790847917.4422452,2.032569977449289,1.3555063623964143,1.5484948533760141
1790847917.4625232,2.032651867678245,1.359181389994384,1.5486302594753
1790847917.4820917,2.0327331594326634,1.362865122637828,1.5488111849317359
1790847917.5020723,2.032813932607866,1.3665575573700466,1.549128673945202
1790847917.5225282,2.0328943475147736,1.3702760770994107,1.5494006326303542
1790847917.5431511,2.0329737682134255,1.3740033119075654,1.549536022272895
1790847917.5622816,2.0330524136749974,1.3777218694742226,1.5498079809580483
1790847917.5823252,2.0331297446951355,1.3814056884495651,1.5498978622146034
1790847917.6024783,2.0332071913159453,1.3851068912524314,1.5498056495858155
1790847917.6222715,2.0332846555313338,1.3887907084779432,1.5498044866424898
1790847917.6422884,2.0333614401098226,1.392422389505052,1.549621251756148
1790847917.6622906,2.0334388048843515,1.3960714414541644,1.5495290555841055
1790847917.6827047,2.033516137213962,1.3997031077335211,1.5496189532974054
1790847917.7028017,2.0335937778226576,1.4033608443812196,1.5496633206823922
1790847917.7225943,2.033670981365229,1.4070272808062578,1.54984425162441
1790847917.7423024,2.033747705572403,1.410702418827041,1.5500707019235767
1790847917.76232,2.0338237632822267,1.4143775717620741,1.5502061080228626
1790847917.7824812,2.033918204910599,1.4189737003748049,1.5502501791864367
1790847917.8023548,2.0339748961922792,1.421736591472316,1.5503403511788227
1790847917.8225243,2.03406893549659,1.4263066549519,1.550156820071068
1790847917.842417,2.034125252010895,1.429034788866946,1.549973870434976
1790847917.8643267,2.0342209827049866,1.4336395823404924,1.5500634609556994
1790847917.8826745,2.034297540298344,1.4373234185178685,1.5500622980123737
1790847917.902606,2.034354155792547,1.4400515451985514,1.5499703925761625
1790847917.9227843,2.034450097135136,1.4446737173339113,1.5501510218111845
1790847917.9428923,2.0345271884503267,1.4484010021031677,1.550195367253845
1790847917.9622974,2.0346034073562356,1.4521022293447488,1.5501941988249377
1790847917.9826703,2.0346795983821973,1.4558121475869834,1.5503295939530604
1790847918.0026278,2.0347560334626897,1.4595481373374184,1.5504194587528701
1790847918.0225787,2.0348321021223508,1.4633015184857379,1.5505093180670984
1790847918.0425935,2.0349073500784467,1.4670288388207746,1.5507357519095197
1790847918.0624478,2.0349823084890106,1.4707648584951802,1.5508256167093295
1790847918.0821264,2.0350385357062577,1.4735886031037746,1.5508702474022396
1790847918.1021743,2.0351315670337917,1.4782716785870242,1.5510053353377855
1790847918.1222317,2.035205087764144,1.481981651763053,1.5510496862660277
1790847918.1429393,2.0352780157419286,1.4856742539736092,1.551002998479971
1790847918.162439,2.0353500006221537,1.4893147225815315,1.5510473713505402
1790847918.1821342,2.0354221146901943,1.4929551896783393,1.5510007000212283
1790847918.2024906,2.0354757347129087,1.4956573018098331,1.5508632807134493
1790847918.2226596,2.0355648597292855,1.5001318507401522,1.5509073902760955
1790847918.2426615,2.035635870936969,1.5036854208897161,1.5508607463746922
1790847918.2628264,2.0357068453931406,1.5072389917783549,1.5508141024732895
1790847918.2823925,2.03577773165675,1.510783871999922,1.5508129834146176
1790847918.3025343,2.035848783257505,1.514328748911362,1.5508118643559456
1790847918.322216,2.035920198853304,1.517899694790152,1.550765214968961
1790847918.3424196,2.0359918328761393,1.52147932768486,1.5507640849391258
1790847918.3624156,2.0360634186731605,1.5250502691101824,1.5508084797520216
1790847918.3823497,2.036134550436902,1.5286125282350334,1.5508073552077681
1790847918.402764,2.036206520343283,1.5322269199232892,1.5509883026065308
1790847918.422839,2.0362777811152735,1.5358239429842044,1.5510782112909942
1790847918.4426634,2.0363487672331813,1.539429663857514,1.5511225951327268
1790847918.4628325,2.0364195977353665,1.5430440780502142,1.5513035425314896
1790847918.4821973,2.0364898124836235,1.5466498129775375,1.5514389705731024
1790847918.5022936,2.0365595841322803,1.550264248821785,1.5515288737719843
1790847918.522593,2.0366285725393807,1.553861315127778,1.5517098266563285
1790847918.5422602,2.0366801541526507,1.5565634648469127,1.551754495748311
1790847918.562491,2.03676570340413,1.561055468119059,1.5517075556254945
1790847918.583145,2.0368338000000716,1.5646351690054439,1.5517974697955397
1790847918.6025374,2.036902480377499,1.5682496268002883,1.551796328794541
1790847918.6225283,2.036971000716795,1.5718640865833269,1.5518862319934228
1790847918.642378,2.037038948704771,1.5754698649368286,1.5520216600350358
1790847918.6626995,2.037106981897366,1.5790930261519964,1.5520660383911864
1790847918.6827712,2.0371745273992583,1.5827075053311785,1.5520648973901878
1790847918.702653,2.0372420770057547,1.5863219833862787,1.5521548005890697
1790847918.7228847,2.037310076805831,1.589962529656981,1.5521081292597583
1790847918.7427871,2.0373781634546155,1.5936030743044516,1.5520614579304466
1790847918.7629743,2.0374465001253483,1.5972523043924012,1.552151350158165
1790847918.7836535,2.037514549497624,1.6009015398497943,1.5522412423858833
1790847918.8021953,2.037582384879205,1.6045681626167259,1.5523311291280204
1790847918.8225765,2.0376500858107183,1.6082521701006638,1.5525120545844557
1790847918.8433561,2.037717137062876,1.6119188072914286,1.5526019413265923
1790847918.862415,2.037783617193414,1.6155767648532022,1.5525552645116991
1790847918.8824618,2.0378505423628903,1.6192520964852444,1.5525996264111046
1790847918.902535,2.037916687963949,1.622875293697196,1.5525529605673747
1790847918.922564,2.037982919998265,1.6264984903775137,1.5524152505237643
1790847918.942646,2.0380492080922843,1.630104301725682,1.552368590165616
1790847918.9627688,2.0381155075105264,1.6336927295740742,1.5523219352930495
1790847918.9828186,2.0381815709891185,1.6372637784776296,1.5522752859060651
1790847919.0027573,2.0382480801961576,1.6408608935791784,1.5522741503906476
1790847919.0228462,2.038314554756482,1.644449318191154,1.5522274955180813
1790847919.0426323,2.038381235871066,1.6480464301100577,1.5522263600026642
1790847919.0626378,2.038448280572949,1.6516696086957694,1.5523617825586955
1790847919.0830138,2.0385160497489765,1.6553362337311683,1.5523606251009516
1790847919.1023545,2.0385834181300857,1.6589854839194786,1.552268428928909
1790847919.1225357,2.038650838119943,1.6626260399285129,1.552312801799478
1790847919.1426876,2.038718787285577,1.6662926616347027,1.5523116443417342
1790847919.1625416,2.038786817882218,1.6699679740185138,1.5522649620412592
1790847919.1826844,2.038854488324103,1.6736259087046972,1.5523093294262464
1790847919.2037115,2.0389219960580376,1.6772838453498715,1.5524447410111142
1790847919.222384,2.038989126815935,1.6809504810858498,1.5525346277532508
1790847919.2423122,2.0390557285465443,1.6846084343317083,1.5526700393381188
1790847919.2622256,2.0391220006935153,1.6882663946203418,1.552714406723106
1790847919.282572,2.0391886849933045,1.6919678048719287,1.5528042824940793
1790847919.3044837,2.0392549355287,1.695651839780214,1.5528941637506342
1790847919.3222551,2.039320793807034,1.6993185006865619,1.5528019620930096
1790847919.3421955,2.039386842487067,1.703002540262621,1.552800799149684
1790847919.3621695,2.039452584643793,1.7066692011579168,1.5528906858918208
1790847919.3825598,2.0395183306678235,1.7103358630331091,1.552889528434077
1790847919.4024432,2.039584266381649,1.7140199046367652,1.5528883654907513
1790847919.4219935,2.039649954784263,1.7177039485599024,1.553069290947187
1790847919.4419792,2.0397148910721574,1.7213619328063636,1.553113658332174
1790847919.4619923,2.039779066622674,1.7250025474516117,1.553158031202743
1790847919.4820585,2.039843483680739,1.7286779217921777,1.5533844815019102
1790847919.5022466,2.0399075959224975,1.7323619934855936,1.5535654069583458
1790847919.5222116,2.039970593219679,1.73602001163906,1.553609774343333
1790847919.5420918,2.040033329941257,1.7396867241322949,1.55379070528535
1790847919.562507,2.0400960302829376,1.7433708211711985,1.5538805865419052
1790847919.582724,2.04015770851818,1.7470288618014247,1.5539249539268924
1790847919.602364,2.040219640801483,1.750721661649113,1.5541513987404774
1790847919.6225278,2.0402813435504195,1.7544231593438981,1.55415023031157
1790847919.6428056,2.040342281618193,1.7580985951167039,1.5541945922109757
1790847919.6626518,2.0404031150510398,1.7617827224015414,1.5543755176674112
1790847919.6826937,2.0404639462781273,1.7654842334745853,1.5544653934383847
1790847919.7021623,2.0405238098360563,1.769159686906401,1.5545097553377902
1790847919.7227283,2.040583382549572,1.7728351429627351,1.554736205636957
1790847919.7424576,2.040642319624202,1.7765019195565612,1.5548260923790937
1790847919.76281,2.0407010918865303,1.7801947721018145,1.554961492992798
1790847919.782798,2.040759048553287,1.783870253999631,1.5551879432919646
1790847919.8027117,2.040816694585035,1.7875631242998222,1.555323343905669
1790847919.8223906,2.0408732695001315,1.791229938099038,1.5554132306478055
1790847919.8429182,2.040929349445743,1.794896757395761,1.5556852057897035
1790847919.862778,2.0409847236573704,1.7985635895231782,1.5557750925318403
1790847919.8825142,2.0410394763373487,1.8022304299335095,1.5559560234738576
1790847919.9021115,2.0410933527290243,1.8058799010948698,1.5561369599014567
1790847919.9221387,2.0411470281044646,1.809546758483197,1.5562268466435936
1790847919.9421318,2.0411999553376297,1.813204935141252,1.5563622582284615
1790847919.9623215,2.041252554174226,1.816871807075971,1.5565431891704788
1790847919.9825485,2.0413040802791076,1.8204952395884249,1.5566786117265101
1790847920.0020275,2.0413553610811603,1.8241360586962043,1.5567229845970794
1790847920.0229588,2.0414062764653966,1.8277595008851106,1.5567673629532304
1790847920.042483,2.0414569118123143,1.8313655649592193,1.5568117467949627
1790847920.0625174,2.041507549404312,1.8349803215923157,1.556719561594083
1790847920.0820637,2.041558274850527,1.8385863844001846,1.5567639454358158
1790847920.1020389,2.041609086295889,1.8421924470407738,1.5567172850776676
1790847920.122161,2.041660066134889,1.8458071988632716,1.5566250998767883
1790847920.142499,2.041711705652432,1.849456703419741,1.5567149921045067
1790847920.1624937,2.0417630211814544,1.853088831528459,1.5567138456179264
1790847920.1821017,2.0418144225373016,1.8567296510307836,1.5565761300887344
1790847920.2020383,2.041866321622126,1.8603878424253688,1.5567115416736022
1790847920.2221754,2.041918348726189,1.8640634161829168,1.556664859373127
1790847920.242055,2.0419696813971706,1.8676955440494296,1.5566637128865466
1790847920.2620692,2.04202138212145,1.8713624298073703,1.5567535996286832
1790847920.2820497,2.0420729217628004,1.8750293188858453,1.5567524421709393
1790847920.302389,2.042123729841439,1.8786614541278075,1.556751295684359
1790847920.32205,2.042174864722647,1.8823196562822722,1.556886707269227
1790847920.342173,2.042226242682845,1.8860039296653044,1.556885544325901
1790847920.3621483,2.0422774474045062,1.8897055864173926,1.5569754200968744
1790847920.382088,2.042328205795487,1.8933898673361347,1.5570653013534295
1790847920.402163,2.0423791152371784,1.8971002196772737,1.5571096522816714
1790847920.4225204,2.0424302073387106,1.9008453334448707,1.55715399223875
1790847920.442005,2.0424814324382456,1.904590446446136,1.5571072879959482
1790847920.4624543,2.0425326524853027,1.908300796597145,1.5569695505244288
1790847920.482348,2.042584456602139,1.9120285217122257,1.5567407633674473
1790847920.504322,2.0426368189253856,1.9157475453895878,1.5567395894529579
1790847920.5221689,2.042689277928448,1.9194491866691656,1.55664737682417
1790847920.5442755,2.0427415731163974,1.9231508281798673,1.556737252595143
1790847920.562148,2.042793162222191,1.9268437859492282,1.557054741608609
1790847920.582067,2.042843578851934,1.930536759911439,1.557372230622075
1790847920.602339,2.0428924978856116,1.9342210636012904,1.557644200278391
1790847920.6225352,2.042940274920938,1.9378880015204942,1.5578251312204083
1790847920.6420712,2.042987269096271,1.941520188110463,1.5578239847338275
1790847920.6620915,2.0430345158757093,1.9451523735141103,1.557640749847486
1790847920.6821423,2.0430826758320695,1.948784547969952,1.557366470761264
1790847920.7025096,2.0431317156925375,1.9524080191544748,1.5571377165177729
1790847920.7221296,2.043181258853255,1.9560227919996038,1.5569544871170131
1790847920.7420523,2.043231858100079,1.959681002653312,1.5569988545020004
1790847920.762551,2.043281983893962,1.9632957664197501,1.556906669301121
1790847920.7825804,2.043331672898859,1.9668757711820977,1.5569055392712856
1790847920.8027005,2.0433802819297378,1.9703862618366228,1.5569954753836581
1790847920.8224814,2.043427212288571,1.973783793233057,1.557039925052371
1790847920.842157,2.0434722615351486,1.9770770565113178,1.5572664960343359
1790847920.8621626,2.0435145404339115,1.9802226093291386,1.5576296799435663
1790847920.8825564,2.0435530022664596,1.983150941045867,1.5578563661227474
1790847920.9023392,2.0435885206886426,1.9859315640358757,1.5582196652291942
1790847920.922089,2.0436212925924298,1.988555786212729,1.558583013705876
1790847920.9425452,2.043650819468959,1.9909888511940896,1.5588553783240764
1790847920.9620197,2.043677613425821,1.9933089604947432,1.5598106100976623
1790847920.9825006,2.043700173817472,1.9954639883916008,1.561175592883738
1790847921.0027437,2.043719257067116,1.9974973910106417,1.5618122604698408
1790847921.0222695,2.043734866056983,1.9992961803494034,1.5624945242112371
1790847921.042499,2.0437494332085486,2.0010862927170763,1.562767091795961
1790847921.0621312,2.0437620273937536,2.0026765400815068,1.5630852445648153
1790847921.0820324,2.0437728151050556,2.004101684846107,1.5632668831468755
1790847921.1020062,2.043781794181908,2.005300893485667,1.5633575488416167
1790847921.1220925,2.0437887779231425,2.0062480935289226,1.5635848603771143
1790847921.142175,2.0437944941699846,2.007056254302465,1.5639943041970268
1790847921.1621966,2.0437986790745377,2.0076906160108314,1.5645858912725181
1790847921.1823094,2.043801241026868,2.0081251064178947,1.5654961961317815
1790847921.20211,2.0438029399647055,2.0084640077393385,1.5664520532616844
1790847921.2220905,2.0438041832623908,2.0087855253277564,1.567863136876572
1790847921.2422576,2.043804881306368,2.0090983485948852,1.5697749663335943
1790847921.2623434,2.043804966570076,2.0092286869531697,1.5710040218901193
1790847921.2820272,2.043804934781142,2.0092808164356417,1.5720054916320612
1790847921.3025787,2.0438048555353405,2.0093329448202844,1.5730980055738837
1790847921.3224933,2.04380476172258,2.009367690707175,1.5743726134010485
1790847921.342046,2.043804481903061,2.0094371968285265,1.5756472102570502
1790847921.3621578,2.043804018105629,2.0095240826127707,1.57692180162747
1790847921.3820915,2.043803209682689,2.00964572657163,1.5782874262266076
1790847921.4020877,2.0438024379734814,2.0097412969776927,1.5798806695538192
1790847921.4219983,2.0438013367614456,2.009854242321797,1.5817470399950904
1790847921.4420516,2.0438010322092905,2.009880284340089,1.5840686588636737
1790847921.4620044,2.043801536340654,2.0098454948636992,1.5868910400311362
1790847921.481977,2.0438038073944758,2.0097151218554496,1.5903962828684033
1790847921.5021968,2.0438071259268487,2.0095586911585723,1.594129144433744
1790847921.5224924,2.0438119118153613,2.0093675213686,1.5981351495698901
1790847921.5421073,2.0438169489752314,2.009193740822107,1.6025053260199773
1790847921.5621817,2.0438230339373216,2.00901129180004,1.607467292512079
1790847921.582017,2.0438290173351277,2.00885492574844,1.6124747728757487
1790847921.6025076,2.0438373690368397,2.0086638608819674,1.618028529409865
1790847921.622221,2.0438454043750096,2.0084988767844707,1.6238098882153105
1790847921.6420765,2.0438283262554617,2.008811218505498,1.6270873806705417
1790847921.6619709,2.043809262136667,2.0091408488644102,1.6310021770393555
1790847921.6819844,2.0437904183111235,2.009444369360136,1.6354177247358852
1790847921.7019875,2.0437662071643334,2.0098085008590565,1.6398787753328194
1790847921.7225106,2.0437435154677184,2.010129185315281,1.6442032733438867
1790847921.7422853,2.04372599573974,2.010363113780725,1.6486188429827437
1790847921.7622051,2.0437093624177156,2.0105709576608524,1.6534441197494356
1790847921.7821798,2.043696163728851,2.0107267617181277,1.6587246339722759
1790847921.8026078,2.043678204371178,2.010925761127078,1.664414833380625
1790847921.8226757,2.0436699099327433,2.0110122017810745,1.669968502145434
1790847921.8424785,2.043663859997601,2.0110726677194446,1.6754766570386754
1790847921.8619666,2.0436685173760183,2.011029400366267,1.6812579774450493
1790847921.8820255,2.0436734335243374,2.0109861542362153,1.687676607250587
1790847921.902126,2.043666121979213,2.011046462654231,1.6947325135417988
1790847921.922035,2.0436509471279454,2.0111670936349055,1.701742878533534
1790847921.9424086,2.0436299476537436,2.0113220093616433,1.7095726303530319
1790847921.9622762,2.0436152278905015,2.0114251529902383,1.7176755312289165
1790847921.9821463,2.0435968299697183,2.0115453142498074,1.7264157360183836
1790847922.0027442,2.04357217172664,2.0116996749534053,1.73552010663621
1790847922.0221903,2.043550277986958,2.0118280676059204,1.7447610517822296
1790847922.0424066,2.043525757136515,2.01196481893891,1.7543206488850407
1790847922.0625863,2.043501293289612,2.0120927413845657,1.7640168150304636
1790847922.0825646,2.043474012701781,2.0122289634381283,1.7740316331326775
1790847922.102638,2.0434168907450196,2.0125010033901396,1.7837732747505963
1790847922.1221576,2.0433721374995937,2.0127045820471907,1.7945164245095284
1790847922.1424942,2.0433009736048655,2.013009061676076,1.8082639999510306
1790847922.1622422,2.04325533423481,2.013194615057378,1.8169131385982902
1790847922.1823907,2.043173364315012,2.0135143605615258,1.8290219129563594
1790847922.2023966,2.0430698235715683,2.013900317881484,1.8413127537718632
1790847922.2221093,2.042954110098508,2.0143099601119876,1.853831196858696
1790847922.24205,2.0428453801435356,2.0146763802672343,1.867123529358468
1790847922.262112,2.0427241469045776,2.015066243148981,1.8808255525293307
1790847922.2821565,2.042586872961616,2.015487476269418,1.89461860892891
1790847922.302035,2.0424408401513707,2.015914944680026,1.9086392730854007
1790847922.3221145,2.0422945562129504,2.0163239090181255,1.923024119526995
1790847922.34254,2.0420957669929862,2.0168524013315308,1.9413693475215337
1790847922.3631973,2.041917061564129,2.0173048623580976,1.9563004427056667
1790847922.3825274,2.0417315797308366,2.017754585546696,1.9714136262895607
1790847922.4025724,2.041567479649033,2.0181379316881816,1.9829761080204376
1790847922.422558,2.041291103074794,2.01875660194763,2.002641441256964
1790847922.4425642,2.041044371699926,2.0192837731349877,2.018528470369144
1790847922.4623098,2.0407854193912094,2.019814733488242,2.0345520630383542
1790847922.482567,2.0405061386037335,2.0203646939089497,2.0507122137790126
1790847922.502555,2.04021395172789,2.020917753073397,2.067008928076701
1790847922.5224361,2.039976338201301,2.0213522169633817,2.0792542166215644
1790847922.5421655,2.0395772028644683,2.022054679598573,2.0996933844152124
1790847922.5643327,2.03924493046182,2.022615153463797,2.1163087451841105
1790847922.582535,2.038990742505752,2.0230299711775572,2.128781646971467
1790847922.6020484,2.0385805110068,2.0236750605861498,2.149721571578413
1790847922.6221762,2.0382541248033,2.0241674364306235,2.1666556062464295
1790847922.6426406,2.0379342048101723,2.024632724006887,2.1835441270428784
1790847922.662386,2.0376065820287383,2.025092620307795,2.200432647839327
1790847922.6823766,2.037271264510287,2.025546935466512,2.2174122128356566
1790847922.7026105,2.0370291484781955,2.0258648319764827,2.230249318850444
1790847922.7221546,2.0366148006274956,2.026389925176854,2.2515989725275527
1790847922.7425108,2.036284066625779,2.0267927535585253,2.268806161737538
1790847922.762603,2.0360371494381457,2.0270845091416234,2.281734317437788
1790847922.7824717,2.035602074572808,2.027581062594208,2.303220540157509
1790847922.802268,2.0352451482547806,2.027972716731473,2.3204732487246438
1790847922.822032,2.034881526947413,2.028358163065548,2.3377259572917786
1790847922.8422344,2.0344687677638715,2.0287807582536783,2.3550241687593174
1790847922.8621993,2.034055052471602,2.029190149237729,2.372641037669229
1790847922.8825583,2.0336341501630955,2.029592145382974,2.3903489507790208
1790847922.9024878,2.03319327280479,2.0299982507142325,2.4079658142033504
1790847922.9222162,2.0327389132742786,2.030402411174331,2.425537152784949
1790847922.942261,2.0322907593878026,2.030787264325032,2.443017452652249
1790847922.9622262,2.031862662062184,2.0311419877673447,2.4604067192908317
1790847922.9821582,2.0314148928057305,2.0315000746861873,2.4777959804438328
1790847923.0034776,2.0309815683023076,2.0318343493322324,2.4951397277252663
1790847923.0224898,2.030549516616543,2.0321559147702124,2.512528999849431
1790847923.0425205,2.030104941214979,2.0324750730079737,2.5298727471308644
1790847923.0625389,2.0296478315259114,2.032791534567882,2.547170969569567
1790847923.0827346,2.0291924881058025,2.0330951347687805,2.56442367265112
1790847923.1026711,2.028739272052368,2.0333861125673396,2.5818129447752844
1790847923.1226978,2.0282884031298742,2.033664508401976,2.59924774174218
1790847923.1424177,2.0278253483988955,2.033939557474713,2.6167280580662253
1790847923.1621828,2.0273499363847605,2.0342106508435225,2.6341628495475393
1790847923.1825025,2.0268698795877436,2.034473431794459,2.6515976410288533
1790847923.202134,2.026393025098479,2.034723797069408,2.668986913153018
1790847923.222232,2.0259351665106093,2.034954094450249,2.686330671405615
1790847923.2425237,2.025426445058597,2.035199122412197,2.7035833690015862
1790847923.2621245,2.0249057183469836,2.035439064740427,2.720608453355065
1790847923.2823808,2.0243571009952377,2.035680574360017,2.737314874780589
1790847923.3024337,2.023812568410358,2.035909603355644,2.753702644249321
1790847923.3222268,2.0232805329916044,2.036123334234969,2.769726242404113
1790847923.3424633,2.022867111034324,2.0362826610074003,2.7815163264063196
1790847923.3626134,2.0222147902943726,2.0365224046519654,2.8008174773577412
1790847923.3822172,2.021747165536078,2.0366852279448215,2.815976180298785
1790847923.4024167,2.0212358631190006,2.0368545741868904,2.830634126426531
1790847923.4221663,2.0207635387184117,2.0370032441557218,2.8450644757685297
1790847923.4444969,2.020305894578065,2.0371405322076597,2.859221697996468
1790847923.4623818,2.019804520219165,2.037283100552382,2.8727871192112286
1790847923.482551,2.0193432101467796,2.0374075523491437,2.8861249436402416
1790847923.5026438,2.0188719639802333,2.0375284034810908,2.8992351548267616
1790847923.5228515,2.0183907083375803,2.0376450555534444,2.911844620171148
1790847923.5427265,2.01797575528389,2.0377399817447253,2.9242720190581
1790847923.5625503,2.0175257309698353,2.0378373665566096,2.9360620975747245
1790847923.58286,2.0170660583038673,2.0379311067516874,2.947624562848856
1790847923.6025507,2.016639453022498,2.038012904695177,2.9589139064945096
1790847923.6225438,2.016220526440238,2.0380884855521155,2.9698845981833712
1790847923.6422944,2.015800810131938,2.038159582772554,2.9804000688728305
1790847923.6624315,2.0154576045777257,2.0382139560096477,2.9907789979475865
1790847923.682071,2.015113831233165,2.0382646595268783,3.0006116618230587
1790847923.7022395,2.0147523887799332,2.038314619421272,3.009898055013666
1790847923.7222893,2.0144077374570486,2.038359004992728,3.019275497889735
1790847923.7425828,2.014114464915863,2.0383940699378056,3.028288780423027
1790847923.76226,2.0137776977176456,2.0384312603082275,3.0370744387426627
1790847923.7821913,2.0134838535719286,2.038461262814831,3.0451772792771483
1790847923.8024113,2.0132416871095167,2.038484264050904,3.0510950754712445
1790847923.8225827,2.0128608666899503,2.038517373945238,3.060563551576031
1790847923.8433354,2.0125663865861703,2.038540458082949,3.0676649059118297
1790847923.8623645,2.0122544160761264,2.038562750102016,3.0745841663622855
1790847923.8822813,2.011976982005218,2.0385806291671167,3.0811392609843824
1790847923.9023852,2.0117601621740766,2.0385932062940806,3.087193631706672
1790847923.9229074,2.0115172341030467,2.038605900092355,3.092838295301126
1790847923.9421434,2.0112481960865054,2.0386185390500255,3.0980732517677456
1790847923.962401,2.010979093929315,2.0386297805899467,3.1031261198346027
1790847923.9823875,2.010762041240664,2.0386377813400296,3.1078148275586828
1790847924.0024118,2.0105449472915655,2.038644770432904,3.1119572700834794
1790847924.0225453,2.010345198039738,2.0386503871430794,3.115917629694097
1790847924.0424712,2.0101280487653574,2.0386556807966065,3.119422762819729
1790847924.0623882,2.009945631977843,2.0386595278201365,3.1225637301170024
1790847924.0821347,2.009763202087123,2.0386628125751014,3.1255226090145145
1790847924.1022055,2.009519935242112,2.0386664670662107,3.1281628140129083
1790847924.1224062,2.009163694812925,2.0386709015148163,3.1306664170551994
1790847924.142093,2.0087205451947368,2.0386753374112443,3.132987904269821
1790847924.1620889,2.0082165574575486,2.0386791896390677,3.1353548943848475
1790847924.182033,2.007564831712181,2.0386826169686723,3.1377673599723694
1790847924.2020764,2.006904402925712,2.038684611697426,3.1395880355178765
1790847924.2226028,2.00614837022964,2.038685822719181,3.1405437609938183
1790847924.24214,2.005253285827622,2.038686634675526,3.1407710889860607
1790847924.2624252,2.004279986194125,2.0386874332294758,3.140679737593603
1790847924.2822196,2.003185025349639,2.038688408056365,3.1406793920019545
1790847924.3023007,2.0019162522876925,2.038689984719746,3.139859593755563
1790847924.3224752,2.000569271682948,2.038692511198891,3.139267381323755
1790847924.3421378,1.9991614672716584,2.038695863691259,3.139175892791755
1790847924.362238,1.9976667645157924,2.0386994050941527,3.1393575094314876
1790847924.3821926,1.9959113546515648,2.038703266950752,3.139356955387733
1790847924.4025013,1.9940342833768565,2.038707683098718,3.1393563629449073
1790847924.4220462,1.9919312672936977,2.0387121662377385,3.1393556991895184
1790847924.4421272,1.989637061929212,2.0387176363460053,3.1387176656935662
1790847924.4620655,1.9871082329722454,2.0387249956933493,3.138671345441485
1790847924.4821463,1.984379527879411,2.038733466042442,3.138215263205751
1790847924.5020673,1.981589998339895,2.038742984459579,3.138077816470064
1790847924.521973,1.9787396421994854,2.0387528730574482,3.1382590052344224
1790847924.541988,1.9758979819658915,2.0387617751144385,3.1392140724405566
1790847924.5623138,1.9733952561265566,2.0387648975767094,-3.140512345067335
1790847924.582098,1.9708056476871263,2.038757809466467,-3.1361430408247424
1790847924.6021883,1.968146579618709,2.03873864811219,-3.131591670124716
1790847924.622036,1.9653746512992492,2.0387065273288423,-3.127450033980433
1790847924.642023,1.9624899073015223,2.038661745761062,-3.123718132391894
1790847924.6621869,1.959457643423467,2.0386033544142825,-3.1201228437306208
1790847924.6820865,1.9563995407709212,2.038533590484575,-3.116664129597541
1790847924.702159,1.9532982486683022,2.0384524685004637,-3.113524083877997
1790847924.7219868,1.9501798421982857,2.0383613786849972,-3.1106571762436768
1790847924.7420561,1.947079081931089,2.03826191277424,-3.107699218923894
1790847924.761994,1.9439091326121256,2.038151233727646,-3.105105460345961
1790847924.7820334,1.940774216406309,2.0380336594993635,-3.1025116907968644
1790847924.8025696,1.9375875073723845,2.037906065442534,-3.100008981904394
1790847924.8222992,1.9344011139750843,2.037770766240652,-3.0976883614116852
1790847924.8421025,1.9311108915994262,2.0376229030860658,-3.095094641232824
1790847924.862466,1.9277689953077517,2.037463833853981,-3.092136760711186
1790847924.8820858,1.9244102264914908,2.0372939709730042,-3.08926992987501
1790847924.9043489,1.9210432618261162,2.0371143162886556,-3.0866307122813263
1790847924.9221382,1.9176507542240901,2.036924292962825,-3.0840370250159554
1790847924.9422154,1.9142760844819295,2.0367267575926813,-3.0815343764648837
1790847924.9621139,1.9108759143451628,2.036518907987871,-3.079077258242125
1790847924.9821193,1.9074675552813183,2.0363027113313805,-3.076756709061978
1790847925.002373,1.9040423458890137,2.036077694851365,-3.074709297967055
1790847925.0220459,1.9005742574046616,2.0358426705671966,-3.0726163784861455
1790847925.04248,1.8970633078792032,2.0355975561805586,-3.0706600390190117
1790847925.062471,1.8935441567595284,2.0353451919505834,-3.0689313127943705
1790847925.0824687,1.8900341039445887,2.0350874955405813,-3.067339150126759
1790847925.1022375,1.8864984757529515,2.03482218506799,-3.065610429387699
1790847925.1220164,1.8829372832826021,2.03454916266934,-3.064200371576594
1790847925.142478,1.8794024768873383,2.0342730632532917,-3.0628358276370564
1790847925.1620147,1.8758420457161684,2.0339902860366577,-3.0614257698259513
1790847925.1823776,1.8722733586424458,2.033701722462313,-3.0601522810574577
1790847925.202126,1.8687137021513582,2.033409341926794,-3.058833267446233
1790847925.2253249,1.8642884664726933,2.0330395614695616,-3.057332439714333
1790847925.2420948,1.8616301285532006,2.032814218285283,-3.0564683618522617
1790847925.262072,1.858045562560985,2.0325068696718738,-3.0554680111689914
1790847925.2820594,1.8544699526112542,2.032196805418268,-3.054513179842871
1790847925.3020217,1.8509552009658266,2.031889044164302,-3.0537859398169163
1790847925.3222642,1.8473973974079696,2.0315748218724266,-3.053195279804737
1790847925.342235,1.843848414885286,2.031259512078603,-3.0525590949498267
1790847925.3626168,1.8402995933791877,2.030942347640919,-3.052287086894438
1790847925.3821905,1.836750897020278,2.0306238099008604,-3.051832990439289
1790847925.402468,1.8331936608013095,2.030303204797831,-3.051424418826871
1790847925.42224,1.8296278994329085,2.029980363684973,-3.0511524162570645
1790847925.4420493,1.8261055271845275,2.029660199096769,-3.0506527894736024
1790847925.4621415,1.822548656138519,2.02933555620903,-3.050335262061065
1790847925.4820697,1.8190005320613247,2.0290106595387423,-3.0502453424054377
1790847925.5021424,1.8154524578718008,2.0286852415293906,-3.0499733343500495
1790847925.522045,1.8118871220145176,2.028357711670569,-3.049883420180004
1790847925.542168,1.8082958454270532,2.028027557074805,-3.049930080538152
1790847925.5621274,1.80471323860532,2.0276980402453293,-3.0498401718536883
1790847925.58242,1.8011392995767022,2.027369159779351,-3.049795782526374
1790847925.6021895,1.7975394016035022,2.0270378528340003,-3.049887967727253
1790847925.622488,1.7939221770976697,2.0267051632298005,-3.049980158413714
1790847925.642134,1.7903481638620697,2.0263770673016928,-3.0501178574861605
1790847925.6621387,1.7867308145714031,2.0260457029886383,-3.0504831807722628
1790847925.68261,1.7831133594894246,2.025715495524689,-3.0508485040583655
1790847925.702567,1.7795217246211503,2.0253892155293913,-3.0512593412160363
1790847925.7224498,1.7759472570205146,2.025066061264592,-3.0517612170880057
1790847925.7421682,1.7723466736409415,2.024742241678575,-3.052217579088407
1790847925.7625725,1.7687805325746613,2.0244235284019423,-3.0526739301176455
1790847925.782389,1.765231556811095,2.0241079771052246,-3.053312364061064
1790847925.802223,1.7616650932999691,2.0237928804181577,-3.053859759290183
1790847925.8223522,1.758107101353151,2.0234806543622224,-3.0543616296765705
1790847925.8425283,1.754548943984603,2.0231702953957864,-3.0550455884627197
1790847925.862114,1.7509732740290163,2.0228607161594985,-3.05563850853457
1790847925.8823407,1.7473714218697936,2.0225513042930667,-3.056276958934734
1790847925.9023573,1.7437693755653192,2.0222441486476446,-3.0570064535347776
1790847925.9224656,1.7401930839856283,2.0219418229594144,-3.0576904178065085
1790847925.942657,1.7365819187844074,2.0216393677118627,-3.058465437249284
1790847925.962492,1.7329445472750713,2.0213374372934796,-3.0593770312202526
1790847925.9824698,1.7293589006143637,2.0210427197075287,-3.0601065203347146
1790847926.0026174,1.725764357900618,2.020750158521479,-3.0608815342919082
1790847926.0222313,1.7221695815955782,2.020460468727244,-3.0617475924489823
1790847926.0423653,1.7185745646297865,2.0201737938216504,-3.062522606406176
1790847926.0621228,1.7149792989874324,2.01989024190239,-3.06338866456325
1790847926.0821152,1.7113924650611385,2.0196103178052724,-3.0643002420774734
1790847926.1019917,1.707762059203391,2.0193302777339186,-3.065166311205711
1790847926.1221857,1.7041487265320618,2.019054909340766,-3.066032374848367
1790847926.1424432,1.7005525100539147,2.018783682622424,-3.0668984330054405
1790847926.1633403,1.6960460860072226,2.0184481352019414,-3.067901345455376
1790847926.1823528,1.6933507292402965,2.018249728841301,-3.0684939857625584
1790847926.2025301,1.6897711746273374,2.017988834654651,-3.0693600384340507
1790847926.222527,1.686200071506061,2.017731541112742,-3.0702716104626924
1790847926.242591,1.6826547352238157,2.0174794294717726,-3.071137652163021
1790847926.2622507,1.6791005180771803,2.0172297015679117,-3.072049218706081
1790847926.2825603,1.6755460689058073,2.016983298127206,-3.072960785249141
1790847926.3024876,1.6720000496518095,2.016740967228239,-3.0739178711493502
1790847926.322585,1.668436481017866,2.016500535671978,-3.0748749625351413
1790847926.3436682,1.6639795429968465,2.0162044932148944,-3.075968902728212
1790847926.3622231,1.6612913419482722,2.0160284429860234,-3.076607062392544
1790847926.3825648,1.6577271408919039,2.015797591918456,-3.0774731095784547
1790847926.4027789,1.6541454051237876,2.0155685972703483,-3.0782481180500665
1790847926.4225683,1.650572158347289,2.0153430538544086,-3.0789776016789467
1790847926.4426918,1.6469900606126555,2.015119776986671,-3.079843654350439
1790847926.4625194,1.6434164548346706,2.014899977678859,-3.0806641821792002
1790847926.4829555,1.6389492107000139,2.0146291390106925,-3.081530514615361
1790847926.5025065,1.636251400236067,2.014467485413217,-3.0821231549225434
1790847926.5226247,1.6327033485290872,2.01425704698853,-3.0828071082231108
1790847926.5422728,1.6291811589384864,2.014050886773996,-3.0836276195951267
1790847926.5656846,1.6256414524049274,2.013846572233485,-3.0844481364527243
1790847926.5821328,1.622101581609602,2.01364512344394,-3.085268653310322
1790847926.602771,1.6185788843016269,2.0134478293885625,-3.0860891646823374
1790847926.622714,1.6150039601393409,2.013250594048796,-3.0870917809108596
1790847926.6429055,1.6105176842240543,2.0130079821197677,-3.088322295632124
1790847926.6623003,1.6078275135287678,2.0128651528830424,-3.088960455296456
1790847926.682619,1.6033407860399882,2.0126310413054975,-3.09019097001772
1790847926.7023206,1.600641680091236,2.012492672355112,-3.090874654524783
1790847926.7247715,1.5961458341359245,2.012266709956595,-3.092059649888898
1790847926.7426214,1.5934464650442046,2.0121335524880664,-3.0928343785958416
1790847926.762793,1.5889328461897019,2.011915119407001,-3.0940193794455384
1790847926.7827687,1.5862071833553477,2.011785981303927,-3.094657550081034
1790847926.8021097,1.5817018383427621,2.0115765200831683,-3.09588807028788
1790847926.8222933,1.578984619699348,2.011452868685572,-3.0965717602805247
1790847926.8428018,1.5753383774702914,2.01128992441657,-3.0974833542514935
1790847926.8628223,1.5708064159795478,2.0110919978884354,-3.098668360586772
1790847926.8826303,1.5671858993868026,2.010937529665703,-3.0995344242294274
1790847926.902091,1.5644769314351983,2.0108241405537757,-3.100172589379341
1790847926.9223373,1.5599618245380098,2.0106390239221827,-3.1012665460291573
1790847926.9420102,1.5563582863656424,2.010494656190925,-3.102041559986351
1790847926.9621043,1.5536664119547015,2.0103887077033584,-3.1025886754508023
1790847926.9819794,1.5491856055141222,2.0102158480034755,-3.103682621129455
1790847927.0021155,1.5455990976178555,2.0100807995301735,-3.1045486738009473
1790847927.02222,1.5419950963710358,2.009948467337731,-3.105414731958021
1790847927.0420392,1.5383909712109332,2.0098194971599335,-3.106462878514856
1790847927.0620298,1.5347867191054647,2.009694153712167,-3.1074199808718106
1790847927.0824413,1.5311649779495105,2.0095717128454296,-3.1082860445144664
1790847927.102059,1.5275083879257243,2.0094513049049696,-3.1092431633281663
1790847927.122167,1.5238777501352943,2.009334976297315,-3.1101547518135533
1790847927.1419759,1.5211677306264688,2.009250367120293,-3.110792916963467
1790847927.1620655,1.5175108554278343,2.009138954939312,-3.111750035777167
1790847927.1824505,1.5129504798960447,2.009004727667975,-3.1127984840409972
1790847927.202056,1.5093020770989096,2.0089008869930445,-3.1136190338120855
1790847927.2224774,1.5056535856055802,2.0088001740765007,-3.1145306277830542
1790847927.2423067,1.5019876376103622,2.0087020638057655,-3.1153511830397242
1790847927.26238,1.4983389814207198,2.008607544642431,-3.1161717328108125
1790847927.2824752,1.4946902467971408,2.0085160624955365,-3.1170833267817812
1790847927.3020546,1.4909979947176382,2.0084267709652646,-3.1179494123667637
1790847927.3232086,1.4882265849485923,2.0083618256370204,-3.118542074616273
1790847927.3421323,1.4836219536755424,2.0082579477511766,-3.119727102893878
1790847927.3625686,1.4799207943485633,2.008178065476023,-3.1205476691217116
1790847927.3824167,1.4762369474883408,2.008101623199916,-3.1212771856640824
1790847927.4021115,1.4725530387486694,2.008028119878443,-3.1221887906062147
1790847927.4222772,1.468869071057553,2.007957685352468,-3.123009351348466
1790847927.4421272,1.4652024254346054,2.0078905840816685,-3.123738862405255
1790847927.4621625,1.4615444141029688,2.0078265971861535,-3.1246049370190745
1790847927.482492,1.4578950460093667,2.007765515095555,-3.125334442590282
1790847927.5023777,1.454202185282315,2.007706604455047,-3.1261094839753842
1790847927.5220551,1.4505353492434916,2.0076508713672023,-3.1268389950321733
1790847927.5422173,1.4468424080596634,2.00759731122063,-3.1275229922173944
1790847927.5621994,1.44314074670455,2.007545987902026,-3.127979381645704
1790847927.5821123,1.4394303685736836,2.007496446905784,-3.128572340116626
1790847927.602317,1.43575472004811,2.007449428020874,-3.1292563318162654
1790847927.6224053,1.432044286763294,2.007404288812901,-3.1297582460873064
1790847927.6452897,1.4283598985667072,2.0073613991412946,-3.130305674229916
1790847927.6620324,1.424701550997617,2.0073210623074633,-3.1310807046438542
1790847927.6824174,1.4210257976175702,2.007283217551232,-3.131673652143613
1790847927.7024817,1.4173587068189029,2.0072479276613056,-3.132494207400283
1790847927.7220457,1.4136915918933455,2.0072153541133604,-3.1332237184570717
1790847927.7420213,1.4100157651852872,2.0071854700960934,-3.13381666595683
1790847927.7620614,1.4062964706457137,2.007157521969414,-3.134455149270483
1790847927.7820246,1.4025858553830501,2.0071314575630717,-3.1348660193416436
1790847927.8021433,1.3988665383176853,2.00710715835871,-3.1352313700556547
1790847927.8225424,1.3951211421024161,2.0070840581240823,-3.1356422510979787
1790847927.842128,1.3913931179591004,2.00706238500766,-3.136053126654721
1790847927.8621671,1.387699843229553,2.0070426422697256,-3.13655503544018
1790847927.8822138,1.3839978684660104,2.0070247134048027,-3.137102469068371
1790847927.9021716,1.3803045738271833,2.007008889697581,-3.1376954220537105
1790847927.9221194,1.3766373425002227,2.0069953084749317,-3.1381518005108573
1790847927.9420457,1.3729266543657295,2.0069832178023774,-3.1386537147818983
1790847927.962239,1.3692420331707849,2.00697285216344,-3.139019054524746
1790847927.9821966,1.3656008579422971,2.0069642280902804,-3.1394299026535797
1790847928.0021787,1.3619336085883444,2.006957007626535,-3.1398862811107264
1790847928.0224864,1.3582663580005503,2.0069510422797885,-3.1402516153679922
1790847928.0426419,1.3546077958111515,2.006946719510016,-3.140571424782527
1790847928.0625494,1.3509579198253059,2.006943784522444,-3.1411188419539724
1790847928.0821927,1.347290664605657,2.0069425509316376,-3.141484176211238
1790847928.102135,1.3436060267887413,2.0069429934787117,3.1411537028257395
1790847928.1226072,1.3399561503754542,2.006945349198361,3.140606285654293
1790847928.1426957,1.3362802056333456,2.0069495668614943,3.1401043823544152
1790847928.1621947,1.3326042638911775,2.0069558775303107,3.1396024790545374
1790847928.1825855,1.328963086096368,2.0069638274758703,3.139100586725823
1790847928.2025306,1.325295842288902,2.006973469719831,3.1386442082686763
1790847928.2227051,1.321645984562986,2.006984729207688,3.138278879496992
1790847928.242678,1.3179787507896359,2.0069976285334974,3.137822501039845
1790847928.2625494,1.3143375927417478,2.0070120217027054,3.1373206087111303
1790847928.2826838,1.3106443037789939,2.0070284303111103,3.137000788325432
1790847928.302251,1.3069423290131923,2.007046356724642,3.1364533546972413
1790847928.3221762,1.3032751231261301,2.0070656219170417,3.1359969762400945
1790847928.342378,1.29958185783552,2.007086877931854,3.135586111654516
1790847928.3621767,1.29587122132822,2.0071097182063014,3.1351752415833554
1790847928.3821971,1.2921779733834025,2.0071338014148563,3.134764376997776
1790847928.4025226,1.2884760475386574,2.0071595041043118,3.1344900759692274
1790847928.4228733,1.2847654389530807,2.007186500756088,3.1340792058980664
1790847928.4425752,1.2810461494132575,2.0072147023773734,3.1337138551840553
1790847928.4627357,1.2773181820804158,2.00724446027248,3.1333940238271936
1790847928.4831934,1.2735989148569864,2.007275463449302,3.1330286731131824
1790847928.5025032,1.2698535897551277,2.007307880217773,3.1327998804706194
1790847928.5220842,1.266116963759131,2.007341333019505,3.132525568470907
1790847928.5420876,1.2623977256241585,2.007375648877568,3.132160217756896
1790847928.5626597,1.25868718797911,2.007410861419518,3.1319314360854964
1790847928.5821753,1.2550287994894942,2.0074466671062985,3.131702670870842
1790847928.6020749,1.2513617292436674,2.0074835206733006,3.1313373366135764
1790847928.6221135,1.247694670721698,2.0075214235825154,3.131063046556191
1790847928.6421778,1.2440797641746435,2.0075601907191105,3.1306977287556697
1790847928.6620855,1.2404561809855246,2.0076002940189146,3.1302868861124176
1790847928.6821184,1.2368326126408402,2.0076417187124314,3.1298760434691655
1790847928.702424,1.233200374597636,2.0076848158066665,3.1296017643829432
1790847928.7220747,1.2295768375153873,2.0077288896086287,3.129190921739691
1790847928.742134,1.2259620047118376,2.0077739297621044,3.128916648139051
1790847928.762107,1.2223384980745253,2.0078202768183626,3.1286878938955605
1790847928.7821054,1.2187323799380847,2.0078672253174292,3.128368100937771
1790847928.802103,1.2151175848159497,2.007915115595113,3.1281848715370115
1790847928.8224926,1.2114854219203208,2.0079639846973008,3.1280926808505507
1790847928.8428767,1.207870644023857,2.0080131577356584,3.127909451449791
1790847928.8620608,1.2042471829806007,2.008062866371579,3.127771741406181
1790847928.8820937,1.2006150411629946,2.008113277558806,3.12767955071972
1790847928.9021287,1.1970263501787017,2.0081634977795404,3.127450807447393
1790847928.9220917,1.193428977252715,2.008214253155459,3.1273586277320953
1790847928.942522,1.1898403005885245,2.00826533984224,3.127311972859529
1790847928.9621084,1.186260317537529,2.0083167147240717,3.127128754429933
1790847928.9824831,1.1826803408632753,2.008368460314912,3.1270365802002176
1790847929.0022504,1.179117750868488,2.0084204442622333,3.1270354556559643
1790847929.0223792,1.175520404998681,2.0084732242756407,3.1267611875409056
1790847929.0421422,1.1719317596497816,2.0085265356809168,3.126623488468459
1790847929.0623627,1.168317058519861,2.0085810606056125,3.1264402590676994
1790847929.0823936,1.1646936765162266,2.008636298844257,3.1262115048242087
1790847929.1020274,1.1610529249117398,2.00869230337656,3.126073789295017
1790847929.122007,1.1574121840382017,2.0087489338773095,3.1260271179657053
1790847929.14215,1.153762755143545,2.0088058707766483,3.1258438775937822
1790847929.1621597,1.1501046465855636,2.008863445918366,3.125797200778889
1790847929.1820962,1.1464465456236115,2.008921567197736,3.1256594797641153
1790847929.202123,1.142779763463042,2.008980417782493,3.12538518970673
1790847929.2221062,1.1391043046349347,2.009040078341888,3.1252474632063745
1790847929.2420669,1.1354114801871156,2.0091007815516444,3.1251097312204372
1790847929.265292,1.1317534189729945,2.009161416085423,3.124880966005783
1790847929.2825599,1.128060611721017,2.0092230941522953,3.1248342782197263
1790847929.302604,1.1244199445486884,2.0092842796696497,3.124787606890415
1790847929.3220375,1.1207966584225646,2.0093454229396235,3.1246498968468046
1790847929.3423338,1.1171733769264656,2.0094067783891645,3.124603231003075
1790847929.3625162,1.1135587912416276,2.009468483999194,3.1244200016023154
1790847929.382507,1.1099789695736118,2.0095300864749035,3.1242367831727194
1790847929.4025087,1.1063817808651903,2.0095926085182176,3.124053559257541
1790847929.4221964,1.1027672296442481,2.009656300954544,3.1238703298567816
1790847929.4455223,1.099152691763719,2.0097208625822467,3.123505012056261
1790847929.4620748,1.0955642387265838,2.0097859000974365,3.1232762687839335
1790847929.482075,1.09191498406275,2.009853082262647,3.1230930284120104
1790847929.5025861,1.0882657399507707,2.0099208912111046,3.122818743840207
1790847929.5219746,1.084642574285062,2.0099887986917366,3.1226810337965962
1790847929.5421484,1.0810020449349582,2.010057698321962,3.1226343624672848
1790847929.5620496,1.077352830997745,2.010127057228528,3.1224511220953617
1790847929.5820518,1.0736862497388973,2.0101972098290988,3.1223589204377373
1790847929.6024184,1.070045745704216,2.0102674886011456,3.1222212049085454
1790847929.6222212,1.0663704962265506,2.0103389440770814,3.1219924342083094
1790847929.648299,1.061774281659384,2.0104292124661347,3.1218544169721225
1790847929.6669827,1.0581164352003327,2.0105015478995596,3.1218077401572293
1790847929.6842203,1.0553361266936176,2.0105567334028147,3.1216247740643923
1790847929.7042227,1.0544325292996397,2.0105747787251014,3.1216244888141427
1790847929.7261074,1.0544325292996397,2.0105747787251014,3.1216244888141427
1790847929.7419815,1.0544325292996397,2.0105747787251014,3.1216244888141427
1790847929.7619593,1.0544325292996397,2.0105747787251014,3.1216244888141427
1790847929.7822208,1.0369428090651756,2.010929471486213,3.1210271802769136
1790847929.802238,1.0332502691776564,2.0110055911983102,3.120798404091096
1790847929.8220031,1.0295664313995612,2.011082122210389,3.1207061969478898
1790847929.8423684,1.0258826077281706,2.0111593290801424,3.1206139898046836
1790847929.862152,1.0222161674900871,2.011236550592715,3.120430743947179
1790847929.8828783,1.0185410468531382,2.011314252489828,3.120384061646704
1790847929.9053307,1.014831178028682,2.011392862732446,3.1204284125749457
1790847929.922104,1.011147373275374,2.011470967137231,3.1203362054317396
1790847929.94343,1.0074635689150164,2.0115489911432927,3.1204260866882945
1790847929.9620454,1.0037536994686393,2.011627572040427,3.1204704376165364
1790847929.982103,1.0000785748925562,2.0117050873212756,3.1204237553160614
1790847930.0020227,0.9964121417975144,2.01178254827542,3.1204225978583175
1790847930.0221598,0.9927283333794739,2.011860380590564,3.1205124791148724
1790847930.042128,0.9890792749748905,2.011937440200309,3.12042028294283
1790847930.0621042,0.985430219492555,2.012014588629919,3.1204191309706677
1790847930.0821598,0.9817724807897203,2.0120921324925156,3.120463498355655
1790847930.102149,0.978106049720856,2.012169738846416,3.1203712966980306
1790847930.1221693,0.974448310308435,2.0122472492427415,3.120415664083018
1790847930.1424403,0.9707731944039203,2.0123251746503232,3.120368981782543
1790847930.1621165,0.9670720133896855,2.012403655648456,3.120276769153755
1790847930.1823041,0.963370838148002,2.012482309807521,3.120366644924728
1790847930.2022636,0.9596696628675038,2.0125610114235104,3.1203654764958206
1790847930.2221072,0.9559337321538139,2.0126403290440322,3.1203642970957497
1790847930.242062,0.9522151719379914,2.012718898837325,3.1205452115810215
1790847930.262037,0.9485226662838524,2.0127964623553964,3.1206806121947257
1790847930.2835796,0.9438744414594423,2.0128935561130135,3.120815711101435
1790847930.3022144,0.9411028755813843,2.012951107931945,3.12086035825109
1790847930.322489,0.9374103465023678,2.0130275481072366,3.1209957588647943
1790847930.3423924,0.9337004302863149,2.01310388901885,3.1210401097930363
1790847930.3621414,0.9299905074118419,2.013179854167341,3.1211755049211587
1790847930.3821383,0.9263066455233729,2.0132551644625303,3.121174341977833
1790847930.402181,0.9226401570204373,2.0133299568725493,3.121173184520089
1790847930.4221482,0.9189562920915412,2.013405066863911,3.121263065776644
1790847930.4424467,0.9152724227392443,2.0134800110902185,3.1212619028333184
1790847930.4621458,0.9116233027539093,2.013554045659734,3.1212607508611563
1790847930.4824605,0.9079568028987759,2.0136282273643027,3.121350637603293
1790847930.502232,0.9043076805654627,2.0137021461700475,3.121349485631131
1790847930.522657,0.9006846236105814,2.0137756249283734,3.1212117755875206
1790847930.5426717,0.8970441998597287,2.0138499975937907,3.120983015858448
1790847930.5625346,0.8934037975087731,2.0139254098911454,3.1207542561293757
1790847930.58304,0.8898242312839441,2.014000500527619,3.1203889493000188
1790847930.6021013,0.8861838708363572,2.014077909736425,3.1201601895709463
1790847930.6222556,0.8825174652778991,2.014156711994189,3.120067987913322
1790847930.6422546,0.8788684396961842,2.0142353105149193,3.1199757917412794
1790847930.6619916,0.8751759733780919,2.014314724275137,3.120111192354984
1790847930.683045,0.8705104246076475,2.014414667297489,3.1202462857761115
1790847930.7025137,0.8677215172455384,2.0144742956706314,3.1201998832403044
1790847930.7221453,0.8640290375157114,2.014553132751191,3.120244239654128
1790847930.7420368,0.8603191876057598,2.014632728058343,3.120106502182609
1790847930.7624874,0.8566006580506618,2.014712978776912,3.1198321956684785
1790847930.7825058,0.8529082135834357,2.0147935944125908,3.1196034194826607
1790847930.8021057,0.8492071029441784,2.0148753740016283,3.1194201626539924
1790847930.8220994,0.8454799391017443,2.014958199846344,3.1192824196968916
1790847930.8421378,0.8417354079355388,2.015041756736832,3.1192357154540895
1790847930.8624852,0.8380169451833513,2.0151249052741647,3.1192345415396003
1790847930.8834746,0.8333341134354162,2.015229582431739,3.119187541075385
1790847930.9022324,0.8304931399602401,2.01529320313417,3.1191411220828327
1790847930.9219937,0.8267399359604827,2.015377654290512,3.1190488929972995
1790847930.9423635,0.8229693637764051,2.015462886533957,3.118865614226304
1790847930.9621859,0.8192161783355357,2.015548158553886,3.118773385140771
1790847930.9819884,0.8155151341135641,2.015632799318718,3.1187722167118634
1790847931.0044947,0.8108844853813262,2.0157387897847547,3.118634188504513
1790847931.022056,0.8081304273226745,2.0158020306405695,3.1185877969398694
1790847931.0422864,0.8044989006707186,2.015885754304402,3.1184956062534086
1790847931.0634108,0.7999464715328055,2.015991172587229,3.1184031248311164
1790847931.0824661,0.7972184920775385,2.0160544860279477,3.118311219394905
1790847931.102549,0.7935956798734378,2.0161391771042534,3.118173509351295
1790847931.1225035,0.7899815655949411,2.01622416400465,3.117899235750655
1790847931.1421595,0.7863414083008946,2.0163105121873723,3.1178525644213435
1790847931.1625898,0.7827099470822105,2.016397071181326,3.117669329535002
1790847931.1821623,0.7781836700744688,2.0165056668908976,3.1175313342411424
1790847931.2024865,0.7754644340474117,2.016571108705183,3.1174849536476623
1790847931.2224288,0.7708947365308142,2.016681422631468,3.117483510939669
1790847931.2424304,0.7672546134361722,2.016769200664109,3.1174368396103573
1790847931.2620466,0.7636144914892823,2.0168569828547214,3.1174812124809264
1790847931.282617,0.760869195340195,2.016923147975536,3.117480345759014
1790847931.3023272,0.7563081804984736,2.017033024659322,3.1175244278937515
1790847931.322328,0.7526680518850769,2.0171205299385324,3.1175688007643205
1790847931.3424797,0.7499401253330271,2.0171859959356837,3.1176589837278703
1790847931.362176,0.7462912997637473,2.0172733443735997,3.117657831755708
1790847931.3823833,0.7417389468212321,2.01738187130904,3.1178384829330574
1790847931.4023132,0.7390023174223019,2.01744693223813,3.117883141053876
1790847931.4222367,0.734449946942427,2.017554765714949,3.117972748031345
1790847931.442135,0.7308184677512146,2.0176404345718413,3.118062645744645
1790847931.462378,0.7280731365489627,2.0177051288437147,3.1180617790227325
1790847931.4825244,0.7235120633740951,2.0178126011816238,3.1180148169575896
1790847931.5021784,0.7198632088369407,2.017898775447585,3.117922620785547
1790847931.5222003,0.7162056760352398,2.0179855333218093,3.117875943970654
1790847931.542124,0.7125220816436011,2.0180729983367516,3.1177837368274477
1790847931.5620756,0.7088645549724191,2.018160014237756,3.1177370600125545
1790847931.5821187,0.7061279312152202,2.0182253119887235,3.117781718133373
1790847931.6022792,0.7015234483235967,2.0183350567227016,3.1176892202543356
1790847931.6225631,0.6978572417556109,2.0184225852857653,3.1176880627965917
1790847931.6427677,0.69418235110224,2.018510450379274,3.117732424695997
1790847931.663183,0.6905074605091994,2.018598361682344,3.117685742395522
1790847931.6843543,0.6868325700162095,2.018686277249238,3.117639060095047
1790847931.7022436,0.6831489965206115,2.0187745305582103,3.117728941351602
1790847931.722609,0.679491482609059,2.018862081057188,3.117682264536709
1790847931.7426908,0.6758426540037136,2.018949302626438,3.1176811125645467
1790847931.7625968,0.6721938294733536,2.0190366945013283,3.1176799605923846
1790847931.7824006,0.6685710675748081,2.0191234672129332,3.117633294748655
1790847931.802147,0.6658518238952265,2.0191885902467885,3.117586914155175
1790847931.8221345,0.6613342441147031,2.0192973100102973,3.1175854879039266
1790847931.8421385,0.6577288725771055,2.0193843771746396,3.1173567391460173
1790847931.8625858,0.6540974477499287,2.0194724068741943,3.1172645484595565
1790847931.8825078,0.6504486609008606,2.0195614009954754,3.117172352287514
1790847931.9022198,0.6467911961987737,2.0196510691279226,3.1169435870728597
1790847931.9225786,0.6431511190098487,2.019740730673825,3.116896915743548
1790847931.9424284,0.639476302084291,2.0198316692431924,3.116850233443073
1790847931.9624445,0.6358014915016511,2.0199229059388193,3.1167125069427177
1790847931.9821434,0.6321353721745695,2.0200140152921793,3.116711349484974
1790847932.0021493,0.6284518842332532,2.020105812034444,3.116710186541648
1790847932.0221128,0.6247597062956544,2.0201977870022185,3.116572454555711
1790847932.0421712,0.6210849117529276,2.020289625649355,3.116525772255236
1790847932.062502,0.617392748709327,2.0203821129829174,3.1165701286690597
1790847932.0820599,0.6137005847715574,2.020474648174581,3.1164323966831224
1790847932.102135,0.6100084261916146,2.0205673133770556,3.116476753096946
1790847932.1223419,0.6063423326174403,2.020659411576606,3.1165666398390828
1790847932.145049,0.6026501689659547,2.0207518745709105,3.1166109962529065
1790847932.1621253,0.598958000178184,2.0208441322695236,3.11665535266673
1790847932.1821163,0.595300579220604,2.0209354416770027,3.1166997200517175
1790847932.2023287,0.5915997216238879,2.021027925082048,3.1166075074229296
1790847932.2221243,0.5879075499961797,2.021120111057323,3.116560819636873
1790847932.2420933,0.5842501356172403,2.0212116835580334,3.11660518702186
1790847932.2620988,0.5805753454089861,2.021303737305854,3.1164674605215046
1790847932.2820284,0.5768744945543208,2.021396448280614,3.116466292092597
1790847932.302043,0.5731736480426938,2.0214892489488094,3.1166472120634507
1790847932.322061,0.5694814801255497,2.0215815833493953,3.116600524277394
1790847932.3424206,0.565789302876572,2.0216734592994516,3.116735924891098
1790847932.362188,0.5620797433928217,2.0217654325967094,3.116962364219101
1790847932.3819737,0.5584049174706891,2.0218559645298146,3.1170067261185066
1790847932.4021475,0.5546953291147012,2.0219468087212107,3.117142121246629
1790847932.4222012,0.5509683573968817,2.0220376985509843,3.11736855508905
1790847932.4421935,0.5472848089050648,2.0221270325440126,3.1173673921457246
1790847932.4622405,0.5435925643013276,2.0222161608971723,3.1175027927594288
1790847932.4825413,0.5398655620990032,2.022305835856008,3.1176381824019694
1790847932.5025575,0.5361646113134257,2.022394424472569,3.1177280581729425
1790847932.5221007,0.5324636485990566,2.0224825131738218,3.1178179339439156
1790847932.5424595,0.5287626810288013,2.0225703534609987,3.117998853914769
1790847932.562515,0.5250617004525506,2.0226577330331486,3.1179976854858618
1790847932.5821192,0.5213693974405547,2.022744407615884,3.118133086099566
1790847932.6020164,0.5176597120913333,2.022831156051016,3.118359525427569
1790847932.6220527,0.5148882949580939,2.0228954732481585,3.118404172577224
1790847932.6421416,0.5102837351978063,2.0230018076148384,3.118584807297828
1790847932.6620443,0.5066000808245161,2.0230866178908444,3.118674688554383
1790847932.6873,0.5029164178307385,2.023171098681076,3.118673525611057
1790847932.7024693,0.49922405913930623,2.023255322108997,3.118899970424642
1790847932.7220178,0.49551431121881345,2.0233393521772687,3.1191264097526448
1790847932.7421489,0.49180454703545634,2.023422754638432,3.1191707606808867
1790847932.7623906,0.48811214863977453,2.0235052662951367,3.119306161294591
1790847932.7892334,0.48443711794146255,2.0235870172272024,3.119441567393877
1790847932.8021572,0.4807360124693255,2.0236688887505023,3.11953144316485
1790847932.8224552,0.4770609615129211,2.0237497714446713,3.1195758050642555
1790847932.8425858,0.4734119744162312,2.023830041710983,3.119665697291974
1790847932.8626482,0.46976297985490156,2.0239100674577353,3.1195735011199313
1790847932.8825,0.4661139900795699,2.02399026349478,3.119572349147769
1790847932.9025202,0.46249106875857804,2.0240700557769604,3.11961672750392
1790847932.9222224,0.4588594588142932,2.024150085126761,3.119524536817459
1790847932.9420059,0.45521047562941386,2.0242306279438202,3.1194323406454165
1790847932.9623773,0.45159625393090347,2.024310775644258,3.119431199644418
1790847932.9820192,0.44795596941709626,2.024391629820417,3.119293484115226
1790847933.00221,0.44429831474752657,2.0244730410013383,3.1193378515002133
1790847933.0220218,0.4406406601719707,2.024554456405736,3.1193822188852005
1790847933.04231,0.43698300278595664,2.0246357926072402,3.1193355420703073
1790847933.062268,0.43329927753756503,2.024717418952949,3.1195164675267426
1790847933.0821614,0.42959816610637847,2.024798972898731,3.119697387497596
1790847933.1031246,0.4259317947947574,2.024879305044318,3.1196962300398523
1790847933.1220574,0.4222567315598495,2.0249595801371663,3.1198316361391383
1790847933.1426032,0.41854691041204,2.025040409068216,3.1198759870673802
1790847933.1625648,0.41486314493193976,2.025120296136018,3.1198748241240546
1790847933.1825097,0.4111880645840797,2.0251998322456704,3.11991918602346
1790847933.2023237,0.4074869195247892,2.02527989411952,3.120009061794433
1790847933.2224858,0.4037857680867467,2.0253597091963855,3.1200078933655258
1790847933.2423697,0.40008461326931055,2.0254393185630497,3.120097769136499
1790847933.2622006,0.39731309137170623,2.025498902091297,3.120233460486035
1790847933.2823489,0.392664907724065,2.0255979473437797,3.120368559392744
1790847933.3025532,0.38893765866247443,2.0256766465559077,3.1205949932351653
1790847933.3222134,0.38523646051330773,2.0257541652053996,3.120775913206019
1790847933.3421695,0.3815526255290286,2.0258307802349123,3.1207747502626932
1790847933.3619995,0.37789485343520474,2.0259067326309252,3.1208191176476805
1790847933.3821301,0.37426315074887556,2.0259824364447065,3.1207269269612197
1790847933.4097555,0.3697278758100149,2.0260774569219753,3.1205434068246287
1790847933.422061,0.3670258321957286,2.026134425168224,3.12040598751685
1790847933.4424605,0.3634289132413982,2.026210809430018,3.120404852001433
1790847933.4621496,0.3597972415411667,2.026287936230668,3.120403705514853
1790847933.4824338,0.3561655621912628,2.026364652287012,3.120493603228153
1790847933.5024893,0.3525425658088538,2.026440860063983,3.120720069984065
1790847933.5221758,0.3488934858023794,2.0265167891524047,3.1208099622117835
1790847933.542273,0.34523570604676856,2.02659232044705,3.1209453737966513
1790847933.5621965,0.34160398739077547,2.026667152779623,3.1210352715099514
1790847933.5821116,0.3379722641685201,2.026741865128657,3.1209430808234906
1790847933.6026363,0.3343492332682537,2.0268165671155303,3.120896414979761
1790847933.6221888,0.3307175223546371,2.02689182486363,3.1208952684931806
1790847933.6421256,0.32711187591795354,2.026966546815667,3.1208486081350326
1790847933.662004,0.3234888490645082,2.0270413430513847,3.120984030691064
1790847933.6820245,0.31990925771125933,2.0271149216883733,3.12116498906099
1790847933.7036543,0.3163296553749816,2.0271880155396054,3.1212549032310353
1790847933.7225285,0.3127587312750943,2.0272604086820194,3.121390342243812
1790847933.7426894,0.30918780043767397,2.0273325207058193,3.121434737056708
1790847933.7624817,0.30561686638831154,2.0274044734075796,3.121479131869604
1790847933.7888184,0.30112495410366025,2.027494673694839,3.121432191746788
1790847933.8019907,0.29843154861074317,2.0275488998146014,3.1215223856815015
1790847933.8220603,0.2948258568441982,2.0276214013271856,3.1214757253233536
1790847933.8422713,0.29122016231740966,2.02769366089157,3.1216111533649666
1790847933.8622787,0.2875970891629781,2.027766232306658,3.1216555317211174
1790847933.8825417,0.28396532052593576,2.0278386508733846,3.121654385234537
1790847933.9021497,0.2803335505293921,2.02791094859991,3.1217442829478372
1790847933.9225392,0.2767017756931779,2.027983002896978,3.1218341806611374
1790847933.9425426,0.2730699955866873,2.028054896864117,3.1217419899746766
1790847933.9626653,0.26941215173188787,2.028127310887162,3.121786357359664
1790847933.9821274,0.2657282470097172,2.028200495855659,3.121785194416338
1790847934.0023043,0.2620617172106332,2.0282733408969986,3.1216019485588333
1790847934.0224407,0.2583691312168848,2.0283470854653176,3.1215552607727766
1790847934.0422747,0.25470261700371866,2.028420606613804,3.1215541033150327
1790847934.06235,0.2510187249628401,2.0284944795048325,3.1214618961718266
1790847934.0821161,0.24734352047399516,2.0285680559388224,3.121506258071232
1790847934.1046717,0.2427647236279312,2.0286598770907958,3.1216413789202684
1790847934.122432,0.24001917720263877,2.0287147869416136,3.121458423798595
1790847934.1420605,0.23636135316382273,2.0287881950914315,3.121502791183582
1790847934.162148,0.2327295987224756,2.028861374064355,3.1214106004971214
1790847934.182484,0.22908915900530655,2.028934857158345,3.12136392916781
1790847934.2025394,0.22543134275687673,2.029008652481525,3.121408296552797
1790847934.2221267,0.2217822161713267,2.029082360882368,3.121407144580635
1790847934.2421496,0.2181417767081309,2.0291558565574133,3.1213604732513236
1790847934.2622585,0.21450133752703276,2.029229314470605,3.1214048461218926
1790847934.2821724,0.21082614803080002,2.0293036879352417,3.1213581638214176
1790847934.3021157,0.20717702726190068,2.0293777869639293,3.1211749234494945
1790847934.322189,0.20353660495840745,2.0294521280242153,3.121128252120183
1790847934.3420663,0.19986143703115222,2.029527559945692,3.121081569819708
1790847934.3621745,0.1961862731116048,2.0296032884570083,3.120852799119472
1790847934.382191,0.1925284942013839,2.0296789118617387,3.1208971665044594
1790847934.402853,0.18884465253411853,2.0297552047991823,3.1208960035611337
1790847934.422115,0.18516949787716297,2.029831280650947,3.1208493212606587
1790847934.442007,0.18150302955234487,2.0299070555166976,3.120848163802915
1790847934.4621449,0.17784525462615416,2.0299828208358424,3.1209835753877826
1790847934.4821033,0.17417009486332655,2.030058700245834,3.120845848887427
1790847934.502046,0.17049493902471718,2.0301346681200356,3.1208902107868326
1790847934.5221684,0.1668545382308114,2.0302100044968876,3.1209345836574016
1790847934.5421083,0.16316200400635286,2.030286297199125,3.120887895871345
1790847934.562659,0.1595042224769373,2.0303617938096905,3.120932263256332
1790847934.5825243,0.15583775409124412,2.0304375153033254,3.1210221499984687
1790847934.6021438,0.15214521493348152,2.030513568907458,3.120975462212412
1790847934.6220436,0.14846136318607783,2.0305893226403087,3.121065343468967
1790847934.6421058,0.14481226381516046,2.0306643663645163,3.1210641914968047
1790847934.662439,0.14116316195171155,2.0307392889154223,3.1210630395246426
1790847934.682597,0.13749668025910103,2.0308143632244766,3.121152926266779
1790847934.7022471,0.13382150895274952,2.0308895790655708,3.121197288166185
1790847934.7229972,0.1301463334371633,2.0309645891538586,3.1212416500655906
1790847934.7420907,0.12644508487273798,2.031039713612253,3.1213315258365637
1790847934.7625005,0.12275251935484942,2.0311143728457832,3.121466926450268
1790847934.7821996,0.11907732039746749,2.0311882254516456,3.1215112883496734
1790847934.8073792,0.11535867090331588,2.0312624493526963,3.121692202834945
1790847934.82213,0.11164870180550546,2.0313361226267594,3.121827597963068
1790847934.842468,0.10796478743431531,2.031408820270055,3.1218264350197424
1790847934.8621192,0.10425480288844599,2.0314816577530292,3.122052874347746
1790847934.8828752,0.10054481135241254,2.0315542460949736,3.1220972252759878
1790847934.9023972,0.0968348141164341,2.0316265425380475,3.1221415762042297
1790847934.9224315,0.09311612401821383,2.0316987580268333,3.122231446489621
1790847934.943024,0.08939743050024283,2.031770851334954,3.122230272575132
1790847934.9621127,0.08567004434456718,2.0318428198060032,3.1223656622176725
1790847934.9822369,0.08198609266798891,2.0319134924996805,3.122546587674108
1790847935.002572,0.07826737523899036,2.031984286512265,3.1226364579594996
1790847935.0220885,0.07457471280133714,2.0320540429093428,3.1226808143733233
1790847935.0421894,0.07089073515340147,2.0321233481302516,3.1228617398297587
1790847935.0621474,0.06720675098759457,2.032192362593864,3.1229516210863135
1790847935.082746,0.06352275853026812,2.0322610455795744,3.1228594139431074
1790847935.1024716,0.05983007856149614,2.0323298109509254,3.1229948145568116
1790847935.122173,0.056128705847618796,2.032398490679356,3.123175734527665
1790847935.142535,0.052401253842535245,2.0324670208658637,3.1232200799703254
1790847935.1625192,0.04871724161864645,2.0325344636305296,3.1234010054267607
1790847935.182115,0.045024530249737627,2.0326015221557276,3.123536406040465
1790847935.20246,0.0413491863117066,2.0326677680686274,3.1235807679398704
1790847935.2224357,0.037656461160745544,2.032734121665241,3.123625124353694
1790847935.242178,0.03404193623621711,2.032799115036931,3.123715027552576
1790847935.262128,0.03045347170443135,2.032863398486815,3.12366837268001
1790847935.2824166,0.027021404187675624,2.0329246519957507,3.123894899777321
1790847935.3022346,0.02371096944969812,2.032983100277008,3.124212509473585
1790847935.3221788,0.02051346705239015,2.0330382488733267,3.1245756769260704
1790847935.345227,0.017515787831007587,2.033088624552579,3.1250754737625663
1790847935.3620665,0.014674490236950893,2.03313527275944,3.125484275769417
1790847935.3819833,0.012015641094834552,2.0331776904329484,3.1258476132749355
1790847935.4021378,0.009461048155894682,2.03321731097053,3.1266662046933473
1790847935.4223425,0.0070280681576889645,2.033252281395167,3.1280310997101153
1790847935.4419968,0.004681934570000112,2.0332829424148935,3.1290318453552692
1790847935.462113,0.0024226694375521704,2.0333108594306197,3.129577397428929
1790847935.4824893,0.0003371821129899942,2.033335790237727,3.129940915958645
1790847935.503403,-0.0015136990158652677,2.0333569687039095,3.130258986443773
1790847935.5225613,-0.0032863792054376693,2.0333770035381633,3.130349471114318
1790847935.542238,-0.0047809937087002555,2.033393721301722,3.1304400435541706
1790847935.562047,-0.006058367542368555,2.0334078712110197,3.1306672508636155
1790847935.582201,-0.007153260476099141,2.0334196262761983,3.13112212627137
1790847935.6024466,-0.00825684558348792,2.0334308836778106,3.131895653635916
1790847935.6225493,-0.008899880733306775,2.033436986509965,3.132623804268437
1790847935.6421287,-0.00926484745167084,2.033440193086107,3.133169954270504
1790847935.6634002,-0.009725396567961363,2.0334438633956196,3.134489949800858
1790847935.6821454,-0.010212013850137092,2.033447001732177,3.1364017244020617
1790847935.7021673,-0.010472698241653526,2.0334482200571076,3.1379493935163065
1790847935.7225862,-0.010576970227998226,2.0334485774033273,3.1387687584017416
1790847935.742091,-0.01069861758156148,2.033448865944983,3.1400433388009983
1790847935.7621024,-0.01075074494138601,2.0334489289111985,3.141226896942701
1790847935.7826056,-0.010837631960610689,2.033448917578651,-3.140683818866466
1790847935.8025062,-0.010950587789637319,2.033448748866162,-3.139272669424598
1790847935.8223655,-0.011072233962188944,2.0334484085055142,-3.1379070448254613
1790847935.842609,-0.01113304841015577,2.033448162220744,-3.136495878926848
1790847935.8622663,-0.011159085676324575,2.0334480414191036,-3.1336279948589807
1790847935.8820727,-0.011150362838977912,2.033448116468876,-3.1307600998199505
1790847935.9021537,-0.01108950820120199,2.0334488386316756,-3.1283474093235784
1790847935.9220533,-0.010985187470704986,2.0334504559580306,-3.1238862106159373
1790847935.9422526,-0.010854813112335177,2.0334529930318026,-3.119834702579387
1790847935.962348,-0.010741822434461014,2.0334556482087502,-3.115510067428777
1790847935.982874,-0.01061146606880847,2.033459258448273,-3.1108212499930623
1790847936.0023017,-0.010498495216840278,2.0334629532172173,-3.1056772170435263
1790847936.0224416,-0.010402923800613743,2.0334665036238353,-3.10171676417802
1790847936.0422359,-0.010402835759527659,2.0334662143610753,-3.095161581786615
1790847936.062587,-0.010802088475852359,2.033447123587065,-3.091793072559412
1790847936.0825894,-0.011149196391852405,2.033429351794103,-3.08796932587606
1790847936.102441,-0.011470194917264462,2.033411611302342,-3.083826916264754
1790847936.1222064,-0.011730412316315542,2.033396285577769,-3.080640451552658
1790847936.1424642,-0.012146654178749806,2.033370030889711,-3.0755421080133045
1790847936.1626477,-0.012467412768608448,2.033348349969464,-3.0715817868017594
1790847936.1819956,-0.012796743243606003,2.0333247226201325,-3.067302813633423
1790847936.202644,-0.013091299933759033,2.0333022861046186,-3.0624775642946394
1790847936.2220936,-0.0132558231454298,2.033288996273645,-3.057788840113814
1790847936.2421613,-0.013316383547702076,2.033283867181016,-3.053100083019498
1790847936.2629082,-0.013307678016939477,2.0332846881200157,-3.048411303982855
1790847936.2821426,-0.013324919298480786,2.033283043236789,-3.043130745875361
1790847936.3025136,-0.013342138600273352,2.033281219595765,-3.0374860109683444
1790847936.325744,-0.013471687542330888,2.0332674222015994,-3.0313405686182655
1790847936.3425379,-0.01356660894709753,2.033256773597115,-3.024830938497501
1790847936.3624437,-0.0136528180781476,2.033246440804013,-3.0182757835340057
1790847936.3821867,-0.013738929588260753,2.0332353887880803,-3.010992274971465
1790847936.4026287,-0.01380774846425369,2.0332261650819725,-3.0034356283237007
1790847936.4224336,-0.01380765761597117,2.0332261576038175,-2.9956968713338474
1790847936.442139,-0.01392788372585654,2.033208138027356,-2.9875939759435446
1790847936.462496,-0.01405656040717249,2.0331878991104406,-2.979445561196092
1790847936.4822135,-0.014279341322946636,2.0331508272844934,-2.970796433519996
1790847936.5022483,-0.01446753907554003,2.0331177484987726,-2.9620562506728554
1790847936.5221872,-0.01470666824363551,2.033073361758967,-2.9524966864835345
1790847936.5421767,-0.014877153438602353,2.0330401289008493,-2.9430281445517674
1790847936.5622118,-0.015132414860969706,2.0329876573195005,-2.93383276264755
1790847936.5822031,-0.015421192848989025,2.0329256811739347,-2.924182170715094
1790847936.6022773,-0.015692387625782907,2.0328646823305303,-2.9142584406974144
1790847936.6220744,-0.01604756303594016,2.032781134754255,-2.9041526497078816
1790847936.6423793,-0.01651160513806691,2.03266713215801,-2.8940013722746905
1790847936.662036,-0.017050163118604862,2.0325287468668773,-2.883986685826437
1790847936.6821513,-0.017578879194939803,2.0323870997024955,-2.8738354303355726
1790847936.7022243,-0.018072709529337306,2.032249668947201,-2.863319987074023
1790847936.7220724,-0.01858176823872788,2.0321022411444587,-2.8528045492980545
1790847936.7421277,-0.0190641769899251,2.031956643234984,-2.8418794043942497
1790847936.762215,-0.0196860103159848,2.031761840313571,-2.830817739818069
1790847936.7823102,-0.02034697586113045,2.031546741833086,-2.8198926552556647
1790847936.8023214,-0.020972566726915862,2.0313354139093347,-2.808694427122454
1790847936.8225763,-0.021579236834512735,2.031122543112412,-2.7968588841044975
1790847936.8421786,-0.02226494276230386,2.0308726260126417,-2.7846591917149275
1790847936.8621292,-0.022955684121819094,2.030611302850043,-2.7725960683679682
1790847936.882312,-0.023635176159722004,2.030344959303538,-2.7602142875786373
1790847936.902436,-0.024335416614959925,2.0300602862360324,-2.747513860318097
1790847936.923009,-0.025048032426626114,2.0297600752671223,-2.734540305943495
1790847936.9419978,-0.025748619591268267,2.029453874906043,-2.7214301825262814
1790847936.9625263,-0.02646096080020558,2.0291313455155824,-2.7080469319950082
1790847936.9819953,-0.02719252706431713,2.02878824942618,-2.694527123392287
1790847937.0020206,-0.027919311373343584,2.0284351473387923,-2.6806431379900424
1790847937.0219874,-0.028656661212651646,2.028064202112261,-2.6667591580733805
1790847937.0424283,-0.02934253328963676,2.0277071284543817,-2.652419940700569
1790847937.0625472,-0.030076651622986453,2.0273111909914654,-2.638035220427354
1790847937.0821648,-0.030797372252395105,2.026908900754933,-2.6236960195112884
1790847937.102836,-0.031436892164863964,2.0265396104070588,-2.608719481768151
1790847937.1221125,-0.0320782913884947,2.0261563619167435,-2.5937884688677437
1790847937.142619,-0.032632615257891524,2.025813899646379,-2.5783566826972937
1790847937.1627457,-0.033232867529141105,2.0254301966020605,-2.563152526226082
1790847937.1825802,-0.0337980096853526,2.025056266077939,-2.5477662703839448
1790847937.2021537,-0.03432870845421472,2.024693416350216,-2.532015826771122
1790847937.2224998,-0.034860705211699594,2.0243172167451484,-2.5160377754013883
1790847937.2424486,-0.035400608452829364,2.023922251698728,-2.4997865969175947
1790847937.262134,-0.0359617051705553,2.023497542655932,-2.483535429404964
1790847937.2824209,-0.03651581539650084,2.0230637598973136,-2.467193217692453
1790847937.3024151,-0.03705605253266421,2.0226265011627023,-2.4508965253370913
1790847937.3224545,-0.0375822827640037,2.022185903314207,-2.4344632639391186
1790847937.3424778,-0.03808809179124009,2.0217481294992607,-2.417938952855683
1790847937.3620481,-0.03859960532021475,2.021290528222116,-2.4015056914577104
1790847937.3821273,-0.03906521842202805,2.0208599551301836,-2.384799281003349
1790847937.4020114,-0.03953625130267334,2.0204097723744856,-2.3681839202344515
1790847937.42755,-0.04000585960508457,2.01994565835242,-2.351431995908523
1790847937.443503,-0.0404553447451062,2.0194860387828815,-2.3347711102968933
1790847937.4621415,-0.04090308262861589,2.0190126862605196,-2.3178826169283537
1790847937.482348,-0.04136034942535476,2.018512598835288,-2.3007665212884842
1790847937.502426,-0.04181474542030198,2.0179982480501266,-2.283604906291467
1790847937.5220273,-0.04226012105314052,2.017476068464711,-2.266352247094567
1790847937.5426176,-0.042707572682968625,2.0169329495933455,-2.24919063758313
1790847937.5620596,-0.04315102650613668,2.0163754150441555,-2.2319835087145443
1790847937.582033,-0.04358490580699526,2.015810397235546,-2.2147763798459583
1790847937.6021032,-0.04401406799466519,2.0152309373645583,-2.1976147758201026
1790847937.6220636,-0.04442314826827716,2.0146583615224403,-2.180362122108785
1790847937.6441302,-0.044807566308678805,2.014100328039855,-2.163154982269036
1790847937.6620278,-0.04519189424618531,2.0135212519596384,-2.14603889211475
1790847937.6819701,-0.04555212538934268,2.0129575944563056,-2.128786227432269
1790847937.7021787,-0.045812538329263575,2.0125364097006706,-2.1159036294882396
1790847937.7222114,-0.04623459125595931,2.011827185875085,-2.0944629809814876
1790847937.7425447,-0.04656542945203187,2.011245787569224,-2.0773013604988875
1790847937.7621744,-0.04687786196409929,2.0106740243518315,-2.060139734530706
1790847937.7820933,-0.047168268684085954,2.0101200392954746,-2.0430236224340925
1790847937.8019912,-0.047457056863481124,2.0095456854447526,-2.0259985600229418
1790847937.8219883,-0.047732303796951585,2.00897434948077,-2.0091100611688213
1790847937.8422182,-0.04800153216165926,2.008390566276304,-1.9924491755571927
1790847937.8621147,-0.048261024520674864,2.007802388452113,-1.9759703783453253
1790847937.881983,-0.04851068809893883,2.0072099691898515,-1.9596736695332189
1790847937.902154,-0.048741180128550915,2.006637841102987,-1.9436956071923215
1790847937.9220908,-0.04895619551557748,2.0060782980874317,-1.9278085835657228
1790847937.9426994,-0.04916244991641383,2.005515462134715,-1.912285736738646
1790847937.9622657,-0.04937146113237793,2.0049166912918235,-1.8971270776822546
1790847937.9820886,-0.04955489702251533,2.0043642879268297,-1.8821504905688802
1790847938.0020356,-0.04972781373084528,2.003817602995344,-1.86767464381206
1790847938.0220962,-0.04989508550479445,2.0032600806731606,-1.8536084986974928
1790847938.0425453,-0.05004509732726338,2.002733720852726,-1.8399065194112842
1790847938.0620334,-0.050181123456287204,2.00223053385842,-1.8261590097967624
1790847938.0822008,-0.05031468978852574,2.0017087196934056,-1.8131398592668664
1790847938.1022482,-0.05044542693912324,2.0011682879791763,-1.8003938468221947
1790847938.1225522,-0.05056367661156322,2.0006516926096145,-1.7881485692484955
1790847938.142148,-0.05067372242586393,2.000142174448378,-1.7759488110319457
1790847938.1623917,-0.05077953381161625,1.9996228789635082,-1.7645229312571706
1790847938.182214,-0.05087280434683143,1.9991365338738434,-1.7532791289109932
1790847938.2023108,-0.05096218155480354,1.9986406216213761,-1.7423539840071884
1790847938.2225213,-0.05103893256901055,1.9981866103762647,-1.7315653916892508
1790847938.2424634,-0.05111081756223086,1.9977317970805601,-1.721323064570597
1790847938.262129,-0.05117169790057568,1.9973192546997265,-1.7112172900378104
1790847938.2828708,-0.05123329390144597,1.9968716973497482,-1.7015667474755907
1790847938.302196,-0.05128071793621383,1.9965011499504242,-1.6923258791277151
1790847938.3220959,-0.051328991790295195,1.9960956810964827,-1.6832671101507641
1790847938.3420382,-0.051367746873183184,1.9957416008904025,-1.6744814573167093
1790847938.362253,-0.05141047581349227,1.99531802943254,-1.666151047424384
1790847938.382159,-0.05144484030699613,1.9949460296518724,-1.6580937536749558
1790847938.4025595,-0.05147344403891663,1.9946084129302037,-1.650309581554007
1790847938.4221642,-0.05149543241057611,1.994322565619723,-1.6430716581755969
1790847938.4425642,-0.05151958559027367,1.9939758805514916,-1.6360613644964241
1790847938.4621758,-0.05154297241943813,1.9936030136351923,-1.6293697337452058
1790847938.4825308,-0.05156156794931348,1.9932733839999368,-1.6230877881794952
1790847938.5021164,-0.051576810139731616,1.992969679380553,-1.6171244890849945
1790847938.5221002,-0.05158869650470669,1.9927006123990187,-1.6114343116189727
1790847938.542147,-0.051599134140382114,1.9924314779007755,-1.6063814435521153
1790847938.5624464,-0.05160997000848528,1.9921101806296875,-1.601510680341765
1790847938.5825303,-0.05161829012770339,1.9918235757718004,-1.5971861713595337
1790847938.6025417,-0.05162414249573109,1.9915890609769726,-1.5931347785201986
1790847938.622103,-0.05162888272552818,1.991363208349287,-1.5894930818375352
1790847938.6420333,-0.0516325262144148,1.991154712872584,-1.586306600668694
1790847938.6621206,-0.05163575120579858,1.9909288240267937,-1.5834843017849585
1790847938.6825383,-0.051639118440637,1.9906420949924166,-1.5811627652001017
1790847938.7023761,-0.05164243443393794,1.9902945261040805,-1.5792509467142433
1790847938.7221816,-0.051646097685678016,1.9898079167088738,-1.576974995313517
1790847938.7421827,-0.05164915211432823,1.9892430886921801,-1.5748356348977293
1790847938.7627,-0.051651270805643634,1.9886174190495727,-1.5731970367808208
1790847938.7825327,-0.05165260756478351,1.9879569759662896,-1.5724688916338803
1790847938.8019872,-0.05165382092847472,1.9871835545075371,-1.5722415252425643
1790847938.8222628,-0.05165523388056831,1.9862710842075504,-1.572560467935187
1790847938.8421245,-0.051656962693466396,1.9853151661475126,-1.572651813842061
1790847938.8625286,-0.05165879429481489,1.984289731000128,-1.57237900489174
1790847938.8821244,-0.05166070782125093,1.9830817974714927,-1.57251595243949
1790847938.903257,-0.05166319136361526,1.9817435095889901,-1.5728805516288047
1790847938.9220881,-0.051666489553349515,1.980274873189083,-1.5730175814602811
1790847938.942601,-0.05167059659029524,1.9785802884463972,-1.573609903603723
1790847938.9629617,-0.051674749962948456,1.9769291679026557,-1.5730641595347041
1790847938.9824834,-0.05167930230296794,1.9749912661196247,-1.5730192490771266
1790847939.0025256,-0.0516844439666032,1.9728708659377647,-1.573475139317501
1790847939.022436,-0.051691017651840934,1.9705853510666236,-1.5743407805703633
1790847939.0421662,-0.05170063577957288,1.9680043831020624,-1.5748423382785925
1790847939.0621264,-0.05171255602578943,1.9652669991081566,-1.5754349895569377
1790847939.0825317,-0.05172598152598239,1.9624427235237611,-1.575663491463669
1790847939.1021745,-0.05174007665348969,1.959540242391977,-1.5755733633559361
1790847939.122549,-0.05175336792601426,1.956698596121165,-1.5748914287494433
1790847939.1424968,-0.05176030777109423,1.9542567111479041,-1.5712959535783915
1790847939.1621232,-0.05175814302476906,1.9517018509173116,-1.567199770964277
1790847939.1821334,-0.051744302724767814,1.9491296571114036,-1.5622841960368181
1790847939.204527,-0.05170774880747386,1.9458015943727172,-1.556503939833298
1790847939.2226572,-0.05167632228207132,1.94376837737299,-1.553135946250776
1790847939.2433722,-0.05162043331268169,1.9408577547167194,-1.5491764423909073
1790847939.262326,-0.05155167981761552,1.937886558037864,-1.5453535240303955
1790847939.2824557,-0.05146950395357565,1.934802681234973,-1.5421224286253903
1790847939.3021235,-0.05137782060267237,1.9317364604955347,-1.5388913277348042
1790847939.3225775,-0.05127753260598656,1.928705287445217,-1.5357512600729353
1790847939.3420281,-0.05116646422593611,1.9256310067650084,-1.5329298608246025
1790847939.3625135,-0.051045905055900516,1.922530990534013,-1.530336080304343
1790847939.382473,-0.05091548890916797,1.9193791847398431,-1.5279244046405902
1790847939.4021826,-0.05077787904613476,1.9162450829803226,-1.5254216792913753
1790847939.4225264,-0.05063147203572928,1.9130852794681132,-1.5230555284703533
1790847939.4421985,-0.05047360093620082,1.9098390196615962,-1.520780449277121
1790847939.4620414,-0.05030427306535158,1.9065150224552636,-1.5184598726690663
1790847939.4821465,-0.05012582254586488,1.903174100652009,-1.5158661689469515
1790847939.502418,-0.049938410052582045,1.8998162575761859,-1.5136366475099412
1790847939.5224864,-0.049742162402530904,1.8964328029833974,-1.5115437006011234
1790847939.5420563,-0.049535485538156586,1.8929977327916385,-1.5094507701490514
1790847939.5634413,-0.04926664008412316,1.8886958320811496,-1.5069028929766628
1790847939.5820496,-0.049099831557847126,1.8861028446872525,-1.5057656605726228
1790847939.6020582,-0.048871774906688994,1.8826342845466217,-1.5042190062909973
1790847939.6221302,-0.048634551211409194,1.879105367818025,-1.502717893308848
1790847939.642622,-0.04839309628138604,1.8755941581880804,-1.5013078190409976
1790847939.662146,-0.048146157433788285,1.872074618923198,-1.4998522254159978
1790847939.6821365,-0.04789515238048738,1.868564076902066,-1.4986242395479084
1790847939.7023273,-0.047637621856972324,1.8650278691019755,-1.4972596956083708
1790847939.722405,-0.04737654863627757,1.8615093479443372,-1.4959861903831322
1790847939.742664,-0.04711124084288744,1.8579911424654034,-1.4948037293577736
1790847939.7622967,-0.04683987340927874,1.8544472501649034,-1.4937578428606089
1790847939.7823553,-0.04656396094464134,1.8508949940515738,-1.4925753928064138
1790847939.8022869,-0.046283703809812546,1.8473343582284345,-1.491620555994711
1790847939.8225086,-0.04599869897294204,1.8437566614761074,-1.4908478130683511
1790847939.842226,-0.045712163528454114,1.8401965243516476,-1.489984020456529
1790847939.8626173,-0.045422748930619074,1.8366366200754005,-1.4891202278447069
1790847939.8824403,-0.04513326699395681,1.8331115946420038,-1.4885295568613623
1790847939.9025242,-0.04477057587178175,1.8287293609454327,-1.487802591114492
1790847939.922122,-0.04447741149622985,1.8252133595842464,-1.487257439488298
1790847939.9420714,-0.044256655015789695,1.822580791059297,-1.4869851406970782
1790847939.9625592,-0.04388779594646611,1.8181990679314572,-1.4866223517497303
1790847939.9825678,-0.04359157422090404,1.8146920401428102,-1.486395852080329
1790847940.002026,-0.04329264095845734,1.8111590764946435,-1.486305926939121
1790847940.023273,-0.04299045648542944,1.8075915020189108,-1.4863070569689572
1790847940.0424573,-0.04269133044030502,1.804058553639017,-1.486308176027629
1790847940.0621538,-0.04239159598360359,1.8005169349869923,-1.4863548199290328
1790847940.0822234,-0.04208970804954531,1.7969493343552356,-1.4864469941587501
1790847940.1024566,-0.041864330373188575,1.794282268056406,-1.4864478389383362
1790847940.1220934,-0.04148825848169785,1.7898313797999512,-1.4865402929327216
1790847940.1423843,-0.041187478616349305,1.786272407177204,-1.486586942319707
1790847940.1624868,-0.04095951107649158,1.7835706751857134,-1.4865877980704563
1790847940.1824923,-0.04058126366214662,1.7790850841818397,-1.4868623514357664
1790847940.2028234,-0.04028021384500878,1.7755086912279292,-1.4870000505082142
1790847940.2224157,-0.04005049780961843,1.7727722207298222,-1.487183005629889
1790847940.2424157,-0.03967222692713364,1.7682517475709605,-1.487548614166243
1790847940.2642608,-0.039370387026171835,1.7646318161682442,-1.4878228932524666
1790847940.2821095,-0.03914520519207706,1.7619211277489577,-1.4880513622457088
1790847940.3022254,-0.038846945620968215,1.7583183370184001,-1.4885077242461116
1790847940.3220968,-0.03847557668151639,1.7538060095258674,-1.4890098963394955
1790847940.3421955,-0.03818073445637594,1.750202938569699,-1.489375214140018
1790847940.3624113,-0.03788753118801723,1.7465997307444185,-1.4900136645401816
1790847940.3823814,-0.03759580588192575,1.742987685991436,-1.4905155513833157
1790847940.402054,-0.03730671491357778,1.7393841469487168,-1.491062957583599
1790847940.421987,-0.03701704035821139,1.7357457809839747,-1.4917924631548067
1790847940.442021,-0.036728960511556816,1.7320985726421432,-1.4923854051689847
1790847940.4619946,-0.03651355452252142,1.7293522189777117,-1.4927959735331513
1790847940.482098,-0.03615879148489949,1.7247949684217765,-1.4936168140400714
1790847940.502603,-0.03587687127169996,1.721138561209243,-1.494346325096861
1790847940.522506,-0.03560191467996701,1.7175339130470084,-1.4951668638967857
1790847940.542018,-0.03539771434767656,1.7148302724827331,-1.4958960732465796
1790847940.5649755,-0.035059553014005755,1.7102978989141904,-1.497035560224709
1790847940.5825658,-0.03479492567545992,1.7067011918458854,-1.4978105741819026
1790847940.6024103,-0.03459782642018263,1.703997025369017,-1.4984487393318164
1790847940.6222067,-0.03426861888614839,1.699437857432999,-1.4992695798387363
1790847940.64215,-0.0340062549547934,1.695762571218057,-1.4999080521812271
1790847940.6625369,-0.03374873038367459,1.6921217884139343,-1.500637557752435
1790847940.6821978,-0.03349066048361227,1.6884374861469598,-1.5013215549376568
1790847940.7024877,-0.03323652432488752,1.6847703312584548,-1.5020965908371775
1790847940.7222047,-0.032984921494365244,1.6810942896071668,-1.5030081957793098
1790847940.7424974,-0.03273651001219864,1.67741803089177,-1.503919800721442
1790847940.762452,-0.032490249465003174,1.67372420940794,-1.5047403669492756
1790847940.7821944,-0.03224967947890357,1.6700648459166456,-1.5057430106057066
1790847940.8025732,-0.032012929948886285,1.6664139431402745,-1.506609085219526
1790847940.822622,-0.03177900103782774,1.66275415115141,-1.5074296404761958
1790847940.8421118,-0.03154869810582737,1.6591028350405037,-1.5083867592898959
1790847940.8619773,-0.03132047727268689,1.6554339761610137,-1.5091617951894165
1790847940.8819954,-0.031093630062455798,1.6517389126850544,-1.5098913172173696
1790847940.902068,-0.030870293214415315,1.648052338876699,-1.5108484470022332
1790847940.9221141,-0.03065110063735127,1.6443829284955893,-1.5117145271016341
1790847940.9421747,-0.03043512964713824,1.6407133281456834,-1.5124895630011548
1790847940.9621723,-0.030220743367261122,1.6370175187156208,-1.513401173428869
1790847940.9821718,-0.030011045274806806,1.6333475535193054,-1.51426725352827
1790847941.0021088,-0.02980416829594716,1.629668724815108,-1.5150878142705217
1790847941.0230086,-0.029600274087885535,1.6259897285522,-1.515999419212654
1790847941.0424547,-0.02939982510566138,1.622319248624012,-1.5166834109122942
1790847941.0621574,-0.029202060953052597,1.6186486230742885,-1.5173674026119344
1790847941.0821362,-0.029007015994859477,1.6149778499731766,-1.5182334827113357
1790847941.1021676,-0.028815309063030422,1.6113156045940575,-1.5189629937681253
1790847941.1221366,-0.028626759644289616,1.6076618975132282,-1.5196469799821837
1790847941.1424932,-0.028440699821265555,1.6040080617890873,-1.5204220103961226
1790847941.1625874,-0.028259422769265848,1.6003887874054719,-1.521379118238659
1790847941.182359,-0.028083056484567517,1.596795372593729,-1.5222906957528823
1790847941.2024677,-0.02790882906121069,1.5931757509963984,-1.523338847795299
1790847941.2219796,-0.027736763807537593,1.5895299277531805,-1.5242504417662677
1790847941.24264,-0.02756894625048109,1.5859013064069305,-1.5250709860517742
1790847941.2624774,-0.027403961039844098,1.582263854520812,-1.5260280993798923
1790847941.2821612,-0.027239900629989742,1.5785741675061153,-1.5269852291647559
1790847941.3024945,-0.02707916236138314,1.5748756364165097,-1.5278968395924697
1790847941.3224697,-0.026922400042577316,1.5711943306790648,-1.528808444534602
1790847941.3421638,-0.026768466094865353,1.5675042083429058,-1.5296745301195847
1790847941.362245,-0.02661660432470695,1.563779210361395,-1.5305406266757313
1790847941.3823392,-0.026467496097464772,1.5600454024425343,-1.5315432922744894
1790847941.4030664,-0.026322932710257298,1.5563375085613111,-1.5323183391451736
1790847941.4225535,-0.026180622014242264,1.5526121344597468,-1.5330933915014395
1790847941.4426131,-0.026040069067273377,1.5488519064092634,-1.53405054322863
1790847941.462698,-0.025903494091069377,1.545108924633854,-1.5349166452703582
1790847941.482563,-0.025770985257012397,1.541383187990064,-1.5357827418265046
1790847941.5023005,-0.025641609789188533,1.5376486443159942,-1.536785407425263
1790847941.52217,-0.025517028417536745,1.5339487177845263,-1.5377880620528572
1790847941.542203,-0.025395747549840055,1.5302399883201914,-1.5386541531234217
1790847941.5621734,-0.025278529883938455,1.526548515246202,-1.539702327108166
1790847941.5825307,-0.025165708722460215,1.5228916842633409,-1.5405684017219852
1790847941.6020463,-0.025056180860577267,1.519234754206406,-1.541343432135924
1790847941.6220648,-0.024950188347452034,1.5155864112636612,-1.5423460703067735
1790847941.6429546,-0.024847815557762304,1.5119466590225208,-1.5433031836348914
1790847941.6621273,-0.024749504356388077,1.5083328764419428,-1.544123722434816
1790847941.682094,-0.024653275598116923,1.5046668755168557,-1.5452174102911276
1790847941.702532,-0.02456074360410489,1.5010094748987053,-1.5460834849049467
1790847941.7221498,-0.024472393170893527,1.4973867417923976,-1.546949548547603
1790847941.7422023,-0.024407253880717066,1.4946327217334967,-1.5475422053115306
1790847941.7621524,-0.024303642341812034,1.4900976256583014,-1.5485451232470482
1790847941.7822452,-0.024223705130145358,1.4864573146812494,-1.5492291039755248
1790847941.8026402,-0.024146204856274927,1.482808256284041,-1.5501406979464938
1790847941.8221853,-0.024071614244380122,1.4791591392929182,-1.5508702035177016
1790847941.8424342,-0.024000235680600685,1.4755273417615886,-1.5515997036033276
1790847941.8620994,-0.02393179791715295,1.4719041788430676,-1.5523747230461027
1790847941.8846042,-0.023866550324496177,1.4683070323412486,-1.5531042121605652
1790847941.9021554,-0.02380370163541777,1.46469246014957,-1.5538337067606094
1790847941.9220712,-0.023743492921179485,1.4610778419889623,-1.5546542455605343
1790847941.9425287,-0.023686004147788847,1.4574631805406773,-1.5553837401605783
1790847941.9620645,-0.023630929918860528,1.4538311002033386,-1.5560221960463239
1790847941.982336,-0.023578465947718796,1.4502076707663805,-1.556797215489099
1790847942.0020523,-0.023528158732113752,1.4465668297382321,-1.5574811962175756
1790847942.022485,-0.023480559940371504,1.4429172608800434,-1.5582107017887836
1790847942.042184,-0.02343574655053337,1.4392676557629713,-1.5590312515598719
1790847942.0621896,-0.023393315180988607,1.4356006416453257,-1.5597607626166614
1790847942.082173,-0.02335390445286851,1.43194228503435,-1.5604447488307196
1790847942.1020756,-0.02331690312009154,1.4282665210239978,-1.5612197847302403
1790847942.1222203,-0.023282581099939758,1.4245994230931673,-1.5618582515871493
1790847942.1420357,-0.023250602653841497,1.4209236140018262,-1.5624511990869092
1790847942.1625152,-0.023220484445282113,1.4172130263309697,-1.563135201757713
1790847942.1821423,-0.023193033308129805,1.4135371806304908,-1.5637281492574726
1790847942.2026749,-0.023167723583330087,1.409843938819727,-1.564321102242814
1790847942.222124,-0.023144627331880604,1.406133300795601,-1.565005104913618
1790847942.242175,-0.023124045280845565,1.4024487193893096,-1.5656435772561084
1790847942.2624645,-0.02310606516783267,1.3987901957260194,-1.5662365192702865
1790847942.282104,-0.02309042286797805,1.3951316602945378,-1.5669205054843451
1790847942.3025672,-0.02307715814669228,1.3915078763470414,-1.5676044807272398
1790847942.3226252,-0.02306640448836872,1.3878927758500623,-1.568151886927523
1790847942.3421073,-0.023057836651005678,1.3842776674640809,-1.5688813815275675
1790847942.3625689,-0.0230515361384825,1.3806625554053982,-1.5695198319277313
1790847942.3822803,-0.023047696028815505,1.3770735120027082,-1.5700217077997014
1790847942.4026008,-0.023045840337383897,1.3734497042816685,-1.5707056830425963
1790847942.4224703,-0.02304613335872626,1.3697911353765622,-1.571389669256655
1790847942.44245,-0.02304904586389663,1.3661412593694624,-1.5719370864281017
1790847942.4622095,-0.0230539456637556,1.3625000741081672,-1.572621067156578
1790847942.482164,-0.02306111617213722,1.3588241339340463,-1.5731229704564575
1790847942.5023823,-0.023070378792428948,1.3551655777937115,-1.5737159124706352
1790847942.5225031,-0.02308165479599597,1.3515157180474586,-1.5742633296420823
1790847942.5419729,-0.023094899731846558,1.3478397947424925,-1.5747652329419612
1790847942.5626287,-0.023110270656929447,1.3441464992303578,-1.5752671417274222
1790847942.582549,-0.023127457517932624,1.340470591222892,-1.575860089227182
1790847942.6021428,-0.023146661403361503,1.3367946942298259,-1.576361992527061
1790847942.6225126,-0.02316810327436361,1.3331014289873102,-1.5768639013125223
1790847942.6423736,-0.02319129378783143,1.3294516244826504,-1.5775023626838494
1790847942.662574,-0.023216231183175517,1.3258192142825227,-1.5779587301698341
1790847942.6827242,-0.023243437789251746,1.322143367813255,-1.578460633469713
1790847942.7021904,-0.02327222832462467,1.318484913234903,-1.579053575483891
1790847942.7225413,-0.02330300945392739,1.3148177859342212,-1.579509953941039
1790847942.7420404,-0.02333587633273968,1.3111332946666303,-1.5800573820836483
1790847942.7624443,-0.023371000874537907,1.3074227520353527,-1.5806503405545718
1790847942.7821624,-0.02340781274763091,1.3037382980678265,-1.581197768697182
1790847942.8024824,-0.023446676572396033,1.3000625573923938,-1.5816086277971801
1790847942.8225086,-0.023487417965407188,1.2963607634036185,-1.582156061425372
1790847942.8420115,-0.023530107375741682,1.2926329217183818,-1.5824758927822347
1790847942.8619251,-0.023573980842137923,1.2889311655975555,-1.582841238010665
1790847942.8823187,-0.02361890925945084,1.2852294221241132,-1.5832065832390951
1790847942.9020395,-0.023664913323600822,1.2815363832138318,-1.5835264036247934
1790847942.9221241,-0.023712239829837244,1.2778520524304224,-1.5838006991677622
1790847942.9424963,-0.02376104772991499,1.274141665590954,-1.584302613438805
1790847942.9626424,-0.023811341431741663,1.2704399911164055,-1.5846679586672352
1790847942.9824696,-0.023862957350766822,1.266764407404638,-1.5850788177672337
1790847943.0020318,-0.023916379044611115,1.263062775727034,-1.5855352071955455
1790847943.0223465,-0.023971149202264397,1.25936985643121,-1.5858550275812455
1790847943.0421438,-0.024027266162997763,1.255676957361425,-1.5861748479669457
1790847943.062363,-0.024084567761412094,1.2519840754455613,-1.5865857125525262
1790847943.0821056,-0.02414323032442866,1.2482825251843137,-1.5868600135810749
1790847943.1020935,-0.024203357486423195,1.244563616857275,-1.5870432758953248
1790847943.1225536,-0.024263969256880798,1.2408620980160796,-1.587317576923875
1790847943.1421216,-0.024325858963228756,1.237134526702749,-1.587546364080857
1790847943.1625774,-0.02438878857258682,1.2333982819208913,-1.5877296318806888
1790847943.1820753,-0.02445166398927579,1.2297054927756932,-1.5879584080665075
1790847943.2025077,-0.024515921083219747,1.2259692705853908,-1.5881416758663403
1790847943.2228916,-0.02458103219409366,1.2222330631843836,-1.588324943666172
1790847943.2421138,-0.02464654874689088,1.2185055538546083,-1.5885537308231543
1790847943.2620487,-0.02471266296720761,1.2147780561201025,-1.588691473780255
1790847943.2824001,-0.024779615412744753,1.2110418823037452,-1.5887836973802059
1790847943.3023996,-0.024846695069425377,1.2073317839445394,-1.5890124790516071
1790847943.3222039,-0.02491401184266561,1.2036390741342278,-1.589150211037545
1790847943.342605,-0.024982359209129702,1.1999203088347146,-1.5892424291519147
1790847943.3622155,-0.02505077165243177,1.1962189269842876,-1.5894256859805842
1790847943.3821745,-0.025119291678875756,1.1925436226448862,-1.5895634124809395
1790847943.4020953,-0.025189061485036794,1.188842266129595,-1.5897466693096087
1790847943.4221344,-0.02525855686591675,1.1851843625205642,-1.5899754345242638
1790847943.4421828,-0.02532859763730639,1.1815438528534206,-1.5902041942533371
1790847943.4621572,-0.02539963282317363,1.1779120537665542,-1.5904784733395607
1790847943.4820971,-0.025471832037601463,1.1742715841868263,-1.590889321468396
1790847943.50214,-0.025545053894632384,1.1706485199401138,-1.591209119911769
1790847943.5220113,-0.025619601699149733,1.1670254827408817,-1.5915289183551409
1790847943.542499,-0.025695921791097875,1.163359023635841,-1.5917121642126457
1790847943.5623815,-0.025772481995065724,1.1597012631641583,-1.5917588410275398
1790847943.5820923,-0.025849436193402783,1.1560348204443882,-1.5916689542854032
1790847943.602409,-0.02592692661031814,1.1523249280602563,-1.5916246033571604
1790847943.6224494,-0.02600376512199184,1.1486324062016011,-1.5915802469433358
1790847943.6425333,-0.02608024555267872,1.1449572599427014,-1.5916269292438099
1790847943.662571,-0.026157024944931086,1.1412821178281116,-1.5918556999440479
1790847943.6827428,-0.026234475801057925,1.1376069908463586,-1.591993426444403
1790847943.702556,-0.026312867385065584,1.1339231911494791,-1.5921766777874906
1790847943.7221603,-0.026391934842540408,1.1302394048517692,-1.5924509733304593
1790847943.744375,-0.026492147958808276,1.1256086285317073,-1.592497957337928
1790847943.7624497,-0.026552346060140026,1.122837117820411,-1.592544354388154
1790847943.7820954,-0.02663255908420284,1.1191533583763484,-1.59263656153136
1790847943.8025513,-0.026713239395749017,1.1154522256991533,-1.5926377299602676
1790847943.8222249,-0.026794428210512537,1.1117337196411092,-1.5926389038747548
1790847943.8422318,-0.026875474307818455,1.1080239021847738,-1.5926855971463934
1790847943.8621573,-0.026956376843099615,1.1043227743592292,-1.5926867655753008
1790847943.8822086,-0.027037347005820313,1.1006303397419892,-1.5927334533613566
1790847943.9026191,-0.027117874573245285,1.0969639716740138,-1.5928256550189812
1790847943.9222174,-0.027199039178082106,1.0932802341217487,-1.5928268179623069
1790847943.942446,-0.027279734204787034,1.0896312543023317,-1.5929190141343494
1790847943.9626446,-0.027359717842482728,1.086025719705584,-1.5930567186923794
1790847943.9820583,-0.027440379963626915,1.0824028165991963,-1.593103384536111
1790847944.002412,-0.027521569531989434,1.0787712324071872,-1.5931955752225726
1790847944.0222855,-0.02760298115660883,1.0751483439755243,-1.593424329466065
1790847944.0426352,-0.027684270058611356,1.0715602233410635,-1.5935620285385135
1790847944.062149,-0.027767768480427536,1.0679113055511578,-1.5937452689104374
1790847944.0820491,-0.027851571993830634,1.064271086693782,-1.5939740286395119
1790847944.1020527,-0.02793571729894926,1.060639569783997,-1.5940662193259734
1790847944.1219764,-0.02801983448068803,1.0570254382915505,-1.5940673603269737
1790847944.1421354,-0.028104318721040362,1.05339392925103,-1.5941595510134354
1790847944.1645074,-0.028188525615867294,1.0497798008998334,-1.5940696478145526
1790847944.182039,-0.02827297698387421,1.0461482931898765,-1.5939797501012525
1790847944.2022278,-0.028356740127561616,1.0425341534773305,-1.593980891102251
1790847944.2224746,-0.028440585457752868,1.0389113236920013,-1.5939365127461
1790847944.2425234,-0.028524594474705234,1.0352798057237045,-1.5938466150327992
1790847944.2620552,-0.028608442389105215,1.0316482819372428,-1.5939388057192612
1790847944.2823722,-0.028693104995957647,1.0279907000356068,-1.5939854825341542
1790847944.3025472,-0.028777457185851868,1.0243591889748254,-1.5939866290207354
1790847944.3226073,-0.028862501574798957,1.0207016148873844,-1.5941243500355091
1790847944.3424418,-0.02894768201960635,1.0170527380622507,-1.594125502007672
1790847944.3624856,-0.02903303119017824,1.0134038651835742,-1.5941266539798342
1790847944.3826272,-0.029117813808151462,1.009772363096842,-1.594218844666296
1790847944.4025347,-0.029203171365600883,1.0061234904124217,-1.594219996638458
1790847944.4221182,-0.029288538015544784,1.0024833099678492,-1.5942666679677702
1790847944.4424694,-0.02937444211785528,0.9988257570148158,-1.5943133447826627
1790847944.4624617,-0.029460468570775424,0.995159514896503,-1.5943145022404066
1790847944.4824908,-0.02954732198401598,0.991467213979688,-1.5943611900264636
1790847944.5021567,-0.02965613359518026,0.9868453248198329,-1.594362649191202
1790847944.5224102,-0.029743165572318406,0.9831530281077534,-1.5944093369772587
1790847944.542112,-0.029809155581761525,0.9803642640214937,-1.594455739513065
1790847944.562107,-0.02991903140770271,0.9757337058595429,-1.5945937677204152
1790847944.58214,-0.030007372641049135,0.9720240549527162,-1.5946404609920537
1790847944.602495,-0.030073966069081505,0.9692353052090822,-1.5946868635278604
1790847944.6219623,-0.03018565748488366,0.9645700208121888,-1.5947338585064932
1790847944.6419811,-0.03027439385547579,0.9608690714710929,-1.5948260711352824
1790847944.6621256,-0.0303412952913752,0.9580890223021258,-1.5948269488283577
1790847944.682067,-0.030451465827164945,0.9535106281133108,-1.5948739163790837
1790847944.7020721,-0.030539506719417117,0.9498531259691825,-1.594920593193977
1790847944.7220263,-0.030605999741416305,0.9470991445092966,-1.5949669847586208
1790847944.7420883,-0.03071618173934053,0.9425468271270738,-1.5951505103807941
1790847944.7621307,-0.030804176932523186,0.9389327869303468,-1.5952426955816743
1790847944.7825499,-0.030893308291956162,0.9352926956728874,-1.5953804111108671
1790847944.8020582,-0.030983749914699297,0.9316265577231818,-1.5955636569683729
1790847944.8221853,-0.031074827420168847,0.9279517431878284,-1.595701383468728
1790847944.8421254,-0.03116606084289839,0.9242943192882159,-1.5957480602836216
1790847944.8623333,-0.03123513257635788,0.9215317068382125,-1.5959310208908768
1790847944.8824613,-0.03135098044514722,0.9169186810676674,-1.5959779994127647
1790847944.9025223,-0.03144384127185801,0.9132352197985852,-1.5959791623560902
1790847944.9225338,-0.031537051772859724,0.9095430738989844,-1.5960258501421472
1790847944.9421086,-0.03163022386730424,0.905850927025412,-1.5960725379282041
1790847944.9625328,-0.03170037083996215,0.9030796513209122,-1.5960278907785483
1790847944.9821377,-0.03181656321310497,0.8984840200886478,-1.5960748638148545
1790847945.0020583,-0.031910136709756225,0.8947831909373283,-1.596076032243761
1790847945.0220842,-0.032004144997385596,0.8910736793163956,-1.5961227255153982
1790847945.0423286,-0.03209766588769597,0.8873902337009942,-1.5962149326586048
1790847945.0621073,-0.03219157802036614,0.8836981055754164,-1.5962616204446611
1790847945.0820913,-0.03228627395702803,0.879988611445033,-1.596308313716299
1790847945.1026714,-0.032380296322698274,0.8763138710806339,-1.5964460402166554
1790847945.1225047,-0.03247507540067054,0.8726130726101454,-1.5964472086455619
1790847945.1423879,-0.0325694420195382,0.8689383431611867,-1.5964028467461564
1790847945.16227,-0.032663365961714395,0.8652809863207032,-1.596540567760931
1790847945.1824932,-0.032757641571740645,0.861614947048697,-1.5965417252186749
1790847945.202024,-0.032852537322150016,0.8579315376426736,-1.5965428881619994
1790847945.2225423,-0.032947702222409635,0.8542394415990269,-1.5965895759480564
1790847945.2421288,-0.033043459148376746,0.8505212832207708,-1.5964997056626633
1790847945.261994,-0.03313861505768951,0.8468118029580297,-1.596364310534539
1790847945.2820094,-0.033233926250418926,0.8430849395846197,-1.596319965091878
1790847945.3020334,-0.03332793110454842,0.8393928159177492,-1.596184564478172
1790847945.3220832,-0.03342230825354859,0.8356746233074307,-1.5960036499928993
1790847945.3424203,-0.03351657899158636,0.831939040003868,-1.5960048293929694
1790847945.3620546,-0.033609640175753526,0.828238198984845,-1.5959149536219954
1790847945.3821595,-0.03370336679158558,0.8245026030387165,-1.595825088822184
1790847945.402251,-0.0337968854718163,0.8207670008310947,-1.5958262682222533
1790847945.4225907,-0.03388997946818239,0.8170400814154971,-1.5957819227795922
1790847945.4425383,-0.03398247433366195,0.8133305338464534,-1.595646527651468
1790847945.4621427,-0.034074377965709945,0.8096296638970135,-1.595556651880494
1790847945.482183,-0.034143701173767485,0.8068235971005132,-1.5954209715021208
1790847945.502741,-0.03425664196118283,0.8022278879518442,-1.5951948119387842
1790847945.5225928,-0.03434708502735047,0.7985269820222962,-1.5951049361678102
1790847945.5428426,-0.034437405986305805,0.7948086865727342,-1.5951061100822985
1790847945.5622382,-0.03452684518342934,0.7911251416810673,-1.5950162288257421
1790847945.5824826,-0.03461603795635189,0.7874415897668057,-1.5950173917690667
1790847945.6026134,-0.03470594874117264,0.783723285424822,-1.5949275214836736
1790847945.6224859,-0.03479510674339198,0.7800223493645474,-1.5947466015128182
1790847945.6421652,-0.034883887540758274,0.7763127110447976,-1.594611206384694
1790847945.661976,-0.03497224607601543,0.7725943694972329,-1.594521336099302
1790847945.6820917,-0.03503813259598104,0.7698142981847996,-1.5943401253926155
1790847945.7025409,-0.03514652069449578,0.7652097852532035,-1.5942505348718907
1790847945.7221963,-0.035232724466422796,0.7615261632266118,-1.5941606536153343
1790847945.742642,-0.035318884824918254,0.7578338471204394,-1.5941162972015095
1790847945.762397,-0.035404559590299804,0.7541589037055129,-1.5941629795019836
1790847945.7826965,-0.03549003555783881,0.7504926487097816,-1.5941641369597277
1790847945.80202,-0.03557585035091206,0.7468264016273303,-1.5941652944174705
1790847945.8223357,-0.035661143663725775,0.7431862184216476,-1.5943030099466624
1790847945.8426337,-0.03574668752332782,0.7395460421388093,-1.5943496812759748
1790847945.862618,-0.035833060958995154,0.7358885002390504,-1.5943963580908689
1790847945.8825898,-0.035918741702227225,0.7322657123514219,-1.594443023934598
1790847945.9025278,-0.03600442619372589,0.7286429245486409,-1.5944896897783285
1790847945.9220214,-0.03609122530359444,0.7249767016876045,-1.5943998030361899
1790847945.9426537,-0.03617769861453667,0.7213191621458607,-1.5944464798510831
1790847945.962217,-0.03626392949392582,0.717670309993858,-1.594447631823246
1790847945.9846528,-0.03635127483164108,0.7139780217288043,-1.5944032754094215
1790847946.0027103,-0.03643890900802345,0.7102683540496916,-1.59444996868106
1790847946.0221508,-0.036504475461052045,0.7074969661894345,-1.5944053215314034
1790847946.0425394,-0.03661370064992628,0.7028750867829098,-1.5944067806961408
1790847946.0623374,-0.03670196413541296,0.6991393556663903,-1.5944990042960916
1790847946.0825095,-0.03678973540606183,0.6954210002120066,-1.5944091340107003
1790847946.1073217,-0.036876975693233796,0.6917200173985208,-1.5943192582397254
1790847946.1222274,-0.03696482676856557,0.687984277608299,-1.5943204376397955
1790847946.1437454,-0.03705259759130186,0.6842485369791593,-1.5942305728399842
1790847946.1622043,-0.03713995602888949,0.6805214787095183,-1.5941862273973222
1790847946.1825192,-0.03722726779326149,0.6767857273233145,-1.5940963625975115
1790847946.202435,-0.03731508256663607,0.6730065255455527,-1.5939609894117146
1790847946.2220712,-0.0374020701549685,0.6692446896009983,-1.593825610740336
1790847946.242734,-0.037487876950657306,0.6655175952863489,-1.5937812652976746
1790847946.262559,-0.0375733911186483,0.6617904942473507,-1.5937369198550138
1790847946.2824628,-0.03765795526269396,0.6581068331698974,-1.5937380827983394
1790847946.3025515,-0.03774200870646253,0.6544492361718655,-1.5938758038131147
1790847946.3223188,-0.03782648242923235,0.6507916488543121,-1.5940135248278893
1790847946.342631,-0.03791081700226895,0.6471688283306533,-1.5941512348715003
1790847946.3621416,-0.03799532412222613,0.6435547048883556,-1.5942434200723814
1790847946.3826249,-0.03808015815414796,0.6399232071496253,-1.5940624781591997
1790847946.4022315,-0.03816482089281593,0.6362743214259975,-1.5937904975317196
1790847946.4253128,-0.038248249874583085,0.6326340992026164,-1.5935640362613877
1790847946.442162,-0.038331042937469806,0.6289764776618803,-1.5933375804766383
1790847946.4620934,-0.03841310253141621,0.6253275314166508,-1.593156644049038
1790847946.4821622,-0.03849440206639779,0.6216959496876518,-1.5932488347354996
1790847946.5021367,-0.03857559525874929,0.6180730594935698,-1.5932044563793488
1790847946.5221243,-0.038657112700017635,0.6144414836946337,-1.59320560286593
1790847946.5423462,-0.038738591591494564,0.6108099070289409,-1.593206749352511
1790847946.5621786,-0.03881947869141959,0.6071957028520487,-1.5931168461536296
1790847946.5823696,-0.03890035820596871,0.6035728066928879,-1.5929814235975979
1790847946.602408,-0.03898012762638431,0.5999759622639231,-1.5928915149131344
1790847946.6224215,-0.039059137203501876,0.5963877949125563,-1.5926650371860573
1790847946.6421576,-0.0391377011856603,0.5927996167262577,-1.5925296036588628
1790847946.6622076,-0.03921572365745607,0.5892027339797492,-1.5924396949743989
1790847946.6821508,-0.0392931128344424,0.5856145302666396,-1.5923042614472032
1790847946.70216,-0.03937046934520004,0.5820089414887146,-1.5921688334055901
1790847946.7224944,-0.03944783202972439,0.5783859674735278,-1.5921244550494393
1790847946.742196,-0.03952509665310209,0.5747542997546711,-1.5920345573361392
1790847946.7623894,-0.03960250729436124,0.5711139424781536,-1.59199018446557
1790847946.7821488,-0.039680167505292484,0.567456204150572,-1.5921279054803459
1790847946.802032,-0.03975812340506138,0.5637984731586858,-1.5921745822952398
1790847946.822483,-0.03983606345979364,0.5601494344990383,-1.5921757342674019
1790847946.8421946,-0.039915105156792065,0.5564569570516853,-1.59231346625334
1790847946.8623254,-0.03999415488035603,0.5527818651584535,-1.5923601485538152
1790847946.8822956,-0.040073626123156694,0.5491067823580722,-1.5924068308542898
1790847946.9020312,-0.0401539398304519,0.5453969479331228,-1.592544568325809
1790847946.9224923,-0.04023409068531818,0.5417044954397139,-1.5925912561118658
1790847946.9423513,-0.04031485443561796,0.5380033656288716,-1.5925013803408918
1790847946.9620101,-0.04039499260425663,0.5343196045584983,-1.5925935874840969
1790847946.9820635,-0.04045499344799201,0.531565475053089,-1.5925489348488586
1790847947.001981,-0.040554777543264,0.5269868437702597,-1.5925048581997026
1790847947.0224237,-0.040634089684908295,0.5233378346752112,-1.5925060101718647
1790847947.042612,-0.040713281051653186,0.5196888229568346,-1.592507162144027
1790847947.0625298,-0.04079260041377082,0.5160398140206172,-1.592508314116189
1790847947.0822427,-0.040871482180537315,0.5124168706721381,-1.5926460241598008
1790847947.1025212,-0.040951226009619285,0.5087678699370797,-1.5927382203318443
1790847947.122872,-0.04103217056054822,0.5050928182459092,-1.5928759468322007
1790847947.1424725,-0.0411136228678353,0.501417776729851,-1.5931047175324387
1790847947.1621947,-0.04119504046092345,0.4977688129566313,-1.5931969137044817
1790847947.18223,-0.04127754493429995,0.4940937969994655,-1.5932435960049567
1790847947.202752,-0.04136065422175286,0.4904014088647787,-1.593381327990894
1790847947.222366,-0.041442956548981814,0.4867524659876774,-1.5933824799630563
1790847947.2441876,-0.04154675220112408,0.48216523096562747,-1.593383928156632
1790847947.2621617,-0.04160937720243303,0.47940246485727633,-1.5935668887638885
1790847947.2825665,-0.041692949856662095,0.4757274730349626,-1.5936135710643633
1790847947.3022833,-0.04177710154711646,0.47204380250858946,-1.5936147340076892
1790847947.3222535,-0.041861584354124674,0.46835144659446565,-1.593661421793747
1790847947.3421443,-0.04194523200795528,0.4646938413385287,-1.59370809860864
1790847947.3623033,-0.04202941557824874,0.46102755644067134,-1.593709256066384
1790847947.3820379,-0.04211324751894642,0.45737864734129957,-1.5938014522384265
1790847947.4021018,-0.0421976406391568,0.45370367531740796,-1.5937570903390201
1790847947.4224346,-0.04228211988943688,0.45002870527531036,-1.5937127284396149
1790847947.4420388,-0.042366195878631836,0.44636241685824646,-1.5938049300972388
1790847947.4621413,-0.04245067514931788,0.4426787548808205,-1.5937150488406833
1790847947.484313,-0.0425350849528085,0.4390037821945498,-1.593761731141158
1790847947.5021513,-0.04261978164840833,0.43532012311142254,-1.5938539382843644
1790847947.5225573,-0.042704682956001175,0.43162777784220896,-1.5938095818705407
1790847947.5420759,-0.04278923132271632,0.42795280938553926,-1.5937652199711352
1790847947.5619745,-0.04287293446771338,0.42430389732751006,-1.5938574161431787
1790847947.5823653,-0.04295712402794405,0.42063761361913776,-1.5937675294010412
1790847947.6024587,-0.04304120128340952,0.416980019261414,-1.5937231620160541
1790847947.6222482,-0.043125474005488745,0.4133050434310207,-1.593769844316528
1790847947.6425617,-0.04320942397350396,0.4096387542248499,-1.5936799575743905
1790847947.6641142,-0.04331412461196962,0.4050515418721554,-1.5934993173682035
1790847947.682162,-0.043376350365818335,0.4023148454914295,-1.593545703447266
1790847947.702187,-0.04345928442760912,0.39865722608693605,-1.5934102918623971
1790847947.7220867,-0.043542603434501795,0.39497353768084165,-1.5933204106058414
1790847947.742404,-0.04362531141237984,0.39129852629894973,-1.5933670929063164
1790847947.7625198,-0.04370728375912538,0.3876582699374488,-1.593231675835867
1790847947.7824993,-0.043789443780914775,0.38400063201493523,-1.5931873084508807
1790847947.802434,-0.0438720932552413,0.38030823565032335,-1.5931429520370557
1790847947.8225408,-0.04395344426412085,0.37665927249134923,-1.5930530598093366
1790847947.842436,-0.04403555569712871,0.3729668651721938,-1.5929176591956304
1790847947.8626409,-0.044117125275476614,0.3692744447934925,-1.5928733027818054
1790847947.8863306,-0.04419859515810809,0.36557333046256857,-1.5927834270108312
1790847947.9027398,-0.044279287338955,0.36189827636188887,-1.5926480209115443
1790847947.9225938,-0.04436047328872404,0.35817977024151815,-1.5926491948260324
1790847947.942134,-0.04444065242903437,0.35449601320683405,-1.5924682693695955
1790847947.9620962,-0.04452010372441704,0.3508209320737371,-1.5923328632703075
1790847947.98225,-0.04459897235739655,0.34714583838843543,-1.5921974571710218
1790847948.0022016,-0.04467734335952078,0.3434707340613358,-1.592062051071735
1790847948.0226164,-0.044755075823290115,0.33980430881020823,-1.5918811201297158
1790847948.0422804,-0.04483363555688653,0.3360770546996121,-1.591836774687054
1790847948.0656233,-0.04493079281926236,0.33144621430679566,-1.591792714494643
1790847948.082538,-0.044988970337480436,0.32866597099360223,-1.5916115037879577
1790847948.1020715,-0.045066482029157945,0.32493869494097843,-1.5915671583452966
1790847948.122071,-0.045143425515587886,0.3212287911750362,-1.5915228074170538
1790847948.1423578,-0.04522069243667278,0.3175015100412139,-1.5914784619743927
1790847948.1620708,-0.045297391528560306,0.3137916001652822,-1.5915251552460312
1790847948.1822708,-0.045373915218333644,0.31009037921450955,-1.5915263236749377
1790847948.2020636,-0.04545074913604527,0.3063804731760756,-1.591481972746695
1790847948.2230232,-0.045546271107031126,0.301775673277158,-1.5915744706257327
1790847948.2421901,-0.045604006450232375,0.2989954175966395,-1.5916663925186891
1790847948.262465,-0.04568152891345636,0.2952855248348451,-1.5917130857903257
1790847948.282415,-0.04575848192736826,0.29161907895177414,-1.5918963316478323
1790847948.3021667,-0.045836140057895776,0.28793526580925477,-1.591897494591157
1790847948.3224113,-0.04591425263574965,0.2842340790951682,-1.5918076188201822
1790847948.3419666,-0.04599166662549177,0.2805502608150362,-1.591808781763508
1790847948.3624713,-0.04606891639102882,0.27686644013672324,-1.591718900506952
1790847948.3824928,-0.04614653725681615,0.27316524203236475,-1.5917200689358593
1790847948.4024458,-0.04622435684221596,0.26944666289238006,-1.5918122870502298
1790847948.4221272,-0.04630129819136601,0.2657802188552579,-1.591813444507973
1790847948.4426146,-0.04637968992365872,0.26205296120749777,-1.591769099065312
1790847948.4622006,-0.04645823857412968,0.258308321636305,-1.5918158033081125
1790847948.482189,-0.04653583799139675,0.2546071241322091,-1.5917259275371383
1790847948.502572,-0.04661344175524463,0.25090592566803793,-1.5917270959660457
1790847948.5220656,-0.04669120241500793,0.24718734634180753,-1.591728269880534
1790847948.542657,-0.046768897760039514,0.24346007516901114,-1.5915928802379924
1790847948.5620978,-0.04684611817248096,0.23974148563378989,-1.5915030099526002
1790847948.582112,-0.0469230463397022,0.23602288899221094,-1.5915041838670885
1790847948.6021588,-0.0470002525285342,0.23228691509494118,-1.5914143190672771
1790847948.6225739,-0.04707696836465289,0.22857700556716062,-1.591461012338916
1790847948.642007,-0.0471535069828185,0.2248757849251495,-1.5914621807678222
1790847948.6619942,-0.04722991306708542,0.2211832530440709,-1.591508868553879
1790847948.6821003,-0.04730563192772324,0.2175341676179268,-1.591510020526041
1790847948.7022376,-0.04738149347448964,0.2138763925897354,-1.5915566973409343
1790847948.722051,-0.04745731809018474,0.21021861784480125,-1.5915123299559464
1790847948.7433345,-0.0475323849247804,0.20659559553418155,-1.5914679515997954
1790847948.7620609,-0.04760738756380583,0.2029638793430457,-1.5914690980863755
1790847948.7824728,-0.04768218749277017,0.19933216002207785,-1.591379200373075
1790847948.8024638,-0.047757307409856176,0.1956830622180995,-1.5913803523452368
1790847948.822428,-0.04783239118869637,0.19203396366920134,-1.5913815043173989
1790847948.8420272,-0.04790743724701968,0.18838486434459206,-1.591382656289561
1790847948.8623483,-0.04798283290184336,0.1847270807309949,-1.5913382889045729
1790847948.8823314,-0.04807653553445441,0.18017439642562164,-1.5913397261269853
1790847948.9025044,-0.048132423301141355,0.1774462557891213,-1.5913405873633162
1790847948.9220395,-0.04822594232461722,0.17288487728008692,-1.5912054610286968
1790847948.94251,-0.048300376656994604,0.16924445793255186,-1.5911610881581286
1790847948.9624252,-0.04837399397249364,0.16563009732024211,-1.591162229159129
1790847948.9824185,-0.04844836483285266,0.16198098522132387,-1.5910723369314104
1790847949.0028412,-0.0485219613513308,0.15835793274583415,-1.5910279585752598
1790847949.0221498,-0.048594717163600296,0.15475224819636244,-1.5908925305336459
1790847949.0426824,-0.048667854665302636,0.151103112220592,-1.5907115941060452
1790847949.0620658,-0.04873984731896732,0.1474887199298594,-1.5906216909071644
1790847949.0825906,-0.0488115720495226,0.1438569385737729,-1.590531793193864
1790847949.1026073,-0.04888347087323079,0.140216468265011,-1.5904874203232953
1790847949.1221232,-0.04895523658985949,0.13659337592994739,-1.5907161745667877
1790847949.1425564,-0.0490276335756681,0.1329616058140654,-1.590808365253249
1790847949.1622207,-0.049100438680151196,0.12933853525584132,-1.5909460752968612
1790847949.1821792,-0.04917422847745826,0.12568940822079877,-1.591129315668786
1790847949.2047653,-0.049248614428358435,0.1220316028858257,-1.5911759924836792
1790847949.2224362,-0.049323138932348375,0.11836511102414603,-1.5909950615416606
1790847949.242561,-0.04939774170894199,0.11466385295077752,-1.590814141570805
1790847949.262376,-0.04947150478077604,0.11096257805518364,-1.5906332215999497
1790847949.282638,-0.04952598140690949,0.1082083347923285,-1.5904975247648319
1790847949.3020566,-0.049616384258108555,0.10359474337680906,-1.5902713706870772
1790847949.3220713,-0.04968788429383845,0.09992818814442238,-1.5903635723447027
1790847949.3422453,-0.049759934345832466,0.09625295235983054,-1.5904102546451775
1790847949.362608,-0.04983185191364863,0.09260378794927819,-1.5905934950171015
1790847949.3824623,-0.049904537755130256,0.08892856468405863,-1.5906401773175765
1790847949.4026687,-0.049976652004536354,0.08530548135459985,-1.5906868431613062
1790847949.4220414,-0.05004910700014513,0.08167371239747519,-1.5907790338477688
1790847949.44219,-0.050121078813931144,0.07807670139762947,-1.5908712135630672
1790847949.4620714,-0.050193166604932504,0.07448838516179253,-1.5909178684356342
1790847949.48249,-0.05026532764865312,0.07090876180666898,-1.5910100426653504
1790847949.5024958,-0.05033818264689348,0.06730307716327114,-1.5910567030234994
1790847949.5244722,-0.05041109937848215,0.06371477767815453,-1.5911033578960665
1790847949.5422995,-0.05048423739012757,0.060117790203542534,-1.5911955376113653
1790847949.5645373,-0.05055816922045492,0.05648605205678689,-1.5911966840979457
1790847949.582199,-0.050633114201608334,0.05281087521293773,-1.5911523221985393
1790847949.6019738,-0.05070814694249286,0.04913569806882534,-1.5912900486988946
1790847949.6239922,-0.050783048937106015,0.04546921180482047,-1.5912912061566387
1790847949.642734,-0.0508586036569425,0.041785354921045355,-1.5912923690999643
1790847949.6624374,-0.05093429806562162,0.03809280838353154,-1.591339056886021
1790847949.6824784,-0.05100918922898369,0.03444370587672112,-1.5913402088581834
1790847949.7025216,-0.05108339920949353,0.030838049915550857,-1.5912958250164497
1790847949.7246172,-0.05115483062613118,0.027354024906997874,-1.5912514027756455
1790847949.7422283,-0.05122209112463243,0.024035067121453174,-1.5907972295223511
1790847949.7629414,-0.051286414673893686,0.0208029695591794,-1.5903430288411493
1790847949.7823908,-0.05134511329120172,0.01777936471161485,-1.5899798065328474
1790847949.8025236,-0.05139941337146434,0.014920820629493976,-1.5894799658116985
1790847949.823994,-0.051449352071084996,0.012227336443125514,-1.5890255950774623
1790847949.8425903,-0.051495023825638225,0.009698917636671326,-1.5883435617304988
1790847949.8647096,-0.051535978420029556,0.007283415858189772,-1.5867965728283893
1790847949.882513,-0.051572512336888456,0.004919984984618066,-1.5857047884689366
1790847949.9063683,-0.05160614155611262,0.002643410163262339,-1.5856144628802622
1790847949.9225142,-0.05163618578740811,0.0005753745301471019,-1.585068850465203
1790847949.9422405,-0.05166388348111383,-0.001388403071225888,-1.584614249336535
1790847949.9627736,-0.05168772676147209,-0.003100201859596299,-1.5847513559661561
1790847949.9829273,-0.05170921119541195,-0.004638212223187548,-1.5847973635400792
1790847950.00468,-0.051726769656978096,-0.005898161749621409,-1.5845701507450525
1790847950.0224025,-0.051741778300253255,-0.006993017016759437,-1.5842973637370588
1790847950.0424316,-0.051753707104219684,-0.007888019152574085,-1.5837969031451735
1790847950.0624998,-0.05176076274403614,-0.008435450657518223,-1.5834784212414148
1790847950.0825386,-0.05176903934398988,-0.00910453355291682,-1.5827047567373242
1790847950.1027315,-0.051773958826962264,-0.009530311352937335,-1.5816578828354484
1790847950.1226823,-0.051778103079365145,-0.009930020852385259,-1.580201301805738
1790847950.142645,-0.05178080484668706,-0.0102341474564404,-1.578699168505387
1790847950.1625977,-0.05178185769540987,-0.010373174647033809,-1.577697726191354
1790847950.1820664,-0.051782486092101475,-0.01046875448780037,-1.5768328364631894
1790847950.2025385,-0.051782831472900935,-0.010529572644811625,-1.575785847364098
1790847950.2224748,-0.05178314624981534,-0.010599080712406957,-1.5746933389078583
1790847950.2422447,-0.05178348573301714,-0.010703347517358318,-1.5734187530230195
1790847950.2623818,-0.05178375158814788,-0.0108336845871265,-1.5720986532666124
1790847950.282616,-0.05178388028408272,-0.010981402207983642,-1.5707785589957866
1790847950.3027635,-0.05178378826861573,-0.011129116709399194,-1.5691853321253195
1790847950.3226318,-0.05178358566326121,-0.011224686876371093,-1.5673189561984657
1790847950.342573,-0.05178349513370508,-0.011250728427737562,-1.5648152489301215
1790847950.3625765,-0.05178386538814537,-0.01119855419424795,-1.5618107738773166
1790847950.3820055,-0.051784881385949326,-0.01110292746267217,-1.5583055420112146
1790847950.4022453,-0.051786958266039004,-0.010955164776791697,-1.5544361168888445
1790847950.4221861,-0.05179004255521493,-0.010781340703046996,-1.5502480288385183
1790847950.4420855,-0.05179332004027229,-0.010633591420191563,-1.5456502501171017
1790847950.46203,-0.05179804682020175,-0.010459791779666472,-1.5403696316682087
1790847950.4821663,-0.051802499052625774,-0.010320757687283424,-1.5349069357907181
1790847950.5021486,-0.0518078128331859,-0.010181750687219706,-1.5291711073135865
1790847950.5225482,-0.051796361653210665,-0.010442160035980686,-1.5253473332023264
1790847950.5422103,-0.05178143544048258,-0.010763308079755857,-1.5217511887903028
1790847950.5620186,-0.05176384058116582,-0.011110425009047825,-1.5179274421069506
1790847950.5820177,-0.05174349172471256,-0.011483499778543493,-1.5137850489523894
1790847950.6020424,-0.051720100900669315,-0.011882517238138159,-1.509870274525902
1790847950.6219752,-0.05169411573377833,-0.012298787696372528,-1.5057734171852355
1790847950.6425548,-0.05167795369343897,-0.012541524537058193,-1.5014033723891096
1790847950.6622539,-0.05166439149136334,-0.012732173989072537,-1.4968512227364779
1790847950.682098,-0.05165725275433393,-0.012827442682482317,-1.4919803882135647
1790847950.7023444,-0.05165670672276919,-0.012836060830448904,-1.4871095262627425
1790847950.725545,-0.051660374548304286,-0.012792705698420509,-1.4819655152555333
1790847950.7425103,-0.05166425697367014,-0.012749366013652374,-1.476548371648683
1790847950.7621899,-0.051665116658026,-0.01274064736711454,-1.4704028854139515
1790847950.7823672,-0.05166512238085835,-0.012740576412168313,-1.4642118798220694
1790847950.8021543,-0.0516508199766647,-0.01287006011275364,-1.4571559954731843
1790847950.8224416,-0.051645771495191846,-0.012913127369072363,-1.449462774297227
1790847950.8426063,-0.05163923001998678,-0.01296476772312871,-1.4418150779640007
1790847950.8622587,-0.05162675307784483,-0.013059448085571147,-1.433757696445267
1790847950.8823793,-0.05161953898943917,-0.013110995468345836,-1.4258368675123987
1790847950.9037108,-0.05160289637383247,-0.01322263238283289,-1.4170511378801998
1790847950.922054,-0.05158659815572491,-0.013325535135251127,-1.4086751044046733
1790847950.9423368,-0.0515650890472602,-0.013453997012949737,-1.399798336058176
1790847950.9624338,-0.05152282729115656,-0.01369351425570289,-1.3905119044684968
1790847950.982074,-0.05148634851502898,-0.013889915857617327,-1.3807247160655207
1790847951.002359,-0.05143591099269166,-0.014145578211060992,-1.3708009805622592
1790847951.022041,-0.05139377617930065,-0.014349723275386559,-1.360786184402372
1790847951.042545,-0.051334676302059,-0.014621337425781311,-1.3507714101848125
1790847951.062126,-0.05128087289004303,-0.014858550617501555,-1.3433058625927459
1790847951.0821154,-0.051174612625057965,-0.015306547414075415,-1.3303322094776722
1790847951.1024654,-0.0510653026441055,-0.015744886492303226,-1.3195891365168828
1790847951.122113,-0.050931542295738055,-0.01625770020741552,-1.3086184777415106
1790847951.1425316,-0.05077378236883624,-0.016836059472241243,-1.297374708308824
1790847951.1621246,-0.05064254785892082,-0.017295499248597853,-1.2851294142783785
1790847951.18206,-0.050488456686640704,-0.017811631568964894,-1.272656528947768
1790847951.2027707,-0.05030707697294334,-0.018392116514644938,-1.2600015771597228
1790847951.2221384,-0.05012638265701554,-0.018945445241026506,-1.2467548298440803
1790847951.2420533,-0.04993278604933501,-0.01951278778871256,-1.2334170438141385
1790847951.262182,-0.04971990713702,-0.02011021287440281,-1.219624047755958
1790847951.282327,-0.04949541277274838,-0.020712647791721515,-1.2054213555411055
1790847951.3025258,-0.0492813743995173,-0.021263269292484385,-1.1908544700699868
1790847951.3224995,-0.04904314737238827,-0.021851034053133368,-1.1761510320129995
1790847951.3421557,-0.04878548706386208,-0.022458959638935856,-1.1611289474848017
1790847951.3625724,-0.048511989168944974,-0.02307896998520242,-1.146015824242305
1790847951.3822615,-0.048229111516592385,-0.02369475386426316,-1.130629568400167
1790847951.4021544,-0.04792906495548665,-0.024321681852643426,-1.1152433180436108
1790847951.4225597,-0.047638909813536245,-0.024905084061110402,-1.0993563108737574
1790847951.4425955,-0.047323603288271426,-0.025514703767302725,-1.0834693146750678
1790847951.4626536,-0.04699866486408348,-0.026119244339314323,-1.0675823184763777
1790847951.4821563,-0.04667689765337698,-0.026695794567325525,-1.051467703549614
1790847951.5024486,-0.04632841065421174,-0.02729713553725936,-1.035353099594014
1790847951.5226166,-0.04597911140190625,-0.027877812593070584,-1.0191474459529517
1790847951.542709,-0.045634248124607195,-0.028430631292990897,-1.0027141735838152
1790847951.562434,-0.04528505278296436,-0.028970400663828878,-0.9861443321720673
1790847951.5826633,-0.044941370142752984,-0.029482579503247328,-0.9693468720322456
1790847951.6026425,-0.04459902728729106,-0.029974623879278715,-0.952549406406842
1790847951.6227674,-0.044253641940548614,-0.030453865127568758,-0.9357064159387073
1790847951.6425378,-0.04390534986956303,-0.030920195444375183,-0.9188179006278416
1790847951.6621876,-0.043549250467129964,-0.03138058809649314,-0.9017472969172149
1790847951.6821938,-0.04320159903700277,-0.03181445438245468,-0.8847222070781547
1790847951.702597,-0.0428299785322558,-0.0322624115928574,-0.8675605591676477
1790847951.7223759,-0.042399738354095884,-0.03276322498621619,-0.8499892370427926
1790847951.74205,-0.04193186411735672,-0.03328884901902983,-0.8325544949317129
1790847951.762412,-0.041454875734579275,-0.03380621596962269,-0.8151197528206328
1790847951.7824857,-0.0409449610007916,-0.03434035510107164,-0.7977760658805969
1790847951.8046167,-0.040345231780525355,-0.03494463821992688,-0.7761078151025135
1790847951.8223743,-0.039977911629664555,-0.035302131466371005,-0.763134178444186
1790847951.8423493,-0.03949149364216048,-0.035761337998322686,-0.7456994253619426
1790847951.8624358,-0.03900362229382156,-0.03620620653639107,-0.7284922800366112
1790847951.8825371,-0.03852781330487505,-0.03662547624497657,-0.7113306485828483
1790847951.902169,-0.03803155833325079,-0.03704768471687004,-0.694260066814547
1790847951.9224474,-0.037541590628089726,-0.03745032095417979,-0.677280523760546
1790847951.9420705,-0.037051635292278146,-0.03783914011426926,-0.6602554558638138
1790847951.96242,-0.036548297765029186,-0.03822493248029232,-0.6432759128098129
1790847951.982656,-0.03603148941342415,-0.038607282517384885,-0.6263418945985431
1790847952.0133696,-0.03523718044160164,-0.03916921257976696,-0.6009408700244292
1790847952.0225706,-0.03498601816833418,-0.03934058644421071,-0.5925193775331528
1790847952.043272,-0.034457754551485455,-0.039691475261860225,-0.5756308786790323
1790847952.0622644,-0.03393092621914023,-0.040028655022743144,-0.5586968549821808
1790847952.0825906,-0.03341320322117383,-0.040347652872283486,-0.541671781599867
1790847952.1022515,-0.03289013259053143,-0.04065780244473048,-0.5245556640176717
1790847952.1223307,-0.03236183129002232,-0.040958955332098056,-0.5074395464354773
1790847952.1421256,-0.031828473238507654,-0.041251061536946854,-0.4904144730531635
1790847952.1620047,-0.03129784387454791,-0.04152986926684305,-0.4732528306282371
1790847952.182435,-0.030754797122723804,-0.04180354726234403,-0.45640984564568426
1790847952.202021,-0.030199450410484677,-0.042071942702276925,-0.43970342970574294
1790847952.22218,-0.02962387639360665,-0.042338226183957134,-0.4232701518510249
1790847952.242506,-0.02907582959585514,-0.042581038818741763,-0.40692790722502387
1790847952.2625484,-0.02850793450167839,-0.04282176851571205,-0.39085880068424594
1790847952.2824805,-0.02795236389340437,-0.043046849138409206,-0.37497177705764734
1790847952.3020525,-0.027417606201319424,-0.04325368736089485,-0.3593123557023772
1790847952.3220022,-0.02688787728714911,-0.04344926330911763,-0.3439715863038979
1790847952.3421926,-0.02636342718749031,-0.04363387491575614,-0.3290405130620926
1790847952.3620684,-0.025852721210936645,-0.0438050088869698,-0.31429152273446653
1790847952.38213,-0.025356184779658727,-0.04396357464009236,-0.29990670372078143
1790847952.402961,-0.024849103072055366,-0.044117519175079604,-0.2858405421494689
1790847952.4221003,-0.024314884875179143,-0.04427164761996442,-0.27200199930623037
1790847952.4420936,-0.023778572641754626,-0.044418339695549106,-0.2585276332625137
1790847952.4621987,-0.023231918961437895,-0.04455998069466253,-0.24537192466116967
1790847952.4826138,-0.02270038492711077,-0.04469052118072354,-0.23248934317388611
1790847952.502101,-0.02215028419873871,-0.04481816460470363,-0.22015303237147002
1790847952.522068,-0.021615587895418634,-0.044935124748234516,-0.20808984868311264
1790847952.5420046,-0.02106254539230121,-0.045049394764278786,-0.19648189147974043
1790847952.5622525,-0.020593551353408807,-0.04514083913769375,-0.18505599524822025
1790847952.582463,-0.020063693233041798,-0.045237832529571594,-0.174130861315579
1790847952.6024268,-0.019567086524254634,-0.04532329768054487,-0.16366093741117663
1790847952.622507,-0.0191382371846143,-0.04539244591866171,-0.15337307996420993
1790847952.642051,-0.01868291800166018,-0.0454610911750022,-0.14358597384496033
1790847952.6647046,-0.01810641454118257,-0.045541616592873785,-0.1316138453276479
1790847952.6824949,-0.017830724909820562,-0.04557743195348116,-0.12478561810590907
1790847952.7021186,-0.017451289029662923,-0.045623840849127885,-0.11586340720040614
1790847952.7224746,-0.017036916192430758,-0.04567085828714398,-0.10757851666523104
1790847952.7420018,-0.01664810142578748,-0.045711775309892316,-0.09933914000162439
1790847952.762676,-0.0163108512448904,-0.04574441833843504,-0.09155496788067488
1790847952.7848668,-0.01599066184971826,-0.0457728603001706,-0.08413496707366733
1790847952.8027616,-0.015626964934622827,-0.04580252419480479,-0.07703363468019588
1790847952.822987,-0.01530640192855173,-0.04582650450753571,-0.07034198747223222
1790847952.8423352,-0.015003024218095646,-0.04584715086438957,-0.06374137897856726
1790847952.862702,-0.014699511948258873,-0.04586576725388817,-0.057413903084543784
1790847952.882149,-0.014404562113238286,-0.04588205971529075,-0.05167821174695433
1790847952.9021163,-0.014057447400749616,-0.04589931812396873,-0.046215669465751646
1790847952.9230275,-0.013779696637971621,-0.045911673168212465,-0.04102623784186423
1790847952.9425025,-0.013475831504824906,-0.04592355877941933,-0.0359733807461702
1790847952.9648046,-0.013137171226049776,-0.045934916462721506,-0.03028322522247542
1790847952.982407,-0.012928734140915514,-0.045941014888014935,-0.02700569985375381
1790847953.0020502,-0.012659473273836746,-0.04594792502243815,-0.02304536218546296
1790847953.0221257,-0.012424936538441036,-0.045953017238873205,-0.019358146145650033
1790847953.042224,-0.012199068067278208,-0.04595710970593954,-0.015989582062629702
1790847953.0623636,-0.011964496547275941,-0.045960586991289076,-0.012757587022220985
1790847953.082118,-0.011729909191896974,-0.04596334693563781,-0.010071857181096957
1790847953.1023834,-0.011477931082033783,-0.04596559416251786,-0.007750309625076635
1790847953.1224365,-0.011078208131617756,-0.04596858422479708,-0.00656686119500829
1790847953.1423488,-0.01076538446136768,-0.04597046052319214,-0.0051102527373887655
1790847953.1622608,-0.010504696881232874,-0.045971670884466895,-0.003835716222784914
1790847953.1821237,-0.010270074752486019,-0.045972488954470196,-0.0028798261793909993
1790847953.2022464,-0.010018068572609512,-0.04597314665738241,-0.002197074221222973
1790847953.223664,-0.009783438169519668,-0.04597362616627903,-0.0018784935769951224
1790847953.2427084,-0.009618326798508207,-0.04597392288029065,-0.0017419793902011765
1790847953.2629216,-0.009505353210039013,-0.04597412324013133,-0.001878581346303388
1790847953.2822793,-0.00945320915725229,-0.0459742263404518,-0.0021517304026901444
1790847953.302606,-0.00942713609998945,-0.04597428560773195,-0.0023793491307640083
1790847953.3225093,-0.009409752676696873,-0.04597432973854778,-0.002652487215987232
1790847953.3422985,-0.009401062014791975,-0.04597435279047145,-0.0026980120587183584
1790847953.3625596,-0.00939237135394552,-0.0459743762380361,-0.0027435369014494845
1790847953.382457,-0.00939237135394552,-0.0459743762380361,-0.0027435369014494845
1790847953.4026113,-0.00939237135394552,-0.0459743762380361,-0.0027435369014494845
1790847953.422181,-0.00939237135394552,-0.0459743762380361,-0.0027435369014494845
1790847953.4424067,-0.009383680694175518,-0.045974400081241706,-0.002789061744180611
1790847953.4621606,-0.009383680694175518,-0.045974400081241706,-0.002789061744180611
1790847953.4825666,-0.00937499003549998,-0.045974424320088206,-0.0028345865869117363
1790847953.5025134,-0.009366299377936918,-0.04597444895457554,-0.0028801114296428624
1790847953.5225441,-0.00935760872150434,-0.04597447398470367,-0.002925636272373989
1790847953.5427203,-0.00934891806622026,-0.04597449941047254,-0.0029711611151051146
1790847953.5622745,-0.009340227412102695,-0.0459745252318821,-0.003016685957836241
1790847953.5820715,-0.009340227412102695,-0.0459745252318821,-0.003016685957836241
1790847953.603318,-0.009348918065035738,-0.04597449901483191,-0.0029711611151051146
1790847953.6221795,-0.009348918065035738,-0.04597449901483191,-0.0029711611151051146
1790847953.642105,-0.009348918065035738,-0.04597449901483191,-0.0029711611151051146
1790847953.6619809,-0.009348918065035738,-0.04597449901483191,-0.0029711611151051146
1790847953.682092,-0.009348918065035738,-0.04597449901483191,-0.0029711611151051146
1790847953.7025406,-0.009340227410918174,-0.04597452483624147,-0.003016685957836241
1790847953.7225263,-0.009340227410918174,-0.04597452483624147,-0.003016685957836241
1790847953.7425303,-0.009340227410918174,-0.04597452483624147,-0.003016685957836241
1790847953.7624307,-0.009340227410918174,-0.04597452483624147,-0.003016685957836241
1790847953.7820585,-0.009340227410918174,-0.04597452483624147,-0.003016685957836241
1790847953.801999,-0.009340227410918174,-0.04597452483624147,-0.003016685957836241
1790847953.822549,-0.009340227410918174,-0.04597452483624147,-0.003016685957836241
1790847953.8421755,-0.009340227410918174,-0.04597452483624147,-0.003016685957836241
1790847953.8625584,-0.009340227410918174,-0.04597452483624147,-0.003016685957836241
1790847953.8826654,-0.009340227410918174,-0.04597452483624147,-0.003016685957836241
1790847953.9023898,-0.009340227410918174,-0.04597452483624147,-0.003016685957836241
1790847953.9228232,-0.009340227410918174,-0.04597452483624147,-0.003016685957836241
1790847953.942713,-0.009331536757985124,-0.04597455105329166,-0.003062210800567367
1790847953.9622126,-0.009331536757985124,-0.04597455105329166,-0.003062210800567367
1790847953.9822316,-0.009331536757985124,-0.04597455105329166,-0.003062210800567367
1790847954.0025344,-0.009331536757985124,-0.04597455105329166,-0.003062210800567367
1790847954.0223284,-0.009340227409715638,-0.045974524440600885,-0.003016685957836241
1790847954.0426366,-0.009340227409715638,-0.045974524440600885,-0.003016685957836241
1790847954.062178,-0.009340227409715638,-0.045974524440600885,-0.003016685957836241
1790847954.0825691,-0.009331536756782593,-0.045974550657651075,-0.003062210800567367
1790847954.1021035,-0.009331536756782593,-0.045974550657651075,-0.003062210800567367
1790847954.1221037,-0.009331536756782593,-0.045974550657651075,-0.003062210800567367
1790847954.1421714,-0.009331536756782593,-0.045974550657651075,-0.003062210800567367
1790847954.162518,-0.009340226361320463,-0.045974524048167036,-0.003107730157716727
1790847954.1821616,-0.009340226361320463,-0.045974524048167036,-0.003107730157716727
1790847954.2031388,-0.009340226361320463,-0.045974524048167036,-0.003107730157716727
1790847954.2221754,-0.009340226361320463,-0.045974524048167036,-0.003107730157716727
1790847954.2421272,-0.009340226361320463,-0.045974524048167036,-0.003107730157716727
1790847954.2621877,-0.009340226361320463,-0.045974524048167036,-0.003107730157716727
1790847954.2820604,-0.009340226361320463,-0.045974524048167036,-0.003107730157716727
1790847954.3022032,-0.009340226361320463,-0.045974524048167036,-0.003107730157716727
1790847954.3225787,-0.009340226361320463,-0.045974524048167036,-0.003107730157716727
1790847954.3422382,-0.009340226361320463,-0.045974524048167036,-0.003107730157716727
1790847954.362338,-0.009340226361320463,-0.045974524048167036,-0.003107730157716727
1790847954.3822272,-0.009340226361320463,-0.045974524048167036,-0.003107730157716727
1790847954.4023952,-0.009340226361320463,-0.045974524048167036,-0.003107730157716727
1790847954.422399,-0.009340226361320463,-0.045974524048167036,-0.003107730157716727
1790847954.4431288,-0.009340226361320463,-0.045974524048167036,-0.003107730157716727
1790847954.4624321,-0.009340226361320463,-0.045974524048167036,-0.003107730157716727
1790847954.4827304,-0.009340226361320463,-0.045974524048167036,-0.003107730157716727
1790847954.502556,-0.009340226361320463,-0.045974524048167036,-0.003107730157716727
1790847954.5228162,-0.009340226361320463,-0.045974524048167036,-0.003107730157716727
1790847954.5426013,-0.009340226361320463,-0.045974524048167036,-0.003107730157716727
1790847954.5627723,-0.009340226361320463,-0.045974524048167036,-0.003107730157716727
1790847954.5829113,-0.009340226361320463,-0.045974524048167036,-0.003107730157716727
1790847954.6027324,-0.009340226361320463,-0.045974524048167036,-0.003107730157716727
1790847954.622368,-0.009340226361320463,-0.045974524048167036,-0.003107730157716727
1790847954.6432214,-0.009340226361320463,-0.045974524048167036,-0.003107730157716727
1790847954.6619961,-0.009340226361320463,-0.045974524048167036,-0.003107730157716727
1790847954.6819994,-0.009340226361320463,-0.045974524048167036,-0.003107730157716727
1790847954.7020729,-0.009340226361320463,-0.045974524048167036,-0.003107730157716727
1790847954.7221105,-0.009340226361320463,-0.045974524048167036,-0.003107730157716727
1790847954.742642,-0.009340226361320463,-0.045974524048167036,-0.003107730157716727
1790847954.7625313,-0.009340226361320463,-0.045974524048167036,-0.003107730157716727
1790847954.782484,-0.009340226361320463,-0.045974524048167036,-0.003107730157716727
1790847954.8019845,-0.009340226361320463,-0.045974524048167036,-0.003107730157716727
1790847954.822497,-0.009340226361320463,-0.045974524048167036,-0.003107730157716727
1790847954.842522,-0.009340226361320463,-0.045974524048167036,-0.003107730157716727
1790847954.8625333,-0.009340226361320463,-0.045974524048167036,-0.003107730157716727
1790847954.8826606,-0.009340226361320463,-0.045974524048167036,-0.003107730157716727
1790847954.9027348,-0.009340226361320463,-0.045974524048167036,-0.003107730157716727
1790847954.9222884,-0.009340226361320463,-0.045974524048167036,-0.003107730157716727
1790847954.942008,-0.009340226361320463,-0.045974524048167036,-0.003107730157716727
1790847954.9626808,-0.009340226361320463,-0.045974524048167036,-0.003107730157716727
1790847954.982356,-0.009340226361320463,-0.045974524048167036,-0.003107730157716727
1790847955.0021663,-0.009340226361320463,-0.045974524048167036,-0.003107730157716727
1790847955.022393,-0.009340226361320463,-0.045974524048167036,-0.003107730157716727
1790847955.042447,-0.009340226361320463,-0.045974524048167036,-0.003107730157716727
1790847955.0624912,-0.009340226361320463,-0.045974524048167036,-0.003107730157716727
1790847955.0821834,-0.009340226361320463,-0.045974524048167036,-0.003107730157716727
1790847955.1025846,-0.009340226361320463,-0.045974524048167036,-0.003107730157716727
1790847955.1220896,-0.009340226361320463,-0.045974524048167036,-0.003107730157716727
1790847955.143046,-0.009340226361320463,-0.045974524048167036,-0.003107730157716727
1790847955.1622694,-0.009340226361320463,-0.045974524048167036,-0.003107730157716727
1790847955.1819994,-0.009340226361320463,-0.045974524048167036,-0.003107730157716727
1790847955.2020152,-0.009340226361320463,-0.045974524048167036,-0.003107730157716727
1790847955.2219677,-0.009340226361320463,-0.045974524048167036,-0.003107730157716727
1790847955.2446911,-0.009340226361320463,-0.045974524048167036,-0.003107730157716727
1790847955.2625458,-0.009340226361320463,-0.045974524048167036,-0.003107730157716727
1790847955.292628,-0.009340226361320463,-0.045974524048167036,-0.003107730157716727
1790847955.3020027,-0.009340226361320463,-0.045974524048167036,-0.003107730157716727
1790847955.3219945,-0.009340226361320463,-0.045974524048167036,-0.003107730157716727
1790847955.342003,-0.009340226361320463,-0.045974524048167036,-0.003107730157716727
1790847955.3619978,-0.009340226361320463,-0.045974524048167036,-0.003107730157716727
1790847955.3821805,-0.009340226361320463,-0.045974524048167036,-0.003107730157716727
1790847955.4025009,-0.009340226361320463,-0.045974524048167036,-0.003107730157716727
1790847955.42247,-0.009340226361320463,-0.045974524048167036,-0.003107730157716727
1790847955.4420965,-0.009340226361320463,-0.045974524048167036,-0.003107730157716727
1790847955.4621148,-0.009340226361320463,-0.045974524048167036,-0.003107730157716727
1790847955.482228,-0.009340226361320463,-0.045974524048167036,-0.003107730157716727
1790847955.5019965,-0.009340226361320463,-0.045974524048167036,-0.003107730157716727
1790847955.522096,-0.009340226361320463,-0.045974524048167036,-0.003107730157716727
1790847955.542,-0.009340226361320463,-0.045974524048167036,-0.003107730157716727
1790847955.5620546,-0.009340226361320463,-0.045974524048167036,-0.003107730157716727
1790847955.582058,-0.009340226361320463,-0.045974524048167036,-0.003107730157716727
1790847955.6021059,-0.009340226361320463,-0.045974524048167036,-0.003107730157716727
1790847955.6220593,-0.009340226361320463,-0.045974524048167036,-0.003107730157716727
1790847955.6422145,-0.009340226361320463,-0.045974524048167036,-0.003107730157716727
1790847955.662026,-0.009340226361320463,-0.045974524048167036,-0.003107730157716727
1790847955.6825054,-0.009340226361320463,-0.045974524048167036,-0.003107730157716727
1790847955.7022998,-0.009340226361320463,-0.045974524048167036,-0.003107730157716727
1790847955.7220526,-0.009340226361320463,-0.045974524048167036,-0.003107730157716727
1790847955.7420013,-0.009340226361320463,-0.045974524048167036,-0.003107730157716727
1790847955.7622795,-0.009340226361320463,-0.045974524048167036,-0.003107730157716727
1790847955.7825453,-0.009340226361320463,-0.045974524048167036,-0.003107730157716727
1790847955.8021896,-0.009340226361320463,-0.045974524048167036,-0.003107730157716727
1790847955.8224745,-0.009340226361320463,-0.045974524048167036,-0.003107730157716727
1790847955.8421743,-0.009340226361320463,-0.045974524048167036,-0.003107730157716727
1790847955.862393,-0.009340226361320463,-0.045974524048167036,-0.003107730157716727
1790847955.8821113,-0.009340226361320463,-0.045974524048167036,-0.003107730157716727
1790847955.9024224,-0.009340226361320463,-0.045974524048167036,-0.003107730157716727
1790847955.922011,-0.009340226361320463,-0.045974524048167036,-0.003107730157716727
1790847955.9421856,-0.009340226361320463,-0.045974524048167036,-0.003107730157716727
1790847955.962159,-0.009340226361320463,-0.045974524048167036,-0.003107730157716727
1790847955.982018,-0.009340226361320463,-0.045974524048167036,-0.003107730157716727
1790847956.0025735,-0.009340226361320463,-0.045974524048167036,-0.003107730157716727
1790847956.0283136,-0.009340226361320463,-0.045974524048167036,-0.003107730157716727
1790847956.043704,-0.009340226361320463,-0.045974524048167036,-0.003107730157716727
1790847956.0621157,-0.009340226361320463,-0.045974524048167036,-0.003107730157716727
1790847956.0821803,-0.009340226361320463,-0.045974524048167036,-0.003107730157716727
1790847956.1021037,-0.009340226361320463,-0.045974524048167036,-0.003107730157716727
1790847956.123058,-0.009340226361320463,-0.045974524048167036,-0.003107730157716727
1790847956.1421297,-0.009340226361320463,-0.045974524048167036,-0.003107730157716727
1790847956.1625607,-0.009340226361320463,-0.045974524048167036,-0.003107730157716727
1790847956.182587,-0.009340226361320463,-0.045974524048167036,-0.003107730157716727
1790847956.202281,-0.009340226361320463,-0.045974524048167036,-0.003107730157716727
1790847956.222475,-0.009340226361320463,-0.045974524048167036,-0.003107730157716727
1790847956.2424471,-0.009340226361320463,-0.045974524048167036,-0.003107730157716727
1790847956.2621481,-0.009340226361320463,-0.045974524048167036,-0.003107730157716727
1790847956.28246,-0.009340226361320463,-0.045974524048167036,-0.003107730157716727
1790847956.3026583,-0.009340226361320463,-0.045974524048167036,-0.003107730157716727
1790847956.3228261,-0.009340226361320463,-0.045974524048167036,-0.003107730157716727
1790847956.3425329,-0.009340226361320463,-0.045974524048167036,-0.003107730157716727
1790847956.3619506,-0.009340226361320463,-0.045974524048167036,-0.003107730157716727
1790847956.382153,-0.009340226361320463,-0.045974524048167036,-0.003107730157716727
1790847956.4020627,-0.009340226361320463,-0.045974524048167036,-0.003107730157716727
1790847956.4221244,-0.009340226361320463,-0.045974524048167036,-0.003107730157716727
1790847956.4421737,-0.009340226361320463,-0.045974524048167036,-0.003107730157716727
1790847956.461996,-0.009340226361320463,-0.045974524048167036,-0.003107730157716727
1790847956.4821937,-0.009340226361320463,-0.045974524048167036,-0.003107730157716727
1790847956.5020382,-0.009340226361320463,-0.045974524048167036,-0.003107730157716727
1790847956.522144,-0.009340226361320463,-0.045974524048167036,-0.003107730157716727
1790847956.5425825,-0.009340226361320463,-0.045974524048167036,-0.003107730157716727
1790847956.5621195,-0.009340226361320463,-0.045974524048167036,-0.003107730157716727
1790847956.5825055,-0.009340226361320463,-0.045974524048167036,-0.003107730157716727
1790847956.6021285,-0.009340226361320463,-0.045974524048167036,-0.003107730157716727
1790847956.6221457,-0.009340226361320463,-0.045974524048167036,-0.003107730157716727
1790847956.642107,-0.009340226361320463,-0.045974524048167036,-0.003107730157716727
1790847956.6621296,-0.009340226361320463,-0.045974524048167036,-0.003107730157716727
1790847956.6824057,-0.009340226361320463,-0.045974524048167036,-0.003107730157716727
1790847956.7024117,-0.009340226361320463,-0.045974524048167036,-0.003107730157716727
1790847956.7220201,-0.009340226361320463,-0.045974524048167036,-0.003107730157716727
1790847956.7424924,-0.009340226361320463,-0.045974524048167036,-0.003107730157716727
1790847956.7621636,-0.009340226361320463,-0.045974524048167036,-0.003107730157716727
1790847956.7821202,-0.009340226361320463,-0.045974524048167036,-0.003107730157716727
1790847956.8020582,-0.009340226361320463,-0.045974524048167036,-0.003107730157716727
1790847956.8225486,-0.009340226361320463,-0.045974524048167036,-0.003107730157716727
1790847956.842455,-0.009340226361320463,-0.045974524048167036,-0.003107730157716727
1790847956.8620439,-0.009340226361320463,-0.045974524048167036,-0.003107730157716727
1790847956.881971,-0.009340226361320463,-0.045974524048167036,-0.003107730157716727
1790847956.9021008,-0.009340226361320463,-0.045974524048167036,-0.003107730157716727
1790847956.922491,-0.009340226361320463,-0.045974524048167036,-0.003107730157716727
1790847956.9425385,-0.009340226361320463,-0.045974524048167036,-0.003107730157716727
1790847956.9620936,-0.009340226361320463,-0.045974524048167036,-0.003107730157716727
1790847956.9822454,-0.009340226361320463,-0.045974524048167036,-0.003107730157716727
1790847957.0021665,-0.009340226361320463,-0.045974524048167036,-0.003107730157716727
1790847957.022141,-0.009340226361320463,-0.045974524048167036,-0.003107730157716727
1790847957.045755,-0.009340226361320463,-0.045974524048167036,-0.003107730157716727
1790847957.0621266,-0.009340226361320463,-0.045974524048167036,-0.003107730157716727
1790847957.0821667,-0.009340226361320463,-0.045974524048167036,-0.003107730157716727
1790847957.1021643,-0.009340226361320463,-0.045974524048167036,-0.003107730157716727
1790847957.1221862,-0.009340226361320463,-0.045974524048167036,-0.003107730157716727
1790847957.1421638,-0.009340226361320463,-0.045974524048167036,-0.003107730157716727
1790847957.1621346,-0.009340226361320463,-0.045974524048167036,-0.003107730157716727
1790847957.1825852,-0.009340226361320463,-0.045974524048167036,-0.003107730157716727
1790847957.2021873,-0.009340226361320463,-0.045974524048167036,-0.003107730157716727
1790847957.2220907,-0.009340226361320463,-0.045974524048167036,-0.003107730157716727
1790847957.2421215,-0.009340226361320463,-0.045974524048167036,-0.003107730157716727
1790847957.262407,-0.009340226361320463,-0.045974524048167036,-0.003107730157716727
1790847957.2820976,-0.009340226361320463,-0.045974524048167036,-0.003107730157716727
1790847957.3022082,-0.009340226361320463,-0.045974524048167036,-0.003107730157716727
1790847957.3224528,-0.009340226361320463,-0.045974524048167036,-0.003107730157716727
1790847957.342165,-0.009340226361320463,-0.045974524048167036,-0.003107730157716727
1790847957.3622363,-0.009340226361320463,-0.045974524048167036,-0.003107730157716727
1790847957.3824897,-0.009340226361320463,-0.045974524048167036,-0.003107730157716727
1790847957.4024138,-0.009340226361320463,-0.045974524048167036,-0.003107730157716727
1790847957.4222088,-0.009340226361320463,-0.045974524048167036,-0.003107730157716727
1790847957.4424684,-0.009340226361320463,-0.045974524048167036,-0.003107730157716727
1790847957.462199,-0.009340226361320463,-0.045974524048167036,-0.003107730157716727
1790847957.4826279,-0.009340226361320463,-0.045974524048167036,-0.003107730157716727
1790847957.5024915,-0.009340226361320463,-0.045974524048167036,-0.003107730157716727
1790847957.5221345,-0.009340226361320463,-0.045974524048167036,-0.003107730157716727
1790847957.542133,-0.009340226361320463,-0.045974524048167036,-0.003107730157716727
1790847957.5628443,-0.009340226361320463,-0.045974524048167036,-0.003107730157716727
1790847957.5826163,-0.009340226361320463,-0.045974524048167036,-0.003107730157716727
1790847957.60222,-0.009340226361320463,-0.045974524048167036,-0.003107730157716727
1790847957.6224546,-0.009340226361320463,-0.045974524048167036,-0.003107730157716727
1790847957.6421666,-0.009340226361320463,-0.045974524048167036,-0.003107730157716727
1790847957.6622272,-0.009340226361320463,-0.045974524048167036,-0.003107730157716727
1790847957.6826227,-0.009340226361320463,-0.045974524048167036,-0.003107730157716727
1790847957.7023988,-0.009340226361320463,-0.045974524048167036,-0.003107730157716727
1790847957.7222512,-0.009340226361320463,-0.045974524048167036,-0.003107730157716727
1790847957.7421513,-0.009340226361320463,-0.045974524048167036,-0.003107730157716727
1790847957.762259,-0.009340226361320463,-0.045974524048167036,-0.003107730157716727
1790847957.782833,-0.009340226361320463,-0.045974524048167036,-0.003107730157716727
1790847957.8024726,-0.009340226361320463,-0.045974524048167036,-0.003107730157716727
1790847957.8225882,-0.009340226361320463,-0.045974524048167036,-0.003107730157716727
1790847957.8420951,-0.009340226361320463,-0.045974524048167036,-0.003107730157716727
1790847957.8620458,-0.009340226361320463,-0.045974524048167036,-0.003107730157716727
1790847957.8821938,-0.009340226361320463,-0.045974524048167036,-0.003107730157716727
1790847957.902023,-0.009340226361320463,-0.045974524048167036,-0.003107730157716727
1790847957.9220183,-0.009340226361320463,-0.045974524048167036,-0.003107730157716727
1790847957.9419942,-0.009340226361320463,-0.045974524048167036,-0.003107730157716727
1790847957.962069,-0.009340226361320463,-0.045974524048167036,-0.003107730157716727
1790847957.9820144,-0.009340226361320463,-0.045974524048167036,-0.003107730157716727
1790847958.0020015,-0.009340226361320463,-0.045974524048167036,-0.003107730157716727
1790847958.0221753,-0.009340226361320463,-0.045974524048167036,-0.003107730157716727
1790847958.0421085,-0.009340226361320463,-0.045974524048167036,-0.003107730157716727
1790847958.0621173,-0.009340226361320463,-0.045974524048167036,-0.003107730157716727
1790847958.082211,-0.009340226361320463,-0.045974524048167036,-0.003107730157716727
1790847958.1020212,-0.009340226361320463,-0.045974524048167036,-0.003107730157716727
1790847958.1224566,-0.009340226361320463,-0.045974524048167036,-0.003107730157716727
1790847958.1420188,-0.009340226361320463,-0.045974524048167036,-0.003107730157716727
1790847958.162545,-0.009340226361320463,-0.045974524048167036,-0.003107730157716727
1790847958.1819837,-0.009340226361320463,-0.045974524048167036,-0.003107730157716727
1790847958.2022905,-0.009340226361320463,-0.045974524048167036,-0.003107730157716727
1790847958.222135,-0.009340226361320463,-0.045974524048167036,-0.003107730157716727
1790847958.2421885,-0.009340226361320463,-0.045974524048167036,-0.003107730157716727
1790847958.2621393,-0.009340226361320463,-0.045974524048167036,-0.003107730157716727
1790847958.2821352,-0.009340226361320463,-0.045974524048167036,-0.003107730157716727
1790847958.302234,-0.009340226361320463,-0.045974524048167036,-0.003107730157716727
1790847958.3229976,-0.009340226361320463,-0.045974524048167036,-0.003107730157716727
1790847958.3423634,-0.009340226361320463,-0.045974524048167036,-0.003107730157716727
1790847958.3629093,-0.009340226361320463,-0.045974524048167036,-0.003107730157716727
1790847958.38265,-0.009340226361320463,-0.045974524048167036,-0.003107730157716727
1790847958.4022756,-0.009340226361320463,-0.045974524048167036,-0.003107730157716727
1790847958.4226136,-0.009340226361320463,-0.045974524048167036,-0.003107730157716727
1790847958.44222,-0.009340226361320463,-0.045974524048167036,-0.003107730157716727
1790847958.4626584,-0.009340226361320463,-0.045974524048167036,-0.003107730157716727
1790847958.4832861,-0.009340226361320463,-0.045974524048167036,-0.003107730157716727
1790847958.5025923,-0.009340226361320463,-0.045974524048167036,-0.003107730157716727
1790847958.5226488,-0.009340226361320463,-0.045974524048167036,-0.003107730157716727
1790847958.5435457,-0.009340226361320463,-0.045974524048167036,-0.003107730157716727
1790847958.5626678,-0.009340226361320463,-0.045974524048167036,-0.003107730157716727
1790847958.5825608,-0.009340226361320463,-0.045974524048167036,-0.003107730157716727
1790847958.6022158,-0.009340226361320463,-0.045974524048167036,-0.003107730157716727
1790847958.6220722,-0.009340226361320463,-0.045974524048167036,-0.003107730157716727
1790847958.642043,-0.009340226361320463,-0.045974524048167036,-0.003107730157716727
1790847958.6621885,-0.009340226361320463,-0.045974524048167036,-0.003107730157716727
1790847958.6825922,-0.009340226361320463,-0.045974524048167036,-0.003107730157716727
1790847958.7023904,-0.009340226361320463,-0.045974524048167036,-0.003107730157716727
1790847958.7224946,-0.009340226361320463,-0.045974524048167036,-0.003107730157716727
1790847958.7423172,-0.009340226361320463,-0.045974524048167036,-0.003107730157716727
1790847958.7623582,-0.009340226361320463,-0.045974524048167036,-0.003107730157716727
1790847958.7827916,-0.009340226361320463,-0.045974524048167036,-0.003107730157716727
1790847958.8023741,-0.009340226361320463,-0.045974524048167036,-0.003107730157716727
1790847958.822836,-0.009340226361320463,-0.045974524048167036,-0.003107730157716727
1790847958.8429272,-0.009340226361320463,-0.045974524048167036,-0.003107730157716727
1790847958.86275,-0.009340226361320463,-0.045974524048167036,-0.003107730157716727
1790847958.8827477,-0.009340226361320463,-0.045974524048167036,-0.003107730157716727
1790847958.902755,-0.009340226361320463,-0.045974524048167036,-0.003107730157716727
1790847958.9227018,-0.009340226361320463,-0.045974524048167036,-0.003107730157716727
1790847958.9425151,-0.009340226361320463,-0.045974524048167036,-0.003107730157716727
1790847958.9623322,-0.009340226361320463,-0.045974524048167036,-0.003107730157716727
1790847958.9821503,-0.009340226361320463,-0.045974524048167036,-0.003107730157716727
1790847959.0022902,-0.009340226361320463,-0.045974524048167036,-0.003107730157716727
1790847959.0226378,-0.009340226361320463,-0.045974524048167036,-0.003107730157716727
1790847959.0422804,-0.009340226361320463,-0.045974524048167036,-0.003107730157716727
1790847959.0621755,-0.009340226361320463,-0.045974524048167036,-0.003107730157716727
1790847959.0820565,-0.009340226361320463,-0.045974524048167036,-0.003107730157716727
1790847959.1022608,-0.009340226361320463,-0.045974524048167036,-0.003107730157716727
1790847959.1228461,-0.009340226361320463,-0.045974524048167036,-0.003107730157716727
1790847959.1422305,-0.009340226361320463,-0.045974524048167036,-0.003107730157716727
1790847959.162497,-0.009340226361320463,-0.045974524048167036,-0.003107730157716727
1790847959.1824288,-0.009340226361320463,-0.045974524048167036,-0.003107730157716727
1790847959.202518,-0.009340226361320463,-0.045974524048167036,-0.003107730157716727
1790847959.2227035,-0.009340226361320463,-0.045974524048167036,-0.003107730157716727
1790847959.2423701,-0.009340226361320463,-0.045974524048167036,-0.003107730157716727
1790847959.2622123,-0.009340226361320463,-0.045974524048167036,-0.003107730157716727
1790847959.2826865,-0.009340226361320463,-0.045974524048167036,-0.003107730157716727
1790847959.3025835,-0.009340226361320463,-0.045974524048167036,-0.003107730157716727
1790847959.3225172,-0.009340226361320463,-0.045974524048167036,-0.003107730157716727
1790847959.3426287,-0.009340226361320463,-0.045974524048167036,-0.003107730157716727
1790847959.362528,-0.009340226361320463,-0.045974524048167036,-0.003107730157716727
1790847959.3826156,-0.009340226361320463,-0.045974524048167036,-0.003107730157716727
1790847959.4021719,-0.009340226361320463,-0.045974524048167036,-0.003107730157716727
1790847959.4222937,-0.009340226361320463,-0.045974524048167036,-0.003107730157716727
1790847959.4421291,-0.009340226361320463,-0.045974524048167036,-0.003107730157716727
1790847959.4620695,-0.009340226361320463,-0.045974524048167036,-0.003107730157716727
1790847959.4821877,-0.009340226361320463,-0.045974524048167036,-0.003107730157716727
1790847959.5025141,-0.009340226361320463,-0.045974524048167036,-0.003107730157716727
1790847959.522022,-0.009340226361320463,-0.045974524048167036,-0.003107730157716727
1790847959.5420496,-0.009340226361320463,-0.045974524048167036,-0.003107730157716727
1790847959.5620885,-0.009340226361320463,-0.045974524048167036,-0.003107730157716727
1790847959.582188,-0.009340226361320463,-0.045974524048167036,-0.003107730157716727
1790847959.6020756,-0.009340226361320463,-0.045974524048167036,-0.003107730157716727
1790847959.623254,-0.009340226361320463,-0.045974524048167036,-0.003107730157716727
1790847959.6421573,-0.009340226361320463,-0.045974524048167036,-0.003107730157716727
1790847959.662107,-0.009340226361320463,-0.045974524048167036,-0.003107730157716727
1790847959.6820412,-0.009340226361320463,-0.045974524048167036,-0.003107730157716727
1790847959.7021623,-0.009340226361320463,-0.045974524048167036,-0.003107730157716727
1790847959.7229621,-0.009340226361320463,-0.045974524048167036,-0.003107730157716727
1790847959.7422621,-0.009340226361320463,-0.045974524048167036,-0.003107730157716727
1790847959.7622294,-0.009340226361320463,-0.045974524048167036,-0.003107730157716727
1790847959.7824075,-0.009340226361320463,-0.045974524048167036,-0.003107730157716727
1790847959.8026206,-0.009340226361320463,-0.045974524048167036,-0.003107730157716727
1790847959.8228104,-0.009340226361320463,-0.045974524048167036,-0.003107730157716727
1790847959.842644,-0.009340226361320463,-0.045974524048167036,-0.003107730157716727
1790847959.862542,-0.009340226361320463,-0.045974524048167036,-0.003107730157716727
1790847959.8821418,-0.009340226361320463,-0.045974524048167036,-0.003107730157716727
1790847959.902191,-0.009340226361320463,-0.045974524048167036,-0.003107730157716727
1790847959.922191,-0.009340226361320463,-0.045974524048167036,-0.003107730157716727
1790847959.9421723,-0.009340226361320463,-0.045974524048167036,-0.003107730157716727
1790847959.962185,-0.009340226361320463,-0.045974524048167036,-0.003107730157716727
1790847959.9820557,-0.009340226361320463,-0.045974524048167036,-0.003107730157716727
1790847960.0021682,-0.009340226361320463,-0.045974524048167036,-0.003107730157716727
1790847960.0220945,-0.009340226361320463,-0.045974524048167036,-0.003107730157716727
1790847960.0421777,-0.009340226361320463,-0.045974524048167036,-0.003107730157716727
1790847960.0621057,-0.009340226361320463,-0.045974524048167036,-0.003107730157716727
1790847960.0821066,-0.009340226361320463,-0.045974524048167036,-0.003107730157716727
1790847960.1021895,-0.009340226361320463,-0.045974524048167036,-0.003107730157716727
1790847960.122186,-0.009340226361320463,-0.045974524048167036,-0.003107730157716727
1790847960.1422663,-0.009340226361320463,-0.045974524048167036,-0.003107730157716727
1790847960.1621482,-0.009340226361320463,-0.045974524048167036,-0.003107730157716727
1790847960.1821892,-0.009340226361320463,-0.045974524048167036,-0.003107730157716727
1790847960.2021995,-0.009340226361320463,-0.045974524048167036,-0.003107730157716727
1790847960.2224648,-0.009340226361320463,-0.045974524048167036,-0.003107730157716727
1790847960.2424438,-0.009340226361320463,-0.045974524048167036,-0.003107730157716727
1790847960.2626781,-0.009340226361320463,-0.045974524048167036,-0.003107730157716727
1790847960.282211,-0.009340226361320463,-0.045974524048167036,-0.003107730157716727
1790847960.302454,-0.009340226361320463,-0.045974524048167036,-0.003107730157716727
1790847960.3220901,-0.009340226361320463,-0.045974524048167036,-0.003107730157716727
1790847960.3422961,-0.009340226361320463,-0.045974524048167036,-0.003107730157716727
1790847960.3621328,-0.009340226361320463,-0.045974524048167036,-0.003107730157716727
1790847960.3825016,-0.009340226361320463,-0.045974524048167036,-0.003107730157716727
1790847960.4025452,-0.009340226361320463,-0.045974524048167036,-0.003107730157716727
1790847960.4222343,-0.009340226361320463,-0.045974524048167036,-0.003107730157716727
1790847960.4434981,-0.009340226361320463,-0.045974524048167036,-0.003107730157716727
1790847960.4623675,-0.009340226361320463,-0.045974524048167036,-0.003107730157716727
1790847960.482523,-0.009340226361320463,-0.045974524048167036,-0.003107730157716727
1790847960.5024872,-0.009340226361320463,-0.045974524048167036,-0.003107730157716727
1790847960.5221663,-0.009340226361320463,-0.045974524048167036,-0.003107730157716727
1790847960.542926,-0.009340226361320463,-0.045974524048167036,-0.003107730157716727
1790847960.5621815,-0.009340226361320463,-0.045974524048167036,-0.003107730157716727
1790847960.582386,-0.009340226361320463,-0.045974524048167036,-0.003107730157716727
1790847960.6024585,-0.009340226361320463,-0.045974524048167036,-0.003107730157716727
1790847960.622101,-0.009340226361320463,-0.045974524048167036,-0.003107730157716727
1790847960.6421783,-0.009340226361320463,-0.045974524048167036,-0.003107730157716727
1790847960.6624198,-0.009340226361320463,-0.045974524048167036,-0.003107730157716727
1790847960.682421,-0.009340226361320463,-0.045974524048167036,-0.003107730157716727
1790847960.7024786,-0.009340226361320463,-0.045974524048167036,-0.003107730157716727
1790847960.7252467,-0.009340226361320463,-0.045974524048167036,-0.003107730157716727
1790847960.742074,-0.009340226361320463,-0.045974524048167036,-0.003107730157716727
1790847960.762005,-0.009340226361320463,-0.045974524048167036,-0.003107730157716727
1790847960.781982,-0.009340226361320463,-0.045974524048167036,-0.003107730157716727
1790847960.8020504,-0.009340226361320463,-0.045974524048167036,-0.003107730157716727
1790847960.8220937,-0.009340226361320463,-0.045974524048167036,-0.003107730157716727
1790847960.84223,-0.009340226361320463,-0.045974524048167036,-0.003107730157716727
1790847960.861992,-0.009340226361320463,-0.045974524048167036,-0.003107730157716727
1790847960.8821392,-0.009340226361320463,-0.045974524048167036,-0.003107730157716727
1790847960.902229,-0.009340226361320463,-0.045974524048167036,-0.003107730157716727
1790847960.9220095,-0.009340226361320463,-0.045974524048167036,-0.003107730157716727
1790847960.9421103,-0.009340226361320463,-0.045974524048167036,-0.003107730157716727
1790847960.9619577,-0.009340226361320463,-0.045974524048167036,-0.003107730157716727
1790847960.9820642,-0.009340226361320463,-0.045974524048167036,-0.003107730157716727
1790847961.002279,-0.009340226361320463,-0.045974524048167036,-0.003107730157716727
1790847961.0223095,-0.009340226361320463,-0.045974524048167036,-0.003107730157716727
1790847961.042175,-0.009340226361320463,-0.045974524048167036,-0.003107730157716727
1790847961.0620754,-0.009340226361320463,-0.045974524048167036,-0.003107730157716727
1790847961.082206,-0.009340226361320463,-0.045974524048167036,-0.003107730157716727
1790847961.1022868,-0.009340226361320463,-0.045974524048167036,-0.003107730157716727
1790847961.1223369,-0.009340226361320463,-0.045974524048167036,-0.003107730157716727
1790847961.1424413,-0.009340226361320463,-0.045974524048167036,-0.003107730157716727
1790847961.1624546,-0.009340226361320463,-0.045974524048167036,-0.003107730157716727
1790847961.1820843,-0.009340226361320463,-0.045974524048167036,-0.003107730157716727
1790847961.2020464,-0.009340226361320463,-0.045974524048167036,-0.003107730157716727
1790847961.2221012,-0.009340226361320463,-0.045974524048167036,-0.003107730157716727
1790847961.2421572,-0.009340226361320463,-0.045974524048167036,-0.003107730157716727
1790847961.27028,-0.009340226361320463,-0.045974524048167036,-0.003107730157716727
1790847961.2821307,-0.009340226361320463,-0.045974524048167036,-0.003107730157716727
1790847961.3020911,-0.009340226361320463,-0.045974524048167036,-0.003107730157716727
1790847961.3221843,-0.009340226361320463,-0.045974524048167036,-0.003107730157716727
1790847961.3421202,-0.009340226361320463,-0.045974524048167036,-0.003107730157716727
1790847961.362067,-0.009340226361320463,-0.045974524048167036,-0.003107730157716727
1790847961.3822222,-0.009340226361320463,-0.045974524048167036,-0.003107730157716727
1790847961.4021554,-0.009340226361320463,-0.045974524048167036,-0.003107730157716727
1790847961.4221077,-0.009340226361320463,-0.045974524048167036,-0.003107730157716727
1790847961.4421322,-0.009340226361320463,-0.045974524048167036,-0.003107730157716727
1790847961.4631317,-0.009340226361320463,-0.045974524048167036,-0.003107730157716727
1790847961.4823763,-0.009340226361320463,-0.045974524048167036,-0.003107730157716727
1790847961.502068,-0.009340226361320463,-0.045974524048167036,-0.003107730157716727
1790847961.5220354,-0.009340226361320463,-0.045974524048167036,-0.003107730157716727
1790847961.542061,-0.009340226361320463,-0.045974524048167036,-0.003107730157716727
1790847961.5620751,-0.009340226361320463,-0.045974524048167036,-0.003107730157716727
1790847961.5820973,-0.009340226361320463,-0.045974524048167036,-0.003107730157716727
1790847961.6021433,-0.009340226361320463,-0.045974524048167036,-0.003107730157716727
1790847961.6220841,-0.009340226361320463,-0.045974524048167036,-0.003107730157716727
1790847961.6420763,-0.009340226361320463,-0.045974524048167036,-0.003107730157716727
1790847961.6622806,-0.009340226361320463,-0.045974524048167036,-0.003107730157716727
1790847961.6824996,-0.009340226361320463,-0.045974524048167036,-0.003107730157716727
1790847961.7025867,-0.009340226361320463,-0.045974524048167036,-0.003107730157716727
1790847961.722247,-0.009340226361320463,-0.045974524048167036,-0.003107730157716727
1790847961.7421594,-0.009340226361320463,-0.045974524048167036,-0.003107730157716727
1790847961.762194,-0.009340226361320463,-0.045974524048167036,-0.003107730157716727
1790847961.7825155,-0.009340226361320463,-0.045974524048167036,-0.003107730157716727
1790847961.8032231,-0.009340226361320463,-0.045974524048167036,-0.003107730157716727
1790847961.8225389,-0.009340226361320463,-0.045974524048167036,-0.003107730157716727
1790847961.8425112,-0.009340226361320463,-0.045974524048167036,-0.003107730157716727
1790847961.8634098,-0.009340226361320463,-0.045974524048167036,-0.003107730157716727
1790847961.8821664,-0.009340226361320463,-0.045974524048167036,-0.003107730157716727
1790847961.9020193,-0.009331536758002842,-0.04597455105319627,-0.003062210800567367
1790847961.9222069,-0.009331536758002842,-0.04597455105319627,-0.003062210800567367
1790847961.9455552,-0.009340226362540715,-0.04597452444371223,-0.003107730157716727
1790847961.962147,-0.009340226362540715,-0.04597452444371223,-0.003107730157716727
1790847961.9819868,-0.009331535712030596,-0.04597455145199585,-0.0031532550004478525
1790847962.002031,-0.009322846109951377,-0.045974578852617874,-0.0031077356432984934
1790847962.0221357,-0.009322846109951377,-0.045974578852617874,-0.0031077356432984934
1790847962.0421262,-0.009322846109951377,-0.045974578852617874,-0.0031077356432984934
1790847962.0621312,-0.009322846109951377,-0.045974578852617874,-0.0031077356432984934
1790847962.0821762,-0.009322846109951377,-0.045974578852617874,-0.0031077356432984934
1790847962.1020844,-0.009322846109951377,-0.045974578852617874,-0.0031077356432984934
1790847962.1224988,-0.009322846109951377,-0.045974578852617874,-0.0031077356432984934
1790847962.1425326,-0.009322846109951377,-0.045974578852617874,-0.0031077356432984934
1790847962.162531,-0.009322846109951377,-0.045974578852617874,-0.0031077356432984934
1790847962.1821058,-0.009322846109951377,-0.045974578852617874,-0.0031077356432984934
1790847962.202162,-0.009322846109951377,-0.045974578852617874,-0.0031077356432984934
1790847962.2222252,-0.009331535713268854,-0.045974551847540984,-0.0031532550004478525
1790847962.241967,-0.009331535713268854,-0.045974551847540984,-0.0031532550004478525
1790847962.262137,-0.009331535713268854,-0.045974551847540984,-0.0031532550004478525
1790847962.281983,-0.009331535713268854,-0.045974551847540984,-0.0031532550004478525
1790847962.3020077,-0.009331535713268854,-0.045974551847540984,-0.0031532550004478525
1790847962.3219604,-0.009322846111189633,-0.045974579248163,-0.0031077356432984934
1790847962.3423529,-0.009322846111189633,-0.045974579248163,-0.0031077356432984934
1790847962.3621223,-0.009322846111189633,-0.045974579248163,-0.0031077356432984934
1790847962.3821087,-0.009322846111189633,-0.045974579248163,-0.0031077356432984934
1790847962.4019876,-0.009322846111189633,-0.045974579248163,-0.0031077356432984934
1790847962.4224,-0.009322846111189633,-0.045974579248163,-0.0031077356432984934
1790847962.4421732,-0.009322846111189633,-0.045974579248163,-0.0031077356432984934
1790847962.4620628,-0.009322846111189633,-0.045974579248163,-0.0031077356432984934
1790847962.4819987,-0.009322846111189633,-0.045974579248163,-0.0031077356432984934
1790847962.5021198,-0.009322846111189633,-0.045974579248163,-0.0031077356432984934
1790847962.5232487,-0.009322846111189633,-0.045974579248163,-0.0031077356432984934
1790847962.5419524,-0.009322846111189633,-0.045974579248163,-0.0031077356432984934
1790847962.5622406,-0.009322846111189633,-0.045974579248163,-0.0031077356432984934
1790847962.5823553,-0.009322846111189633,-0.045974579248163,-0.0031077356432984934
1790847962.6020195,-0.009322846111189633,-0.045974579248163,-0.0031077356432984934
1790847962.622226,-0.009322846111189633,-0.045974579248163,-0.0031077356432984934
1790847962.6422315,-0.009322846111189633,-0.045974579248163,-0.0031077356432984934
1790847962.6625788,-0.00933153571450711,-0.04597455224308611,-0.0031532550004478525
1790847962.6825821,-0.00933153571450711,-0.04597455224308611,-0.0031532550004478525
1790847962.7025826,-0.00933153571450711,-0.04597455224308611,-0.0031532550004478525
1790847962.722243,-0.00933153571450711,-0.04597455224308611,-0.0031532550004478525
1790847962.7431064,-0.00933153571450711,-0.04597455224308611,-0.0031532550004478525
1790847962.7629209,-0.00933153571450711,-0.04597455224308611,-0.0031532550004478525
1790847962.7824516,-0.00932284611242789,-0.04597457964370813,-0.0031077356432984934
1790847962.8024123,-0.00932284611242789,-0.04597457964370813,-0.0031077356432984934
1790847962.8221517,-0.00932284611242789,-0.04597457964370813,-0.0031077356432984934
1790847962.8427825,-0.00932284611242789,-0.04597457964370813,-0.0031077356432984934
1790847962.8626575,-0.00932284611242789,-0.04597457964370813,-0.0031077356432984934
1790847962.8824027,-0.00932284611242789,-0.04597457964370813,-0.0031077356432984934
1790847962.9021916,-0.00932284611242789,-0.04597457964370813,-0.0031077356432984934
1790847962.922602,-0.009331535715745366,-0.04597455263863123,-0.0031532550004478525
1790847962.9433568,-0.009331535715745366,-0.04597455263863123,-0.0031532550004478525
1790847962.9625146,-0.009322845066473804,-0.04597458004255533,-0.0031987798431789786
1790847962.982119,-0.009331535714488802,-0.045974552242990824,-0.0031532550004478525
1790847963.0023003,-0.009322846112409583,-0.04597457964361284,-0.0031077356432984934
1790847963.022547,-0.009322846112409583,-0.04597457964361284,-0.0031077356432984934
1790847963.0426083,-0.009322846112409583,-0.04597457964361284,-0.0031077356432984934
1790847963.063693,-0.009322846112409583,-0.04597457964361284,-0.0031077356432984934
1790847963.0824308,-0.009322846112409583,-0.04597457964361284,-0.0031077356432984934
1790847963.1024656,-0.009322846112409583,-0.04597457964361284,-0.0031077356432984934
1790847963.1226084,-0.00933153571572706,-0.04597455263853595,-0.0031532550004478525
1790847963.1423063,-0.00933153571572706,-0.04597455263853595,-0.0031532550004478525
1790847963.1626742,-0.00933153571572706,-0.04597455263853595,-0.0031532550004478525
1790847963.1821668,-0.00933153571572706,-0.04597455263853595,-0.0031532550004478525
1790847963.2025747,-0.00933153571572706,-0.04597455263853595,-0.0031532550004478525
1790847963.2221801,-0.00933153571572706,-0.04597455263853595,-0.0031532550004478525
1790847963.2425773,-0.00933153571572706,-0.04597455263853595,-0.0031532550004478525
1790847963.2650049,-0.00933153571572706,-0.04597455263853595,-0.0031532550004478525
1790847963.2822833,-0.00933153571572706,-0.04597455263853595,-0.0031532550004478525
1790847963.3022032,-0.00933153571572706,-0.04597455263853595,-0.0031532550004478525
1790847963.322591,-0.00932284611364784,-0.04597458003915797,-0.0031077356432984934
1790847963.3421774,-0.009314155463137868,-0.04597460704748928,-0.0031532604860296195
1790847963.3623517,-0.009322845065216937,-0.04597457964681958,-0.0031987798431789786
1790847963.3822165,-0.009331535713231937,-0.045974551847255074,-0.0031532550004478525
1790847963.4051692,-0.009331535713231937,-0.045974551847255074,-0.0031532550004478525
1790847963.4223793,-0.009331535713231937,-0.045974551847255074,-0.0031532550004478525
1790847963.4422348,-0.009331535713231937,-0.045974551847255074,-0.0031532550004478525
1790847963.462598,-0.009331535713231937,-0.045974551847255074,-0.0031532550004478525
1790847963.4824252,-0.009322845063960373,-0.04597457925117917,-0.0031987798431789786
1790847963.5025394,-0.009322845063960373,-0.04597457925117917,-0.0031987798431789786
1790847963.522186,-0.009322845063960373,-0.04597457925117917,-0.0031987798431789786
1790847963.542411,-0.009322845063960373,-0.04597457925117917,-0.0031987798431789786
1790847963.5621357,-0.009331535711975375,-0.04597455145161466,-0.0031532550004478525
1790847963.5821056,-0.009331535711975375,-0.04597455145161466,-0.0031532550004478525
1790847963.6020355,-0.009331535711975375,-0.04597455145161466,-0.0031532550004478525
1790847963.622076,-0.009331535711975375,-0.04597455145161466,-0.0031532550004478525
1790847963.6421268,-0.009331535711975375,-0.04597455145161466,-0.0031532550004478525
1790847963.6640365,-0.009322845062703809,-0.04597457885553876,-0.0031987798431789786
1790847963.6820939,-0.009322845062703809,-0.04597457885553876,-0.0031987798431789786
1790847963.7020175,-0.009322845062703809,-0.04597457885553876,-0.0031987798431789786
1790847963.722097,-0.009322845062703809,-0.04597457885553876,-0.0031987798431789786
1790847963.742126,-0.009322845062703809,-0.04597457885553876,-0.0031987798431789786
1790847963.7625291,-0.009322845062703809,-0.04597457885553876,-0.0031987798431789786
1790847963.782169,-0.009322845062703809,-0.04597457885553876,-0.0031987798431789786
1790847963.802062,-0.009322845062703809,-0.04597457885553876,-0.0031987798431789786
1790847963.822105,-0.009322845062703809,-0.04597457885553876,-0.0031987798431789786
1790847963.8420064,-0.009322845062703809,-0.04597457885553876,-0.0031987798431789786
1790847963.862039,-0.009322845062703809,-0.04597457885553876,-0.0031987798431789786
1790847963.8820329,-0.009322845062703809,-0.04597457885553876,-0.0031987798431789786
1790847963.902064,-0.009322845062703809,-0.04597457885553876,-0.0031987798431789786
1790847963.9220738,-0.009322845062703809,-0.04597457885553876,-0.0031987798431789786
1790847963.9424336,-0.009322845062703809,-0.04597457885553876,-0.0031987798431789786
1790847963.9620733,-0.009322845062703809,-0.04597457885553876,-0.0031987798431789786
1790847963.9821823,-0.009322845062703809,-0.04597457885553876,-0.0031987798431789786
1790847964.0028484,-0.009322845062703809,-0.04597457885553876,-0.0031987798431789786
1790847964.0224779,-0.009322845062703809,-0.04597457885553876,-0.0031987798431789786
1790847964.0421212,-0.009322845062703809,-0.04597457885553876,-0.0031987798431789786
1790847964.0620341,-0.009322845062703809,-0.04597457885553876,-0.0031987798431789786
1790847964.0821042,-0.009322845062703809,-0.04597457885553876,-0.0031987798431789786
1790847964.1022296,-0.009322845062703809,-0.04597457885553876,-0.0031987798431789786
1790847964.1225243,-0.009322845062703809,-0.04597457885553876,-0.0031987798431789786
1790847964.142026,-0.009322845062703809,-0.04597457885553876,-0.0031987798431789786
1790847964.1621697,-0.009322845062703809,-0.04597457885553876,-0.0031987798431789786
1790847964.182514,-0.009322845062703809,-0.04597457885553876,-0.0031987798431789786
1790847964.202136,-0.009322845062703809,-0.04597457885553876,-0.0031987798431789786
1790847964.2221057,-0.009322845062703809,-0.04597457885553876,-0.0031987798431789786
1790847964.2427018,-0.009322845062703809,-0.04597457885553876,-0.0031987798431789786
1790847964.2621105,-0.009322845062703809,-0.04597457885553876,-0.0031987798431789786
1790847964.2820966,-0.00931415441468881,-0.045974606655103264,-0.003244304685910105
1790847964.3023846,-0.00931415441468881,-0.045974606655103264,-0.003244304685910105
1790847964.3245807,-0.00931415441468881,-0.045974606655103264,-0.003244304685910105
1790847964.3420262,-0.00931415441468881,-0.045974606655103264,-0.003244304685910105
1790847964.3623157,-0.00931415441468881,-0.045974606655103264,-0.003244304685910105
1790847964.3823345,-0.00931415441468881,-0.045974606655103264,-0.003244304685910105
1790847964.402487,-0.00931415441468881,-0.045974606655103264,-0.003244304685910105
1790847964.4228823,-0.00931415441468881,-0.045974606655103264,-0.003244304685910105
1790847964.4427948,-0.009322845061429233,-0.0459745784598984,-0.0031987798431789786
1790847964.4629805,-0.009322845061429233,-0.0459745784598984,-0.0031987798431789786
1790847964.4823763,-0.009322845061429233,-0.0459745784598984,-0.0031987798431789786
1790847964.5022092,-0.009314154413414232,-0.04597460625946291,-0.003244304685910105
1790847964.5221927,-0.009314154413414232,-0.04597460625946291,-0.003244304685910105
1790847964.544433,-0.009314154413414232,-0.04597460625946291,-0.003244304685910105
1790847964.5626204,-0.009314154413414232,-0.04597460625946291,-0.003244304685910105
1790847964.5820732,-0.009314154413414232,-0.04597460625946291,-0.003244304685910105
1790847964.6024954,-0.009314154413414232,-0.04597460625946291,-0.003244304685910105
1790847964.6221926,-0.009314154413414232,-0.04597460625946291,-0.003244304685910105
1790847964.6422951,-0.009314154413414232,-0.04597460625946291,-0.003244304685910105
1790847964.662453,-0.009314154413414232,-0.04597460625946291,-0.003244304685910105
1790847964.6829562,-0.009314154413414232,-0.04597460625946291,-0.003244304685910105
1790847964.7027812,-0.009314154413414232,-0.04597460625946291,-0.003244304685910105
1790847964.7231076,-0.009314154413414232,-0.04597460625946291,-0.003244304685910105
1790847964.7426243,-0.009314154413414232,-0.04597460625946291,-0.003244304685910105
1790847964.7626307,-0.009314154413414232,-0.04597460625946291,-0.003244304685910105
1790847964.7827332,-0.009314154413414232,-0.04597460625946291,-0.003244304685910105
1790847964.802454,-0.009314154413414232,-0.04597460625946291,-0.003244304685910105
1790847964.8225136,-0.009314154413414232,-0.04597460625946291,-0.003244304685910105
1790847964.8426301,-0.009314154413414232,-0.04597460625946291,-0.003244304685910105
1790847964.863802,-0.009314154413414232,-0.04597460625946291,-0.003244304685910105
1790847964.8828552,-0.009314154413414232,-0.04597460625946291,-0.003244304685910105
1790847964.9034557,-0.009314154413414232,-0.04597460625946291,-0.003244304685910105
1790847964.9519546,-0.009314154413414232,-0.04597460625946291,-0.003244304685910105
1790847964.9644263,-0.009314154413414232,-0.04597460625946291,-0.003244304685910105
1790847964.9821818,-0.009314154413414232,-0.04597460625946291,-0.003244304685910105
1790847965.0023332,-0.009314154413414232,-0.04597460625946291,-0.003244304685910105
1790847965.0221155,-0.009314154413414232,-0.04597460625946291,-0.003244304685910105
1790847965.042723,-0.009314154413414232,-0.04597460625946291,-0.003244304685910105
1790847965.0623293,-0.009314154413414232,-0.04597460625946291,-0.003244304685910105
1790847965.0824208,-0.009314154413414232,-0.04597460625946291,-0.003244304685910105
1790847965.1021981,-0.009314154413414232,-0.04597460625946291,-0.003244304685910105
1790847965.1223605,-0.009314154413414232,-0.04597460625946291,-0.003244304685910105
1790847965.1423814,-0.009314154413414232,-0.04597460625946291,-0.003244304685910105
1790847965.162422,-0.009314154413414232,-0.04597460625946291,-0.003244304685910105
1790847965.1825736,-0.009314154413414232,-0.04597460625946291,-0.003244304685910105
1790847965.2022452,-0.009314154413414232,-0.04597460625946291,-0.003244304685910105
1790847965.2225943,-0.009314154413414232,-0.04597460625946291,-0.003244304685910105
1790847965.2426515,-0.009314154413414232,-0.04597460625946291,-0.003244304685910105
1790847965.2625775,-0.009314154413414232,-0.04597460625946291,-0.003244304685910105
1790847965.282461,-0.009314154413414232,-0.04597460625946291,-0.003244304685910105
1790847965.302106,-0.009314154413414232,-0.04597460625946291,-0.003244304685910105
1790847965.3222215,-0.009314154413414232,-0.04597460625946291,-0.003244304685910105
1790847965.342619,-0.009314154413414232,-0.04597460625946291,-0.003244304685910105
1790847965.3628583,-0.009314154413414232,-0.04597460625946291,-0.003244304685910105
1790847965.3823056,-0.009314154413414232,-0.04597460625946291,-0.003244304685910105
1790847965.4019558,-0.009314154413414232,-0.04597460625946291,-0.003244304685910105
1790847965.4225132,-0.009322845060154655,-0.04597457806425804,-0.0031987798431789786
1790847965.4424405,-0.009322845060154655,-0.04597457806425804,-0.0031987798431789786
1790847965.462298,-0.009314154412139656,-0.04597460586382256,-0.003244304685910105
1790847965.4820719,-0.009314154412139656,-0.04597460586382256,-0.003244304685910105
1790847965.502299,-0.009314154412139656,-0.04597460586382256,-0.003244304685910105
1790847965.5225596,-0.009314154412139656,-0.04597460586382256,-0.003244304685910105
1790847965.542457,-0.009314154412139656,-0.04597460586382256,-0.003244304685910105
1790847965.5622232,-0.009314154412139656,-0.04597460586382256,-0.003244304685910105
1790847965.5824986,-0.009314154412139656,-0.04597460586382256,-0.003244304685910105
1790847965.6024182,-0.009314154412139656,-0.04597460586382256,-0.003244304685910105
1790847965.622405,-0.009314154412139656,-0.04597460586382256,-0.003244304685910105
1790847965.6425767,-0.009314154412139656,-0.04597460586382256,-0.003244304685910105
1790847965.662482,-0.009314154412139656,-0.04597460586382256,-0.003244304685910105
1790847965.6824126,-0.009314154412139656,-0.04597460586382256,-0.003244304685910105
1790847965.7026055,-0.009314154412139656,-0.04597460586382256,-0.003244304685910105
1790847965.7224917,-0.009314154412139656,-0.04597460586382256,-0.003244304685910105
1790847965.7422924,-0.009314154412139656,-0.04597460586382256,-0.003244304685910105
1790847965.762477,-0.009314154412139656,-0.04597460586382256,-0.003244304685910105
1790847965.7825956,-0.009314154412139656,-0.04597460586382256,-0.003244304685910105
1790847965.8024967,-0.009314154412139656,-0.04597460586382256,-0.003244304685910105
1790847965.8222015,-0.009314154412139656,-0.04597460586382256,-0.003244304685910105
1790847965.8421745,-0.009314154412139656,-0.04597460586382256,-0.003244304685910105
1790847965.8629324,-0.009314154412139656,-0.04597460586382256,-0.003244304685910105
1790847965.8825202,-0.009314154412139656,-0.04597460586382256,-0.003244304685910105
1790847965.9025548,-0.009314154412139656,-0.04597460586382256,-0.003244304685910105
1790847965.9225113,-0.009314154412139656,-0.04597460586382256,-0.003244304685910105
1790847965.9422965,-0.009314154412139656,-0.04597460586382256,-0.003244304685910105
1790847965.9625897,-0.009314154412139656,-0.04597460586382256,-0.003244304685910105
1790847965.9824693,-0.009314154412139656,-0.04597460586382256,-0.003244304685910105
1790847966.0025496,-0.009314154412139656,-0.04597460586382256,-0.003244304685910105
1790847966.0221057,-0.009314154412139656,-0.04597460586382256,-0.003244304685910105
1790847966.0424366,-0.009314154412139656,-0.04597460586382256,-0.003244304685910105
1790847966.0625112,-0.009314154412139656,-0.04597460586382256,-0.003244304685910105
1790847966.0825262,-0.009314154412139656,-0.04597460586382256,-0.003244304685910105
1790847966.1021917,-0.009314154412139656,-0.04597460586382256,-0.003244304685910105
1790847966.1224449,-0.009314154412139656,-0.04597460586382256,-0.003244304685910105
1790847966.1425567,-0.009314154412139656,-0.04597460586382256,-0.003244304685910105
1790847966.1626537,-0.009314154412139656,-0.04597460586382256,-0.003244304685910105
1790847966.1821601,-0.009314154412139656,-0.04597460586382256,-0.003244304685910105
1790847966.2025797,-0.009314154412139656,-0.04597460586382256,-0.003244304685910105
1790847966.2224913,-0.009314154412139656,-0.04597460586382256,-0.003244304685910105
1790847966.2424815,-0.009314154412139656,-0.04597460586382256,-0.003244304685910105
1790847966.2625506,-0.009314154412139656,-0.04597460586382256,-0.003244304685910105
1790847966.2821484,-0.009314154412139656,-0.04597460586382256,-0.003244304685910105
1790847966.3021886,-0.009314154412139656,-0.04597460586382256,-0.003244304685910105
1790847966.3222628,-0.009314154412139656,-0.04597460586382256,-0.003244304685910105
1790847966.3422244,-0.009314154412139656,-0.04597460586382256,-0.003244304685910105
1790847966.362554,-0.009314154412139656,-0.04597460586382256,-0.003244304685910105
1790847966.382132,-0.009314154412139656,-0.04597460586382256,-0.003244304685910105
1790847966.4021263,-0.009314154412139656,-0.04597460586382256,-0.003244304685910105
1790847966.4222507,-0.009314154412139656,-0.04597460586382256,-0.003244304685910105
1790847966.4420242,-0.009314154412139656,-0.04597460586382256,-0.003244304685910105
1790847966.4623547,-0.009314154412139656,-0.04597460586382256,-0.003244304685910105
1790847966.482047,-0.009314154412139656,-0.04597460586382256,-0.003244304685910105
1790847966.5024056,-0.009314154412139656,-0.04597460586382256,-0.003244304685910105
1790847966.522542,-0.009314154412139656,-0.04597460586382256,-0.003244304685910105
1790847966.5424821,-0.009314154412139656,-0.04597460586382256,-0.003244304685910105
1790847966.562567,-0.009314154412139656,-0.04597460586382256,-0.003244304685910105
1790847966.5821536,-0.009314154412139656,-0.04597460586382256,-0.003244304685910105
1790847966.6020436,-0.009314154412139656,-0.04597460586382256,-0.003244304685910105
1790847966.6221268,-0.009314154412139656,-0.04597460586382256,-0.003244304685910105
1790847966.6420698,-0.009314154412139656,-0.04597460586382256,-0.003244304685910105
1790847966.661998,-0.009314154412139656,-0.04597460586382256,-0.003244304685910105
1790847966.6822622,-0.009314154412139656,-0.04597460586382256,-0.003244304685910105
1790847966.7024775,-0.009314154412139656,-0.04597460586382256,-0.003244304685910105
1790847966.722344,-0.009314154412139656,-0.04597460586382256,-0.003244304685910105
1790847966.7424579,-0.009314154412139656,-0.04597460586382256,-0.003244304685910105
1790847966.7624953,-0.009314154412139656,-0.04597460586382256,-0.003244304685910105
1790847966.782449,-0.009314154412139656,-0.04597460586382256,-0.003244304685910105
1790847966.802529,-0.009314154412139656,-0.04597460586382256,-0.003244304685910105
1790847966.8220885,-0.009314154412139656,-0.04597460586382256,-0.003244304685910105
1790847966.8424487,-0.009314154412139656,-0.04597460586382256,-0.003244304685910105
1790847966.8623974,-0.009314154412139656,-0.04597460586382256,-0.003244304685910105
1790847966.8821604,-0.009314154412139656,-0.04597460586382256,-0.003244304685910105
1790847966.902168,-0.009314154412139656,-0.04597460586382256,-0.003244304685910105
1790847966.922052,-0.009314154412139656,-0.04597460586382256,-0.003244304685910105
1790847966.9421074,-0.009314154412139656,-0.04597460586382256,-0.003244304685910105
1790847966.9622142,-0.009314154412139656,-0.04597460586382256,-0.003244304685910105
1790847966.9823046,-0.009314154412139656,-0.04597460586382256,-0.003244304685910105
1790847967.0026011,-0.009314154412139656,-0.04597460586382256,-0.003244304685910105
1790847967.0222936,-0.009314154412139656,-0.04597460586382256,-0.003244304685910105
1790847967.0424347,-0.009314154412139656,-0.04597460586382256,-0.003244304685910105
1790847967.0624254,-0.009314154412139656,-0.04597460586382256,-0.003244304685910105
1790847967.082163,-0.009314154412139656,-0.04597460586382256,-0.003244304685910105
1790847967.102307,-0.009314154412139656,-0.04597460586382256,-0.003244304685910105
1790847967.122089,-0.009314154412139656,-0.04597460586382256,-0.003244304685910105
1790847967.1421695,-0.009314154412139656,-0.04597460586382256,-0.003244304685910105
1790847967.162436,-0.009314154412139656,-0.04597460586382256,-0.003244304685910105
1790847967.1824458,-0.009314154412139656,-0.04597460586382256,-0.003244304685910105
1790847967.2020755,-0.009314154412139656,-0.04597460586382256,-0.003244304685910105
1790847967.2220502,-0.009314154412139656,-0.04597460586382256,-0.003244304685910105
1790847967.2424562,-0.009314154412139656,-0.04597460586382256,-0.003244304685910105
1790847967.2621388,-0.009314154412139656,-0.04597460586382256,-0.003244304685910105
1790847967.2824633,-0.009314154412139656,-0.04597460586382256,-0.003244304685910105
1790847967.3020267,-0.009314154412139656,-0.04597460586382256,-0.003244304685910105
1790847967.3220909,-0.009314154412139656,-0.04597460586382256,-0.003244304685910105
1790847967.3420157,-0.009314154412139656,-0.04597460586382256,-0.003244304685910105
1790847967.3619816,-0.009314154412139656,-0.04597460586382256,-0.003244304685910105
1790847967.3821223,-0.009314154412139656,-0.04597460586382256,-0.003244304685910105
1790847967.402124,-0.009314154412139656,-0.04597460586382256,-0.003244304685910105
1790847967.4220543,-0.009314154412139656,-0.04597460586382256,-0.003244304685910105
1790847967.4426832,-0.009314154412139656,-0.04597460586382256,-0.003244304685910105
1790847967.4622705,-0.009314154412139656,-0.04597460586382256,-0.003244304685910105
1790847967.4827392,-0.009314154412139656,-0.04597460586382256,-0.003244304685910105
1790847967.502143,-0.009314154412139656,-0.04597460586382256,-0.003244304685910105
1790847967.5222907,-0.009314154412139656,-0.04597460586382256,-0.003244304685910105
1790847967.5420475,-0.009314154412139656,-0.04597460586382256,-0.003244304685910105
1790847967.563306,-0.009314154412139656,-0.04597460586382256,-0.003244304685910105
1790847967.582682,-0.009314154412139656,-0.04597460586382256,-0.003244304685910105
1790847967.6029153,-0.009314154412139656,-0.04597460586382256,-0.003244304685910105
1790847967.6230614,-0.009314154412139656,-0.04597460586382256,-0.003244304685910105
1790847967.6421692,-0.009314154412139656,-0.04597460586382256,-0.003244304685910105
1790847967.6627288,-0.009314154412139656,-0.04597460586382256,-0.003244304685910105
1790847967.6822782,-0.009314154412139656,-0.04597460586382256,-0.003244304685910105
1790847967.702557,-0.009314154412139656,-0.04597460586382256,-0.003244304685910105
1790847967.7222123,-0.009314154412139656,-0.04597460586382256,-0.003244304685910105
1790847967.7424026,-0.009314154412139656,-0.04597460586382256,-0.003244304685910105
1790847967.76197,-0.009314154412139656,-0.04597460586382256,-0.003244304685910105
1790847967.7822762,-0.009314154412139656,-0.04597460586382256,-0.003244304685910105
1790847967.802741,-0.009314154412139656,-0.04597460586382256,-0.003244304685910105
1790847967.8224492,-0.009314154412139656,-0.04597460586382256,-0.003244304685910105
1790847967.8422935,-0.009314154412139656,-0.04597460586382256,-0.003244304685910105
1790847967.8622959,-0.009314154412139656,-0.04597460586382256,-0.003244304685910105
1790847967.8822167,-0.009314154412139656,-0.04597460586382256,-0.003244304685910105
1790847967.9021447,-0.009314154412139656,-0.04597460586382256,-0.003244304685910105
1790847967.9221854,-0.009314154412139656,-0.04597460586382256,-0.003244304685910105
1790847967.9422286,-0.009314154412139656,-0.04597460586382256,-0.003244304685910105
1790847967.962103,-0.009314154412139656,-0.04597460586382256,-0.003244304685910105
1790847967.982443,-0.009314154412139656,-0.04597460586382256,-0.003244304685910105
1790847968.0025532,-0.009314154412139656,-0.04597460586382256,-0.003244304685910105
1790847968.0221326,-0.009314154412139656,-0.04597460586382256,-0.003244304685910105
1790847968.0421102,-0.009314154412139656,-0.04597460586382256,-0.003244304685910105
1790847968.063881,-0.009314154412139656,-0.04597460586382256,-0.003244304685910105
1790847968.0827923,-0.009314154412139656,-0.04597460586382256,-0.003244304685910105
1790847968.1023595,-0.009314154412139656,-0.04597460586382256,-0.003244304685910105
1790847968.1223018,-0.009314154412139656,-0.04597460586382256,-0.003244304685910105
1790847968.142699,-0.009314154412139656,-0.04597460586382256,-0.003244304685910105
1790847968.1625028,-0.009314154412139656,-0.04597460586382256,-0.003244304685910105
1790847968.1824536,-0.009314154412139656,-0.04597460586382256,-0.003244304685910105
1790847968.2021012,-0.009314154412139656,-0.04597460586382256,-0.003244304685910105
1790847968.222351,-0.009314154412139656,-0.04597460586382256,-0.003244304685910105
1790847968.242246,-0.009314154412139656,-0.04597460586382256,-0.003244304685910105
1790847968.261953,-0.009314154412139656,-0.04597460586382256,-0.003244304685910105
1790847968.2822373,-0.009314154412139656,-0.04597460586382256,-0.003244304685910105
1790847968.3021502,-0.009314154412139656,-0.04597460586382256,-0.003244304685910105
1790847968.322117,-0.009314154412139656,-0.04597460586382256,-0.003244304685910105
1790847968.3423204,-0.009314154412139656,-0.04597460586382256,-0.003244304685910105
1790847968.3625002,-0.009314154412139656,-0.04597460586382256,-0.003244304685910105
1790847968.3824825,-0.009314154412139656,-0.04597460586382256,-0.003244304685910105
1790847968.4021058,-0.009314154412139656,-0.04597460586382256,-0.003244304685910105
1790847968.422015,-0.009314154412139656,-0.04597460586382256,-0.003244304685910105
1790847968.4421902,-0.009314154412139656,-0.04597460586382256,-0.003244304685910105
1790847968.462368,-0.009314154412139656,-0.04597460586382256,-0.003244304685910105
1790847968.4832275,-0.009314154412139656,-0.04597460586382256,-0.003244304685910105
1790847968.503054,-0.009314154412139656,-0.04597460586382256,-0.003244304685910105
1790847968.5228043,-0.009314154412139656,-0.04597460586382256,-0.003244304685910105
1790847968.5428035,-0.009314154412139656,-0.04597460586382256,-0.003244304685910105
1790847968.5628202,-0.009314154412139656,-0.04597460586382256,-0.003244304685910105
1790847968.5824645,-0.009314154412139656,-0.04597460586382256,-0.003244304685910105
1790847968.6021926,-0.009314154412139656,-0.04597460586382256,-0.003244304685910105
1790847968.6222644,-0.009314154412139656,-0.04597460586382256,-0.003244304685910105
1790847968.6423159,-0.009314154412139656,-0.04597460586382256,-0.003244304685910105
1790847968.6626384,-0.009314154412139656,-0.04597460586382256,-0.003244304685910105
1790847968.6827643,-0.009314154412139656,-0.04597460586382256,-0.003244304685910105
1790847968.7023876,-0.009314154412139656,-0.04597460586382256,-0.003244304685910105
1790847968.7228637,-0.009314154412139656,-0.04597460586382256,-0.003244304685910105
1790847968.7428312,-0.009314154412139656,-0.04597460586382256,-0.003244304685910105
1790847968.7627282,-0.009314154412139656,-0.04597460586382256,-0.003244304685910105
1790847968.782777,-0.009314154412139656,-0.04597460586382256,-0.003244304685910105
1790847968.8024762,-0.009314154412139656,-0.04597460586382256,-0.003244304685910105
1790847968.822537,-0.009314154412139656,-0.04597460586382256,-0.003244304685910105
1790847968.8423002,-0.009314154412139656,-0.04597460586382256,-0.003244304685910105
1790847968.8625667,-0.009314154412139656,-0.04597460586382256,-0.003244304685910105
1790847968.8823497,-0.009314154412139656,-0.04597460586382256,-0.003244304685910105
1790847968.9033139,-0.009314154412139656,-0.04597460586382256,-0.003244304685910105
1790847968.9227445,-0.009314154412139656,-0.04597460586382256,-0.003244304685910105
1790847968.943188,-0.009314154412139656,-0.04597460586382256,-0.003244304685910105
1790847968.9626312,-0.009314154412139656,-0.04597460586382256,-0.003244304685910105
1790847968.9826503,-0.009314154412139656,-0.04597460586382256,-0.003244304685910105
1790847969.0024154,-0.009314154412139656,-0.04597460586382256,-0.003244304685910105
1790847969.023071,-0.009314154412139656,-0.04597460586382256,-0.003244304685910105
1790847969.043106,-0.009314154412139656,-0.04597460586382256,-0.003244304685910105
1790847969.0626414,-0.009314154412139656,-0.04597460586382256,-0.003244304685910105
1790847969.0826068,-0.009314154412139656,-0.04597460586382256,-0.003244304685910105
1790847969.1026497,-0.009314154412139656,-0.04597460586382256,-0.003244304685910105
1790847969.122721,-0.009314154412139656,-0.04597460586382256,-0.003244304685910105
1790847969.1426091,-0.009314154412139656,-0.04597460586382256,-0.003244304685910105
1790847969.16278,-0.009314154412139656,-0.04597460586382256,-0.003244304685910105
1790847969.1825361,-0.009314154412139656,-0.04597460586382256,-0.003244304685910105
1790847969.2024674,-0.009314154412139656,-0.04597460586382256,-0.003244304685910105
1790847969.2225597,-0.009314154412139656,-0.04597460586382256,-0.003244304685910105
1790847969.242154,-0.009314154412139656,-0.04597460586382256,-0.003244304685910105
1790847969.2621276,-0.009314154412139656,-0.04597460586382256,-0.003244304685910105
1790847969.2823896,-0.009314154412139656,-0.04597460586382256,-0.003244304685910105
1790847969.3023748,-0.009314154412139656,-0.04597460586382256,-0.003244304685910105
1790847969.3225722,-0.009314154412139656,-0.04597460586382256,-0.003244304685910105
1790847969.3424323,-0.009314154412139656,-0.04597460586382256,-0.003244304685910105
1790847969.3626037,-0.009314154412139656,-0.04597460586382256,-0.003244304685910105
1790847969.382472,-0.009314154412139656,-0.04597460586382256,-0.003244304685910105
1790847969.4024765,-0.009314154412139656,-0.04597460586382256,-0.003244304685910105
1790847969.4225345,-0.009314154412139656,-0.04597460586382256,-0.003244304685910105
1790847969.4420857,-0.009314154412139656,-0.04597460586382256,-0.003244304685910105
1790847969.462505,-0.009314154412139656,-0.04597460586382256,-0.003244304685910105
1790847969.4824948,-0.009314154412139656,-0.04597460586382256,-0.003244304685910105
1790847969.5025182,-0.009314154412139656,-0.04597460586382256,-0.003244304685910105
1790847969.5221672,-0.009314154412139656,-0.04597460586382256,-0.003244304685910105
1790847969.5429344,-0.009314154412139656,-0.04597460586382256,-0.003244304685910105
1790847969.5621066,-0.009314154412139656,-0.04597460586382256,-0.003244304685910105
1790847969.582754,-0.009314154412139656,-0.04597460586382256,-0.003244304685910105
1790847969.6029992,-0.009314154412139656,-0.04597460586382256,-0.003244304685910105
1790847969.6229234,-0.009314154412139656,-0.04597460586382256,-0.003244304685910105
1790847969.6427343,-0.009314154412139656,-0.04597460586382256,-0.003244304685910105
1790847969.6632555,-0.009314154412139656,-0.04597460586382256,-0.003244304685910105
1790847969.6822665,-0.009314154412139656,-0.04597460586382256,-0.003244304685910105
1790847969.7024493,-0.009314154412139656,-0.04597460586382256,-0.003244304685910105
1790847969.7225971,-0.009314154412139656,-0.04597460586382256,-0.003244304685910105
1790847969.742731,-0.009314154412139656,-0.04597460586382256,-0.003244304685910105
1790847969.7628765,-0.009314154412139656,-0.04597460586382256,-0.003244304685910105
1790847969.7823353,-0.009314154412139656,-0.04597460586382256,-0.003244304685910105
1790847969.8021138,-0.009314154412139656,-0.04597460586382256,-0.003244304685910105
1790847969.8222156,-0.009314154412139656,-0.04597460586382256,-0.003244304685910105
1790847969.842279,-0.009314154412139656,-0.04597460586382256,-0.003244304685910105
1790847969.8635418,-0.009314154412139656,-0.04597460586382256,-0.003244304685910105
1790847969.8826213,-0.009314154412139656,-0.04597460586382256,-0.003244304685910105
1790847969.9027166,-0.009314154412139656,-0.04597460586382256,-0.003244304685910105
1790847969.922709,-0.009314154412139656,-0.04597460586382256,-0.003244304685910105
1790847969.9425933,-0.009314154412139656,-0.04597460586382256,-0.003244304685910105
1790847969.9622307,-0.009314154412139656,-0.04597460586382256,-0.003244304685910105
1790847969.9821937,-0.009314154412139656,-0.04597460586382256,-0.003244304685910105
1790847970.002535,-0.009314154412139656,-0.04597460586382256,-0.003244304685910105
1790847970.0220177,-0.009314154412139656,-0.04597460586382256,-0.003244304685910105
1790847970.042144,-0.009314154412139656,-0.04597460586382256,-0.003244304685910105
1790847970.062818,-0.009314154412139656,-0.04597460586382256,-0.003244304685910105
1790847970.0821292,-0.009314154412139656,-0.04597460586382256,-0.003244304685910105
1790847970.1020985,-0.009314154412139656,-0.04597460586382256,-0.003244304685910105
1790847970.1221018,-0.009314154412139656,-0.04597460586382256,-0.003244304685910105
1790847970.1419964,-0.009314154412139656,-0.04597460586382256,-0.003244304685910105
1790847970.1620119,-0.009314154412139656,-0.04597460586382256,-0.003244304685910105
1790847970.1820168,-0.009314154412139656,-0.04597460586382256,-0.003244304685910105
1790847970.201995,-0.009314154412139656,-0.04597460586382256,-0.003244304685910105
1790847970.2219834,-0.009314154412139656,-0.04597460586382256,-0.003244304685910105
1790847970.2420168,-0.009314154412139656,-0.04597460586382256,-0.003244304685910105
1790847970.2621198,-0.009314154412139656,-0.04597460586382256,-0.003244304685910105
1790847970.2823708,-0.009314154412139656,-0.04597460586382256,-0.003244304685910105
1790847970.302167,-0.009314154412139656,-0.04597460586382256,-0.003244304685910105
1790847970.322107,-0.009314154412139656,-0.04597460586382256,-0.003244304685910105
1790847970.3420327,-0.009314154412139656,-0.04597460586382256,-0.003244304685910105
1790847970.3621483,-0.009314154412139656,-0.04597460586382256,-0.003244304685910105
1790847970.3821287,-0.009314154412139656,-0.04597460586382256,-0.003244304685910105
1790847970.4019792,-0.009314154412139656,-0.04597460586382256,-0.003244304685910105
1790847970.4219532,-0.009314154412139656,-0.04597460586382256,-0.003244304685910105
1790847970.4420002,-0.009314154412139656,-0.04597460586382256,-0.003244304685910105
1790847970.4620047,-0.009314154412139656,-0.04597460586382256,-0.003244304685910105
1790847970.4819744,-0.009314154412139656,-0.04597460586382256,-0.003244304685910105
1790847970.5019817,-0.009314154412139656,-0.04597460586382256,-0.003244304685910105
1790847970.5220003,-0.009314154412139656,-0.04597460586382256,-0.003244304685910105
1790847970.542215,-0.009314154412139656,-0.04597460586382256,-0.003244304685910105
1790847970.562465,-0.009314154412139656,-0.04597460586382256,-0.003244304685910105
1790847970.582327,-0.009314154412139656,-0.04597460586382256,-0.003244304685910105
1790847970.6021733,-0.009314154412139656,-0.04597460586382256,-0.003244304685910105
1790847970.6224155,-0.009314154412139656,-0.04597460586382256,-0.003244304685910105
1790847970.6425886,-0.009314154412139656,-0.04597460586382256,-0.003244304685910105
1790847970.66235,-0.009314154412139656,-0.04597460586382256,-0.003244304685910105
1790847970.682578,-0.009314154412139656,-0.04597460586382256,-0.003244304685910105
1790847970.7025204,-0.009314154412139656,-0.04597460586382256,-0.003244304685910105
1790847970.7221644,-0.009314154412139656,-0.04597460586382256,-0.003244304685910105
1790847970.7425294,-0.009314154412139656,-0.04597460586382256,-0.003244304685910105
1790847970.7624655,-0.009314154412139656,-0.04597460586382256,-0.003244304685910105
1790847970.7824688,-0.009314154412139656,-0.04597460586382256,-0.003244304685910105
1790847970.8024063,-0.009314154412139656,-0.04597460586382256,-0.003244304685910105
1790847970.8220582,-0.009314154412139656,-0.04597460586382256,-0.003244304685910105
1790847970.842714,-0.009314154412139656,-0.04597460586382256,-0.003244304685910105
1790847970.8621457,-0.009314154412139656,-0.04597460586382256,-0.003244304685910105
1790847970.8825548,-0.009314154412139656,-0.04597460586382256,-0.003244304685910105
1790847970.9024622,-0.009314154412139656,-0.04597460586382256,-0.003244304685910105
1790847970.9221065,-0.009314154412139656,-0.04597460586382256,-0.003244304685910105
1790847970.9421864,-0.009314154412139656,-0.04597460586382256,-0.003244304685910105
1790847970.962506,-0.009314154412139656,-0.04597460586382256,-0.003244304685910105
1790847970.9823983,-0.009314154412139656,-0.04597460586382256,-0.003244304685910105
1790847971.0024598,-0.009314154412139656,-0.04597460586382256,-0.003244304685910105
1790847971.0222533,-0.009314154412139656,-0.04597460586382256,-0.003244304685910105
1790847971.0425987,-0.009314154412139656,-0.04597460586382256,-0.003244304685910105
1790847971.0624268,-0.009314154412139656,-0.04597460586382256,-0.003244304685910105
1790847971.082436,-0.009314154412139656,-0.04597460586382256,-0.003244304685910105
1790847971.1022925,-0.009314154412139656,-0.04597460586382256,-0.003244304685910105
1790847971.1225748,-0.009314154412139656,-0.04597460586382256,-0.003244304685910105
1790847971.1422117,-0.009314154412139656,-0.04597460586382256,-0.003244304685910105
1790847971.1624599,-0.009314154412139656,-0.04597460586382256,-0.003244304685910105
1790847971.1825092,-0.009314154412139656,-0.04597460586382256,-0.003244304685910105
1790847971.2024622,-0.009314154412139656,-0.04597460586382256,-0.003244304685910105
1790847971.2220075,-0.009314154412139656,-0.04597460586382256,-0.003244304685910105
1790847971.2425206,-0.009314154412139656,-0.04597460586382256,-0.003244304685910105
1790847971.262376,-0.009314154412139656,-0.04597460586382256,-0.003244304685910105
1790847971.282383,-0.009314154412139656,-0.04597460586382256,-0.003244304685910105
1790847971.3020651,-0.009314154412139656,-0.04597460586382256,-0.003244304685910105
1790847971.3224196,-0.009314154412139656,-0.04597460586382256,-0.003244304685910105
1790847971.342497,-0.009314154412139656,-0.04597460586382256,-0.003244304685910105
1790847971.362441,-0.009314154412139656,-0.04597460586382256,-0.003244304685910105
1790847971.382516,-0.009314154412139656,-0.04597460586382256,-0.003244304685910105
1790847971.4021604,-0.009314154412139656,-0.04597460586382256,-0.003244304685910105
1790847971.4225397,-0.009314154412139656,-0.04597460586382256,-0.003244304685910105
1790847971.4421754,-0.009314154412139656,-0.04597460586382256,-0.003244304685910105
1790847971.4627995,-0.009314154412139656,-0.04597460586382256,-0.003244304685910105
1790847971.482074,-0.009314154412139656,-0.04597460586382256,-0.003244304685910105
1790847971.5022266,-0.009314154412139656,-0.04597460586382256,-0.003244304685910105
1790847971.522036,-0.009314154412139656,-0.04597460586382256,-0.003244304685910105
1790847971.5423412,-0.009314154412139656,-0.04597460586382256,-0.003244304685910105
1790847971.562215,-0.009314154412139656,-0.04597460586382256,-0.003244304685910105
1790847971.5829124,-0.009314154412139656,-0.04597460586382256,-0.003244304685910105
1790847971.6022036,-0.009314154412139656,-0.04597460586382256,-0.003244304685910105
1790847971.6222198,-0.009314154412139656,-0.04597460586382256,-0.003244304685910105
1790847971.6425636,-0.009314154412139656,-0.04597460586382256,-0.003244304685910105
1790847971.6625338,-0.009314154412139656,-0.04597460586382256,-0.003244304685910105
1790847971.6822808,-0.009314154412139656,-0.04597460586382256,-0.003244304685910105
1790847971.7021918,-0.009314154412139656,-0.04597460586382256,-0.003244304685910105
1790847971.7221465,-0.009314154412139656,-0.04597460586382256,-0.003244304685910105
1790847971.7422314,-0.009314154412139656,-0.04597460586382256,-0.003244304685910105
1790847971.76262,-0.009314154412139656,-0.04597460586382256,-0.003244304685910105
1790847971.7827988,-0.009314154412139656,-0.04597460586382256,-0.003244304685910105
1790847971.8027747,-0.009314154412139656,-0.04597460586382256,-0.003244304685910105
1790847971.8231032,-0.009314154412139656,-0.04597460586382256,-0.003244304685910105
1790847971.8427157,-0.009314154412139656,-0.04597460586382256,-0.003244304685910105
1790847971.8627195,-0.009314154412139656,-0.04597460586382256,-0.003244304685910105
1790847971.882588,-0.009314154412139656,-0.04597460586382256,-0.003244304685910105
1790847971.9028425,-0.009314154412139656,-0.04597460586382256,-0.003244304685910105
1790847971.9241753,-0.009314154412139656,-0.04597460586382256,-0.003244304685910105
1790847971.943153,-0.009314154412139656,-0.04597460586382256,-0.003244304685910105
1790847971.9624927,-0.009314154412139656,-0.04597460586382256,-0.003244304685910105
1790847971.9826057,-0.009314154412139656,-0.04597460586382256,-0.003244304685910105
1790847972.0022268,-0.009314154412139656,-0.04597460586382256,-0.003244304685910105
1790847972.0226297,-0.009314154412139656,-0.04597460586382256,-0.003244304685910105
1790847972.0421093,-0.009314154412139656,-0.04597460586382256,-0.003244304685910105
1790847972.0626495,-0.009314154412139656,-0.04597460586382256,-0.003244304685910105
1790847972.082295,-0.009314154412139656,-0.04597460586382256,-0.003244304685910105
1790847972.1026876,-0.009314154412139656,-0.04597460586382256,-0.003244304685910105
1790847972.1224492,-0.009314154412139656,-0.04597460586382256,-0.003244304685910105
1790847972.1425028,-0.009314154412139656,-0.04597460586382256,-0.003244304685910105
1790847972.162091,-0.009314154412139656,-0.04597460586382256,-0.003244304685910105
1790847972.1822116,-0.009314154412139656,-0.04597460586382256,-0.003244304685910105
1790847972.202447,-0.009314154412139656,-0.04597460586382256,-0.003244304685910105
1790847972.222491,-0.009314154412139656,-0.04597460586382256,-0.003244304685910105
1790847972.2424266,-0.009314154412139656,-0.04597460586382256,-0.003244304685910105
1790847972.262366,-0.009314154412139656,-0.04597460586382256,-0.003244304685910105
1790847972.2824123,-0.009314154412139656,-0.04597460586382256,-0.003244304685910105
1790847972.3025503,-0.009314154412139656,-0.04597460586382256,-0.003244304685910105
1790847972.3223875,-0.009314154412139656,-0.04597460586382256,-0.003244304685910105
1790847972.342073,-0.009314154412139656,-0.04597460586382256,-0.003244304685910105
1790847972.3623426,-0.009314154412139656,-0.04597460586382256,-0.003244304685910105
1790847972.3823276,-0.009314154412139656,-0.04597460586382256,-0.003244304685910105
1790847972.4025047,-0.009314154412139656,-0.04597460586382256,-0.003244304685910105
1790847972.4223113,-0.009314154412139656,-0.04597460586382256,-0.003244304685910105
1790847972.4421818,-0.009314154412139656,-0.04597460586382256,-0.003244304685910105
1790847972.4622111,-0.009314154412139656,-0.04597460586382256,-0.003244304685910105
1790847972.4823852,-0.009314154412139656,-0.04597460586382256,-0.003244304685910105
1790847972.5024922,-0.009314154412139656,-0.04597460586382256,-0.003244304685910105
1790847972.5225189,-0.009314154412139656,-0.04597460586382256,-0.003244304685910105
1790847972.5421882,-0.009314154412139656,-0.04597460586382256,-0.003244304685910105
1790847972.5624812,-0.009314154412139656,-0.04597460586382256,-0.003244304685910105
1790847972.582063,-0.009314154412139656,-0.04597460586382256,-0.003244304685910105
1790847972.6021738,-0.009314154412139656,-0.04597460586382256,-0.003244304685910105
1790847972.6226804,-0.009314154412139656,-0.04597460586382256,-0.003244304685910105
1790847972.6424258,-0.009314154412139656,-0.04597460586382256,-0.003244304685910105
1790847972.662439,-0.009314154412139656,-0.04597460586382256,-0.003244304685910105
1790847972.6821074,-0.009314154412139656,-0.04597460586382256,-0.003244304685910105
1790847972.7022598,-0.009314154412139656,-0.04597460586382256,-0.003244304685910105
1790847972.722175,-0.009314154412139656,-0.04597460586382256,-0.003244304685910105
1790847972.7420342,-0.009314154412139656,-0.04597460586382256,-0.003244304685910105
1790847972.7624319,-0.009314154412139656,-0.04597460586382256,-0.003244304685910105
1790847972.782103,-0.009314154412139656,-0.04597460586382256,-0.003244304685910105
1790847972.8023987,-0.009314154412139656,-0.04597460586382256,-0.003244304685910105
1790847972.822197,-0.009314154412139656,-0.04597460586382256,-0.003244304685910105
1790847972.8420324,-0.009314154412139656,-0.04597460586382256,-0.003244304685910105
1790847972.8624136,-0.009314154412139656,-0.04597460586382256,-0.003244304685910105
1790847972.8821704,-0.009314154412139656,-0.04597460586382256,-0.003244304685910105
1790847972.9023209,-0.009314154412139656,-0.04597460586382256,-0.003244304685910105
1790847972.9224663,-0.009314154412139656,-0.04597460586382256,-0.003244304685910105
1790847972.9420094,-0.009314154412139656,-0.04597460586382256,-0.003244304685910105
1790847972.9624994,-0.009314154412139656,-0.04597460586382256,-0.003244304685910105
1790847972.9822056,-0.009314154412139656,-0.04597460586382256,-0.003244304685910105
1790847973.0021696,-0.009314154412139656,-0.04597460586382256,-0.003244304685910105
1790847973.0226262,-0.009314154412139656,-0.04597460586382256,-0.003244304685910105
1790847973.0422707,-0.009314154412139656,-0.04597460586382256,-0.003244304685910105
1790847973.0620494,-0.009314154412139656,-0.04597460586382256,-0.003244304685910105
1790847973.08214,-0.009314154412139656,-0.04597460586382256,-0.003244304685910105
1790847973.102139,-0.009314154412139656,-0.04597460586382256,-0.003244304685910105
1790847973.1221042,-0.009314154412139656,-0.04597460586382256,-0.003244304685910105
1790847973.1420481,-0.009314154412139656,-0.04597460586382256,-0.003244304685910105
1790847973.1621218,-0.009314154412139656,-0.04597460586382256,-0.003244304685910105
1790847973.182146,-0.009314154412139656,-0.04597460586382256,-0.003244304685910105
1790847973.2021136,-0.009314154412139656,-0.04597460586382256,-0.003244304685910105
1790847973.222269,-0.009314154412139656,-0.04597460586382256,-0.003244304685910105
1790847973.2420528,-0.009314154412139656,-0.04597460586382256,-0.003244304685910105
1790847973.2622917,-0.009314154412139656,-0.04597460586382256,-0.003244304685910105
1790847973.2825534,-0.009314154412139656,-0.04597460586382256,-0.003244304685910105
1790847973.302565,-0.009314154412139656,-0.04597460586382256,-0.003244304685910105
1790847973.3221521,-0.009314154412139656,-0.04597460586382256,-0.003244304685910105
1790847973.3425825,-0.009314154412139656,-0.04597460586382256,-0.003244304685910105
1790847973.3625855,-0.009314154412139656,-0.04597460586382256,-0.003244304685910105
1790847973.3824065,-0.009314154412139656,-0.04597460586382256,-0.003244304685910105
1790847973.402177,-0.009314154412139656,-0.04597460586382256,-0.003244304685910105
1790847973.4224927,-0.009314154412139656,-0.04597460586382256,-0.003244304685910105
1790847973.442474,-0.009314154412139656,-0.04597460586382256,-0.003244304685910105
1790847973.4625363,-0.009314154412139656,-0.04597460586382256,-0.003244304685910105
1790847973.4821815,-0.009314154412139656,-0.04597460586382256,-0.003244304685910105
1790847973.5025532,-0.009314154412139656,-0.04597460586382256,-0.003244304685910105
1790847973.5222232,-0.009314154412139656,-0.04597460586382256,-0.003244304685910105
1790847973.5428715,-0.009314154412139656,-0.04597460586382256,-0.003244304685910105
1790847973.5625372,-0.009314154412139656,-0.04597460586382256,-0.003244304685910105
1790847973.5820541,-0.009314154412139656,-0.04597460586382256,-0.003244304685910105
1790847973.6025646,-0.009305463765399232,-0.04597463405902742,-0.0032898295286412312
1790847973.6225145,-0.009305463765399232,-0.04597463405902742,-0.0032898295286412312
1790847973.6424928,-0.009314154410847068,-0.04597460546818226,-0.003244304685910105
1790847973.662493,-0.009314154410847068,-0.04597460546818226,-0.003244304685910105
1790847973.6821768,-0.009322845057587492,-0.04597457727297739,-0.0031987798431789786
1790847973.7026477,-0.009322845057587492,-0.04597457727297739,-0.0031987798431789786
1790847973.7222178,-0.009322845057587492,-0.04597457727297739,-0.0031987798431789786
1790847973.7421687,-0.00931415440957249,-0.0459746050725419,-0.003244304685910105
1790847973.7626212,-0.00931415440957249,-0.0459746050725419,-0.003244304685910105
1790847973.7824152,-0.00931415440957249,-0.0459746050725419,-0.003244304685910105
1790847973.8023095,-0.00931415440957249,-0.0459746050725419,-0.003244304685910105
1790847973.822191,-0.00931415440957249,-0.0459746050725419,-0.003244304685910105
1790847973.8424213,-0.009322845056312914,-0.04597457687733704,-0.0031987798431789786
1790847973.862816,-0.009322845056312914,-0.04597457687733704,-0.0031987798431789786
1790847973.882426,-0.009314154408297914,-0.045974604676901544,-0.003244304685910105
1790847973.9025202,-0.009314154408297914,-0.045974604676901544,-0.003244304685910105
1790847973.922573,-0.009314154408297914,-0.045974604676901544,-0.003244304685910105
1790847973.9422526,-0.009314154408297914,-0.045974604676901544,-0.003244304685910105
1790847973.9625137,-0.009314154408297914,-0.045974604676901544,-0.003244304685910105
1790847973.9824007,-0.009314154408297914,-0.045974604676901544,-0.003244304685910105
1790847974.002318,-0.00930546376155749,-0.04597463287210641,-0.0032898295286412312
1790847974.0230632,-0.00930546376155749,-0.04597463287210641,-0.0032898295286412312
1790847974.0425954,-0.009314154407005327,-0.045974604281261246,-0.003244304685910105
1790847974.062607,-0.009314154407005327,-0.045974604281261246,-0.003244304685910105
1790847974.0821266,-0.009314154407005327,-0.045974604281261246,-0.003244304685910105
1790847974.102186,-0.009322845053745749,-0.04597457608605638,-0.0031987798431789786
1790847974.1222732,-0.009314154405730751,-0.04597460388562089,-0.003244304685910105
1790847974.1425557,-0.009314154405730751,-0.04597460388562089,-0.003244304685910105
1790847974.1624522,-0.009314154405730751,-0.04597460388562089,-0.003244304685910105
1790847974.1829178,-0.009314154405730751,-0.04597460388562089,-0.003244304685910105
1790847974.2026718,-0.009314154405730751,-0.04597460388562089,-0.003244304685910105
1790847974.2225485,-0.009314154405730751,-0.04597460388562089,-0.003244304685910105
1790847974.2423882,-0.009314154405730751,-0.04597460388562089,-0.003244304685910105
1790847974.2624135,-0.009305463758990329,-0.04597463208082575,-0.0032898295286412312
1790847974.2821317,-0.009296773113542493,-0.04597466067167092,-0.0033353543713723574
1790847974.3020468,-0.009296773113542493,-0.04597466067167092,-0.0033353543713723574
1790847974.3221626,-0.009296773113542493,-0.04597466067167092,-0.0033353543713723574
1790847974.34196,-0.009296773113542493,-0.04597466067167092,-0.0033353543713723574
1790847974.3619912,-0.009296773113542493,-0.04597466067167092,-0.0033353543713723574
1790847974.382114,-0.009305463757679728,-0.04597463168518552,-0.0032898295286412312
1790847974.4021978,-0.009305463757679728,-0.04597463168518552,-0.0032898295286412312
1790847974.42239,-0.009305463757679728,-0.04597463168518552,-0.0032898295286412312
1790847974.4419956,-0.009305463757679728,-0.04597463168518552,-0.0032898295286412312
1790847974.4621155,-0.009305463757679728,-0.04597463168518552,-0.0032898295286412312
1790847974.482055,-0.009296773112231892,-0.045974660276030685,-0.0033353543713723574
1790847974.501958,-0.009296773112231892,-0.045974660276030685,-0.0033353543713723574
1790847974.5221357,-0.009296773112231892,-0.045974660276030685,-0.0033353543713723574
1790847974.5419717,-0.009296773112231892,-0.045974660276030685,-0.0033353543713723574
1790847974.5621269,-0.009305463756369125,-0.045974631289545285,-0.0032898295286412312
1790847974.582499,-0.009305463756369125,-0.045974631289545285,-0.0032898295286412312
1790847974.6025286,-0.009305463755076538,-0.04597463089390499,-0.0032898295286412312
1790847974.6225061,-0.009305463755076538,-0.04597463089390499,-0.0032898295286412312
1790847974.6421878,-0.009296773109628703,-0.04597465948475015,-0.0033353543713723574
1790847974.6620936,-0.009296773109628703,-0.04597465948475015,-0.0033353543713723574
1790847974.6822286,-0.009296773109628703,-0.04597465948475015,-0.0033353543713723574
1790847974.702499,-0.009296773109628703,-0.04597465948475015,-0.0033353543713723574
1790847974.722416,-0.009296773109628703,-0.04597465948475015,-0.0033353543713723574
1790847974.7421653,-0.009305463753765937,-0.04597463049826476,-0.0032898295286412312
1790847974.7622366,-0.009305463753765937,-0.04597463049826476,-0.0032898295286412312
1790847974.782411,-0.009296773108318102,-0.04597465908910992,-0.0033353543713723574
1790847974.8025582,-0.009296773108318102,-0.04597465908910992,-0.0033353543713723574
1790847974.8224645,-0.009296773108318102,-0.04597465908910992,-0.0033353543713723574
1790847974.842506,-0.009296773108318102,-0.04597465908910992,-0.0033353543713723574
1790847974.8624942,-0.009296773108318102,-0.04597465908910992,-0.0033353543713723574
1790847974.8825302,-0.009296773108318102,-0.04597465908910992,-0.0033353543713723574
1790847974.9024277,-0.009296773108318102,-0.04597465908910992,-0.0033353543713723574
1790847974.922245,-0.009296773108318102,-0.04597465908910992,-0.0033353543713723574
1790847974.942605,-0.009296773108318102,-0.04597465908910992,-0.0033353543713723574
1790847974.9626725,-0.009296773108318102,-0.04597465908910992,-0.0033353543713723574
1790847974.9822793,-0.009296773108318102,-0.04597465908910992,-0.0033353543713723574
1790847975.0025282,-0.009296773108318102,-0.04597465908910992,-0.0033353543713723574
1790847975.0220695,-0.009296773108318102,-0.04597465908910992,-0.0033353543713723574
1790847975.0424008,-0.009305463752455336,-0.045974630102624515,-0.0032898295286412312
1790847975.0627882,-0.009305463752455336,-0.045974630102624515,-0.0032898295286412312
1790847975.082395,-0.0092967731070075,-0.04597465869346968,-0.0033353543713723574
1790847975.1026425,-0.0092967731070075,-0.04597465869346968,-0.0033353543713723574
1790847975.1229448,-0.0092967731070075,-0.04597465869346968,-0.0033353543713723574
1790847975.1440403,-0.009288082462870266,-0.045974687679955085,-0.0033808792141034835
1790847975.162892,-0.009288082462870266,-0.045974687679955085,-0.0033808792141034835
1790847975.1827807,-0.009296773105678892,-0.045974658297829506,-0.0033353543713723574
1790847975.2028465,-0.009296773105678892,-0.045974658297829506,-0.0033353543713723574
1790847975.2229016,-0.009296773105678892,-0.045974658297829506,-0.0033353543713723574
1790847975.2429917,-0.009296773105678892,-0.045974658297829506,-0.0033353543713723574
1790847975.262516,-0.009296773105678892,-0.045974658297829506,-0.0033353543713723574
1790847975.2825449,-0.009296773105678892,-0.045974658297829506,-0.0033353543713723574
1790847975.3021808,-0.009296773105678892,-0.045974658297829506,-0.0033353543713723574
1790847975.3224773,-0.009296773105678892,-0.045974658297829506,-0.0033353543713723574
1790847975.342475,-0.009296773105678892,-0.045974658297829506,-0.0033353543713723574
1790847975.3624077,-0.009296773105678892,-0.045974658297829506,-0.0033353543713723574
1790847975.3825285,-0.009296773105678892,-0.045974658297829506,-0.0033353543713723574
1790847975.4025214,-0.009296773105678892,-0.045974658297829506,-0.0033353543713723574
1790847975.4223552,-0.009296773105678892,-0.045974658297829506,-0.0033353543713723574
1790847975.4421747,-0.009296773105678892,-0.045974658297829506,-0.0033353543713723574
1790847975.4620616,-0.009296773105678892,-0.045974658297829506,-0.0033353543713723574
1790847975.4824798,-0.009296773105678892,-0.045974658297829506,-0.0033353543713723574
1790847975.5024502,-0.009296773105678892,-0.045974658297829506,-0.0033353543713723574
1790847975.5221832,-0.009296773105678892,-0.045974658297829506,-0.0033353543713723574
1790847975.5426152,-0.009296773105678892,-0.045974658297829506,-0.0033353543713723574
1790847975.5620701,-0.009296773105678892,-0.045974658297829506,-0.0033353543713723574
1790847975.582027,-0.009296773105678892,-0.045974658297829506,-0.0033353543713723574
1790847975.6021345,-0.009296773105678892,-0.045974658297829506,-0.0033353543713723574
1790847975.6221318,-0.009296773105678892,-0.045974658297829506,-0.0033353543713723574
1790847975.642149,-0.009296773105678892,-0.045974658297829506,-0.0033353543713723574
1790847975.6620584,-0.009296773105678892,-0.045974658297829506,-0.0033353543713723574
1790847975.6822329,-0.009296773105678892,-0.045974658297829506,-0.0033353543713723574
1790847975.7021701,-0.009296773105678892,-0.045974658297829506,-0.0033353543713723574
1790847975.7221296,-0.009296773105678892,-0.045974658297829506,-0.0033353543713723574
1790847975.7424042,-0.009296773105678892,-0.045974658297829506,-0.0033353543713723574
1790847975.762595,-0.009296773105678892,-0.045974658297829506,-0.0033353543713723574
1790847975.7820375,-0.009296773105678892,-0.045974658297829506,-0.0033353543713723574
1790847975.8021452,-0.009296773105678892,-0.045974658297829506,-0.0033353543713723574
1790847975.822234,-0.009296773105678892,-0.045974658297829506,-0.0033353543713723574
1790847975.8424797,-0.009296773105678892,-0.045974658297829506,-0.0033353543713723574
1790847975.8623252,-0.009296773105678892,-0.045974658297829506,-0.0033353543713723574
1790847975.8825095,-0.009296773105678892,-0.045974658297829506,-0.0033353543713723574
1790847975.9025104,-0.009296773105678892,-0.045974658297829506,-0.0033353543713723574
1790847975.9221869,-0.009296773105678892,-0.045974658297829506,-0.0033353543713723574
1790847975.9425724,-0.009296773105678892,-0.045974658297829506,-0.0033353543713723574
1790847975.962166,-0.009296773105678892,-0.045974658297829506,-0.0033353543713723574
1790847975.9823096,-0.009296773105678892,-0.045974658297829506,-0.0033353543713723574
1790847976.0023541,-0.009296773105678892,-0.045974658297829506,-0.0033353543713723574
1790847976.0225558,-0.009296773105678892,-0.045974658297829506,-0.0033353543713723574
1790847976.042574,-0.009296773105678892,-0.045974658297829506,-0.0033353543713723574
1790847976.0621157,-0.009296773105678892,-0.045974658297829506,-0.0033353543713723574
1790847976.0821285,-0.009296773105678892,-0.045974658297829506,-0.0033353543713723574
1790847976.1020765,-0.009296773105678892,-0.045974658297829506,-0.0033353543713723574
1790847976.12206,-0.009296773105678892,-0.045974658297829506,-0.0033353543713723574
1790847976.1419897,-0.009296773105678892,-0.045974658297829506,-0.0033353543713723574
1790847976.1622102,-0.009296773105678892,-0.045974658297829506,-0.0033353543713723574
1790847976.1824872,-0.009296773105678892,-0.045974658297829506,-0.0033353543713723574
1790847976.2021492,-0.009296773105678892,-0.045974658297829506,-0.0033353543713723574
1790847976.222474,-0.009296773105678892,-0.045974658297829506,-0.0033353543713723574
1790847976.242329,-0.009296773105678892,-0.045974658297829506,-0.0033353543713723574
1790847976.2621732,-0.009296773105678892,-0.045974658297829506,-0.0033353543713723574
1790847976.282721,-0.009296773105678892,-0.045974658297829506,-0.0033353543713723574
1790847976.3024127,-0.009296773105678892,-0.045974658297829506,-0.0033353543713723574
1790847976.3225882,-0.009296773105678892,-0.045974658297829506,-0.0033353543713723574
1790847976.3425488,-0.009296773105678892,-0.045974658297829506,-0.0033353543713723574
1790847976.3624313,-0.009296773105678892,-0.045974658297829506,-0.0033353543713723574
1790847976.3823247,-0.009296773105678892,-0.045974658297829506,-0.0033353543713723574
1790847976.4023557,-0.009296773105678892,-0.045974658297829506,-0.0033353543713723574
1790847976.4227,-0.009296773105678892,-0.045974658297829506,-0.0033353543713723574
1790847976.442352,-0.009296773105678892,-0.045974658297829506,-0.0033353543713723574
1790847976.4622796,-0.009296773105678892,-0.045974658297829506,-0.0033353543713723574
1790847976.4821246,-0.009296773105678892,-0.045974658297829506,-0.0033353543713723574
1790847976.5021667,-0.009296773105678892,-0.045974658297829506,-0.0033353543713723574
1790847976.5221152,-0.009296773105678892,-0.045974658297829506,-0.0033353543713723574
1790847976.542146,-0.009296773105678892,-0.045974658297829506,-0.0033353543713723574
1790847976.5623884,-0.009296773105678892,-0.045974658297829506,-0.0033353543713723574
1790847976.582718,-0.009296773105678892,-0.045974658297829506,-0.0033353543713723574
1790847976.6026807,-0.009296773105678892,-0.045974658297829506,-0.0033353543713723574
1790847976.6229517,-0.009296773105678892,-0.045974658297829506,-0.0033353543713723574
1790847976.6426964,-0.009296773105678892,-0.045974658297829506,-0.0033353543713723574
1790847976.6626883,-0.009296773105678892,-0.045974658297829506,-0.0033353543713723574
1790847976.6826742,-0.009296773105678892,-0.045974658297829506,-0.0033353543713723574
1790847976.7021835,-0.009296773105678892,-0.045974658297829506,-0.0033353543713723574
1790847976.722172,-0.009296773105678892,-0.045974658297829506,-0.0033353543713723574
1790847976.7420263,-0.009296773105678892,-0.045974658297829506,-0.0033353543713723574
1790847976.7620444,-0.009296773105678892,-0.045974658297829506,-0.0033353543713723574
1790847976.7821538,-0.009296773105678892,-0.045974658297829506,-0.0033353543713723574
1790847976.8021066,-0.009296773105678892,-0.045974658297829506,-0.0033353543713723574
1790847976.8221314,-0.009296773105678892,-0.045974658297829506,-0.0033353543713723574
1790847976.8421254,-0.009296773105678892,-0.045974658297829506,-0.0033353543713723574
1790847976.862046,-0.009296773105678892,-0.045974658297829506,-0.0033353543713723574
1790847976.8825362,-0.009296773105678892,-0.045974658297829506,-0.0033353543713723574
1790847976.902131,-0.009296773105678892,-0.045974658297829506,-0.0033353543713723574
1790847976.9224331,-0.009296773105678892,-0.045974658297829506,-0.0033353543713723574
1790847976.942132,-0.009296773105678892,-0.045974658297829506,-0.0033353543713723574
1790847976.9621785,-0.009296773105678892,-0.045974658297829506,-0.0033353543713723574
1790847976.9823089,-0.009296773105678892,-0.045974658297829506,-0.0033353543713723574
1790847977.0021565,-0.009296773105678892,-0.045974658297829506,-0.0033353543713723574
1790847977.02219,-0.009296773105678892,-0.045974658297829506,-0.0033353543713723574
1790847977.0421836,-0.009296773105678892,-0.045974658297829506,-0.0033353543713723574
1790847977.0621753,-0.009296773105678892,-0.045974658297829506,-0.0033353543713723574
1790847977.0825455,-0.009296773105678892,-0.045974658297829506,-0.0033353543713723574
1790847977.104297,-0.009296773105678892,-0.045974658297829506,-0.0033353543713723574
1790847977.122293,-0.009296773105678892,-0.045974658297829506,-0.0033353543713723574
1790847977.1428292,-0.009296773105678892,-0.045974658297829506,-0.0033353543713723574
1790847977.162155,-0.009296773105678892,-0.045974658297829506,-0.0033353543713723574
1790847977.182111,-0.009296773105678892,-0.045974658297829506,-0.0033353543713723574
1790847977.2020707,-0.009296773105678892,-0.045974658297829506,-0.0033353543713723574
1790847977.22206,-0.009296773105678892,-0.045974658297829506,-0.0033353543713723574
1790847977.2419443,-0.009296773105678892,-0.045974658297829506,-0.0033353543713723574
1790847977.2626793,-0.009296773105678892,-0.045974658297829506,-0.0033353543713723574
1790847977.2830274,-0.009296773105678892,-0.045974658297829506,-0.0033353543713723574
1790847977.3024771,-0.009296773105678892,-0.045974658297829506,-0.0033353543713723574
1790847977.3226497,-0.009296773105678892,-0.045974658297829506,-0.0033353543713723574
1790847977.3425899,-0.009296773105678892,-0.045974658297829506,-0.0033353543713723574
1790847977.3624825,-0.009296773105678892,-0.045974658297829506,-0.0033353543713723574
1790847977.3829136,-0.009296773105678892,-0.045974658297829506,-0.0033353543713723574
1790847977.4022765,-0.009296773105678892,-0.045974658297829506,-0.0033353543713723574
1790847977.42237,-0.009296773105678892,-0.045974658297829506,-0.0033353543713723574
1790847977.4423683,-0.009296773105678892,-0.045974658297829506,-0.0033353543713723574
1790847977.462492,-0.009296773105678892,-0.045974658297829506,-0.0033353543713723574
1790847977.4821136,-0.009296773105678892,-0.045974658297829506,-0.0033353543713723574
1790847977.5024712,-0.009296773105678892,-0.045974658297829506,-0.0033353543713723574
1790847977.5224893,-0.009296773105678892,-0.045974658297829506,-0.0033353543713723574
1790847977.5426803,-0.009296773105678892,-0.045974658297829506,-0.0033353543713723574
1790847977.5624802,-0.009296773105678892,-0.045974658297829506,-0.0033353543713723574
1790847977.5823736,-0.009296773105678892,-0.045974658297829506,-0.0033353543713723574
1790847977.602481,-0.009296773105678892,-0.045974658297829506,-0.0033353543713723574
1790847977.6225164,-0.009296773105678892,-0.045974658297829506,-0.0033353543713723574
1790847977.642644,-0.009296773105678892,-0.045974658297829506,-0.0033353543713723574
1790847977.6621215,-0.009296773105678892,-0.045974658297829506,-0.0033353543713723574
1790847977.6824033,-0.009296773105678892,-0.045974658297829506,-0.0033353543713723574
1790847977.7019887,-0.009296773105678892,-0.045974658297829506,-0.0033353543713723574
1790847977.7221642,-0.009296773105678892,-0.045974658297829506,-0.0033353543713723574
1790847977.7420976,-0.009296773105678892,-0.045974658297829506,-0.0033353543713723574
1790847977.7620258,-0.009296773105678892,-0.045974658297829506,-0.0033353543713723574
1790847977.7824914,-0.009296773105678892,-0.045974658297829506,-0.0033353543713723574
1790847977.8020384,-0.009296773105678892,-0.045974658297829506,-0.0033353543713723574
1790847977.8230455,-0.009305463749816126,-0.045974629311344106,-0.0032898295286412312
1790847977.8420455,-0.009305463749816126,-0.045974629311344106,-0.0032898295286412312
1790847977.8622053,-0.009305463749816126,-0.045974629311344106,-0.0032898295286412312
1790847977.882159,-0.009305463749816126,-0.045974629311344106,-0.0032898295286412312
1790847977.9024782,-0.009296773104368291,-0.04597465790218927,-0.0033353543713723574
1790847977.9223197,-0.009296773104368291,-0.04597465790218927,-0.0033353543713723574
1790847977.9422815,-0.009296773104368291,-0.04597465790218927,-0.0033353543713723574
1790847977.962539,-0.009296773104368291,-0.04597465790218927,-0.0033353543713723574
1790847977.9824553,-0.009305463748505525,-0.04597462891570388,-0.0032898295286412312
1790847978.0021536,-0.009305463748505525,-0.04597462891570388,-0.0032898295286412312
1790847978.0219483,-0.009305463748505525,-0.04597462891570388,-0.0032898295286412312
1790847978.042353,-0.009305463748505525,-0.04597462891570388,-0.0032898295286412312
1790847978.062358,-0.00929677310305769,-0.04597465750654904,-0.0033353543713723574
1790847978.0820374,-0.00929677310305769,-0.04597465750654904,-0.0033353543713723574
1790847978.1024942,-0.00929677310305769,-0.04597465750654904,-0.0033353543713723574
1790847978.122098,-0.00929677310305769,-0.04597465750654904,-0.0033353543713723574
1790847978.1421857,-0.00929677310305769,-0.04597465750654904,-0.0033353543713723574
1790847978.1621609,-0.00929677310305769,-0.04597465750654904,-0.0033353543713723574
1790847978.1819768,-0.00929677310305769,-0.04597465750654904,-0.0033353543713723574
1790847978.2025225,-0.009305463747194926,-0.045974628520063635,-0.0032898295286412312
1790847978.2224743,-0.009305463747194926,-0.045974628520063635,-0.0032898295286412312
1790847978.2421162,-0.00929677310174709,-0.0459746571109088,-0.0033353543713723574
1790847978.2621398,-0.00929677310174709,-0.0459746571109088,-0.0033353543713723574
1790847978.2822366,-0.009305463745884325,-0.045974628124423406,-0.0032898295286412312
1790847978.3021452,-0.009305463745884325,-0.045974628124423406,-0.0032898295286412312
1790847978.3221757,-0.009305463745884325,-0.045974628124423406,-0.0032898295286412312
1790847978.342508,-0.009296773100436488,-0.04597465671526857,-0.0033353543713723574
1790847978.3624446,-0.009296773100436488,-0.04597465671526857,-0.0033353543713723574
1790847978.382157,-0.009296773100436488,-0.04597465671526857,-0.0033353543713723574
1790847978.4024515,-0.009296773100436488,-0.04597465671526857,-0.0033353543713723574
1790847978.4222043,-0.009296773100436488,-0.04597465671526857,-0.0033353543713723574
1790847978.442134,-0.009296773100436488,-0.04597465671526857,-0.0033353543713723574
1790847978.462506,-0.009296773100436488,-0.04597465671526857,-0.0033353543713723574
1790847978.4824336,-0.009296773100436488,-0.04597465671526857,-0.0033353543713723574
1790847978.50206,-0.009296773100436488,-0.04597465671526857,-0.0033353543713723574
1790847978.5221245,-0.009296773100436488,-0.04597465671526857,-0.0033353543713723574
1790847978.5421646,-0.009296773100436488,-0.04597465671526857,-0.0033353543713723574
1790847978.5620914,-0.009296773100436488,-0.04597465671526857,-0.0033353543713723574
1790847978.5824897,-0.009296773100436488,-0.04597465671526857,-0.0033353543713723574
1790847978.6024868,-0.009296773100436488,-0.04597465671526857,-0.0033353543713723574
1790847978.6221015,-0.009296773100436488,-0.04597465671526857,-0.0033353543713723574
1790847978.642491,-0.009296773100436488,-0.04597465671526857,-0.0033353543713723574
1790847978.6619694,-0.009296773100436488,-0.04597465671526857,-0.0033353543713723574
1790847978.682435,-0.009296773100436488,-0.04597465671526857,-0.0033353543713723574
1790847978.7021663,-0.009296773100436488,-0.04597465671526857,-0.0033353543713723574
1790847978.7224827,-0.009296773100436488,-0.04597465671526857,-0.0033353543713723574
1790847978.7420428,-0.009296773100436488,-0.04597465671526857,-0.0033353543713723574
1790847978.7621198,-0.009296773100436488,-0.04597465671526857,-0.0033353543713723574
1790847978.7821417,-0.009296773100436488,-0.04597465671526857,-0.0033353543713723574
1790847978.8020232,-0.009296773100436488,-0.04597465671526857,-0.0033353543713723574
1790847978.821968,-0.009296773100436488,-0.04597465671526857,-0.0033353543713723574
1790847978.8421113,-0.009296773100436488,-0.04597465671526857,-0.0033353543713723574
1790847978.8621576,-0.009296773100436488,-0.04597465671526857,-0.0033353543713723574
1790847978.882046,-0.009296773100436488,-0.04597465671526857,-0.0033353543713723574
1790847978.9021873,-0.009296773100436488,-0.04597465671526857,-0.0033353543713723574
1790847978.9223084,-0.009296773100436488,-0.04597465671526857,-0.0033353543713723574
1790847978.9423752,-0.009296773100436488,-0.04597465671526857,-0.0033353543713723574
1790847978.9625244,-0.009296773100436488,-0.04597465671526857,-0.0033353543713723574
1790847978.9826925,-0.009296773100436488,-0.04597465671526857,-0.0033353543713723574
1790847979.0026205,-0.009296773100436488,-0.04597465671526857,-0.0033353543713723574
1790847979.0220938,-0.009296773100436488,-0.04597465671526857,-0.0033353543713723574
1790847979.0424073,-0.009296773100436488,-0.04597465671526857,-0.0033353543713723574
1790847979.0625298,-0.009296773100436488,-0.04597465671526857,-0.0033353543713723574
1790847979.0822031,-0.009296773100436488,-0.04597465671526857,-0.0033353543713723574
1790847979.102663,-0.009296773100436488,-0.04597465671526857,-0.0033353543713723574
1790847979.1223288,-0.009296773100436488,-0.04597465671526857,-0.0033353543713723574
1790847979.1426759,-0.009296773100436488,-0.04597465671526857,-0.0033353543713723574
1790847979.162578,-0.009296773100436488,-0.04597465671526857,-0.0033353543713723574
1790847979.1823165,-0.009296773100436488,-0.04597465671526857,-0.0033353543713723574
1790847979.2021787,-0.009296773100436488,-0.04597465671526857,-0.0033353543713723574
1790847979.2221212,-0.009296773100436488,-0.04597465671526857,-0.0033353543713723574
1790847979.2424371,-0.009296773100436488,-0.04597465671526857,-0.0033353543713723574
1790847979.2621632,-0.009296773100436488,-0.04597465671526857,-0.0033353543713723574
1790847979.2820709,-0.009296773100436488,-0.04597465671526857,-0.0033353543713723574
1790847979.3029606,-0.009296773100436488,-0.04597465671526857,-0.0033353543713723574
1790847979.322522,-0.009296773100436488,-0.04597465671526857,-0.0033353543713723574
1790847979.3421295,-0.009296773100436488,-0.04597465671526857,-0.0033353543713723574
1790847979.3621547,-0.009296773100436488,-0.04597465671526857,-0.0033353543713723574
1790847979.3821435,-0.009296773100436488,-0.04597465671526857,-0.0033353543713723574
1790847979.4022653,-0.009296773100436488,-0.04597465671526857,-0.0033353543713723574
1790847979.4225225,-0.009296773100436488,-0.04597465671526857,-0.0033353543713723574
1790847979.442065,-0.009296773100436488,-0.04597465671526857,-0.0033353543713723574
1790847979.4620647,-0.009296773100436488,-0.04597465671526857,-0.0033353543713723574
1790847979.4821513,-0.009296773100436488,-0.04597465671526857,-0.0033353543713723574
1790847979.5021174,-0.009296773100436488,-0.04597465671526857,-0.0033353543713723574
1790847979.5220993,-0.009296773100436488,-0.04597465671526857,-0.0033353543713723574
1790847979.5421257,-0.009296773100436488,-0.04597465671526857,-0.0033353543713723574
1790847979.5620565,-0.009296773100436488,-0.04597465671526857,-0.0033353543713723574
1790847979.5821185,-0.009296773100436488,-0.04597465671526857,-0.0033353543713723574
1790847979.602185,-0.009296773100436488,-0.04597465671526857,-0.0033353543713723574
1790847979.6219969,-0.009296773100436488,-0.04597465671526857,-0.0033353543713723574
1790847979.6423526,-0.009296773100436488,-0.04597465671526857,-0.0033353543713723574
1790847979.662143,-0.009296773100436488,-0.04597465671526857,-0.0033353543713723574
1790847979.6823308,-0.009296773100436488,-0.04597465671526857,-0.0033353543713723574
1790847979.7021906,-0.009296773100436488,-0.04597465671526857,-0.0033353543713723574
1790847979.7221172,-0.009296773100436488,-0.04597465671526857,-0.0033353543713723574
1790847979.7425249,-0.009296773100436488,-0.04597465671526857,-0.0033353543713723574
1790847979.7622666,-0.009296773100436488,-0.04597465671526857,-0.0033353543713723574
1790847979.782191,-0.009296773100436488,-0.04597465671526857,-0.0033353543713723574
1790847979.802184,-0.009296773100436488,-0.04597465671526857,-0.0033353543713723574
1790847979.8221526,-0.009296773100436488,-0.04597465671526857,-0.0033353543713723574
1790847979.8420997,-0.009296773100436488,-0.04597465671526857,-0.0033353543713723574
1790847979.8621838,-0.009296773100436488,-0.04597465671526857,-0.0033353543713723574
1790847979.8821764,-0.009296773100436488,-0.04597465671526857,-0.0033353543713723574
1790847979.9024796,-0.009296773100436488,-0.04597465671526857,-0.0033353543713723574
1790847979.9220088,-0.009296773100436488,-0.04597465671526857,-0.0033353543713723574
1790847979.9423797,-0.009296773100436488,-0.04597465671526857,-0.0033353543713723574
1790847979.9621499,-0.009296773100436488,-0.04597465671526857,-0.0033353543713723574
1790847979.9821055,-0.009296773100436488,-0.04597465671526857,-0.0033353543713723574
1790847980.0020607,-0.009296773100436488,-0.04597465671526857,-0.0033353543713723574
1790847980.022495,-0.009296773100436488,-0.04597465671526857,-0.0033353543713723574
1790847980.041956,-0.009296773100436488,-0.04597465671526857,-0.0033353543713723574
1790847980.062154,-0.009296773100436488,-0.04597465671526857,-0.0033353543713723574
1790847980.0821922,-0.009296773100436488,-0.04597465671526857,-0.0033353543713723574
1790847980.102254,-0.009296773100436488,-0.04597465671526857,-0.0033353543713723574
1790847980.1220877,-0.009296773100436488,-0.04597465671526857,-0.0033353543713723574
1790847980.1421275,-0.009296773100436488,-0.04597465671526857,-0.0033353543713723574
1790847980.162062,-0.009296773100436488,-0.04597465671526857,-0.0033353543713723574
1790847980.1821015,-0.009305463744573724,-0.04597462772878317,-0.0032898295286412312
1790847980.2019737,-0.009296773099125888,-0.04597465631962833,-0.0033353543713723574
1790847980.2220266,-0.009296773099125888,-0.04597465631962833,-0.0033353543713723574
1790847980.2424324,-0.009296773099125888,-0.04597465631962833,-0.0033353543713723574
1790847980.2620695,-0.009296773099125888,-0.04597465631962833,-0.0033353543713723574
1790847980.2823157,-0.009296773099125888,-0.04597465631962833,-0.0033353543713723574
1790847980.3024766,-0.009296773099125888,-0.04597465631962833,-0.0033353543713723574
1790847980.3220472,-0.009296773099125888,-0.04597465631962833,-0.0033353543713723574
1790847980.342379,-0.009296773099125888,-0.04597465631962833,-0.0033353543713723574
1790847980.3626215,-0.009296773099125888,-0.04597465631962833,-0.0033353543713723574
1790847980.3825264,-0.009296773099125888,-0.04597465631962833,-0.0033353543713723574
1790847980.4020965,-0.009296773099125888,-0.04597465631962833,-0.0033353543713723574
1790847980.4220512,-0.009296773099125888,-0.04597465631962833,-0.0033353543713723574
1790847980.4424944,-0.009296773099125888,-0.04597465631962833,-0.0033353543713723574
1790847980.4620874,-0.009296773099125888,-0.04597465631962833,-0.0033353543713723574
1790847980.482328,-0.009296773099125888,-0.04597465631962833,-0.0033353543713723574
1790847980.50247,-0.009296773099125888,-0.04597465631962833,-0.0033353543713723574
1790847980.5221074,-0.009296773099125888,-0.04597465631962833,-0.0033353543713723574
1790847980.5421813,-0.009296773099125888,-0.04597465631962833,-0.0033353543713723574
1790847980.5624397,-0.009296773099125888,-0.04597465631962833,-0.0033353543713723574
1790847980.5819352,-0.009296773099125888,-0.04597465631962833,-0.0033353543713723574
1790847980.602336,-0.009296773099125888,-0.04597465631962833,-0.0033353543713723574
1790847980.6224217,-0.009296773099125888,-0.04597465631962833,-0.0033353543713723574
1790847980.6420588,-0.009296773099125888,-0.04597465631962833,-0.0033353543713723574
1790847980.6624777,-0.009296773099125888,-0.04597465631962833,-0.0033353543713723574
1790847980.6821146,-0.009296773099125888,-0.04597465631962833,-0.0033353543713723574
1790847980.7021308,-0.009296773099125888,-0.04597465631962833,-0.0033353543713723574
1790847980.7221863,-0.009296773099125888,-0.04597465631962833,-0.0033353543713723574
1790847980.7424023,-0.009296773099125888,-0.04597465631962833,-0.0033353543713723574
1790847980.7624927,-0.009296773099125888,-0.04597465631962833,-0.0033353543713723574
1790847980.78211,-0.009296773099125888,-0.04597465631962833,-0.0033353543713723574
1790847980.8020735,-0.009296773099125888,-0.04597465631962833,-0.0033353543713723574
1790847980.8221436,-0.009296773099125888,-0.04597465631962833,-0.0033353543713723574
1790847980.8422132,-0.009296773099125888,-0.04597465631962833,-0.0033353543713723574
1790847980.8621602,-0.009296773099125888,-0.04597465631962833,-0.0033353543713723574
1790847980.8819604,-0.009305463743263123,-0.04597462733314294,-0.0032898295286412312
1790847980.90207,-0.009305463743263123,-0.04597462733314294,-0.0032898295286412312
1790847980.9221146,-0.009296773097815287,-0.045974655923988104,-0.0033353543713723574
1790847980.942168,-0.009296773097815287,-0.045974655923988104,-0.0033353543713723574
1790847980.9623618,-0.00930546374195252,-0.045974626937502705,-0.0032898295286412312
1790847980.9820542,-0.00930546374195252,-0.045974626937502705,-0.0032898295286412312
1790847981.0021384,-0.00930546374195252,-0.045974626937502705,-0.0032898295286412312
1790847981.0225294,-0.00930546374195252,-0.045974626937502705,-0.0032898295286412312
1790847981.042361,-0.00930546374195252,-0.045974626937502705,-0.0032898295286412312
1790847981.0619347,-0.00930546374195252,-0.045974626937502705,-0.0032898295286412312
1790847981.0821946,-0.00930546374195252,-0.045974626937502705,-0.0032898295286412312
1790847981.102093,-0.00930546374195252,-0.045974626937502705,-0.0032898295286412312
1790847981.1220522,-0.00930546374195252,-0.045974626937502705,-0.0032898295286412312
1790847981.1421664,-0.00930546374195252,-0.045974626937502705,-0.0032898295286412312
1790847981.1621063,-0.00930546374195252,-0.045974626937502705,-0.0032898295286412312
1790847981.182498,-0.00930546374195252,-0.045974626937502705,-0.0032898295286412312
1790847981.2020578,-0.00930546374195252,-0.045974626937502705,-0.0032898295286412312
1790847981.2224364,-0.00930546374195252,-0.045974626937502705,-0.0032898295286412312
1790847981.2421222,-0.00930546374195252,-0.045974626937502705,-0.0032898295286412312
1790847981.2620506,-0.00930546374195252,-0.045974626937502705,-0.0032898295286412312
1790847981.28219,-0.00930546374195252,-0.045974626937502705,-0.0032898295286412312
1790847981.302069,-0.00930546374195252,-0.045974626937502705,-0.0032898295286412312
1790847981.322137,-0.00930546374195252,-0.045974626937502705,-0.0032898295286412312
1790847981.342065,-0.00930546374195252,-0.045974626937502705,-0.0032898295286412312
1790847981.3625164,-0.00930546374195252,-0.045974626937502705,-0.0032898295286412312
1790847981.3821,-0.00930546374195252,-0.045974626937502705,-0.0032898295286412312
1790847981.402577,-0.00930546374195252,-0.045974626937502705,-0.0032898295286412312
1790847981.4224763,-0.009296773096504686,-0.04597465552834787,-0.0033353543713723574
1790847981.4422958,-0.009296773096504686,-0.04597465552834787,-0.0033353543713723574
1790847981.4621742,-0.009296773096504686,-0.04597465552834787,-0.0033353543713723574
1790847981.4825578,-0.00930546374064192,-0.04597462654186247,-0.0032898295286412312
1790847981.5020516,-0.00930546374064192,-0.04597462654186247,-0.0032898295286412312
1790847981.5220568,-0.00930546374064192,-0.04597462654186247,-0.0032898295286412312
1790847981.5420384,-0.00930546374064192,-0.04597462654186247,-0.0032898295286412312
1790847981.5623884,-0.009296773095194083,-0.04597465513270763,-0.0033353543713723574
1790847981.5821526,-0.009296773095194083,-0.04597465513270763,-0.0033353543713723574
1790847981.602179,-0.009296773095194083,-0.04597465513270763,-0.0033353543713723574
1790847981.6221392,-0.009296773095194083,-0.04597465513270763,-0.0033353543713723574
1790847981.6424193,-0.009296773095194083,-0.04597465513270763,-0.0033353543713723574
1790847981.6625285,-0.009296773095194083,-0.04597465513270763,-0.0033353543713723574
1790847981.6825066,-0.009305463739331318,-0.04597462614622223,-0.0032898295286412312
1790847981.7020144,-0.009305463739331318,-0.04597462614622223,-0.0032898295286412312
1790847981.722125,-0.009305463739331318,-0.04597462614622223,-0.0032898295286412312
1790847981.7421637,-0.009305463739331318,-0.04597462614622223,-0.0032898295286412312
1790847981.7625566,-0.009305463739331318,-0.04597462614622223,-0.0032898295286412312
1790847981.7824297,-0.009305463739331318,-0.04597462614622223,-0.0032898295286412312
1790847981.8024333,-0.009288082449746249,-0.045974683723552796,-0.0033808792141034835
1790847981.8223853,-0.009270701165475622,-0.04597474288344407,-0.0034719288995657353
1790847981.8424027,-0.009262010525378252,-0.04597477305684982,-0.003517453742296862
1790847981.8622115,-0.009262010525378252,-0.04597477305684982,-0.003517453742296862
1790847981.882425,-0.009262010525378252,-0.04597477305684982,-0.003517453742296862
1790847981.902193,-0.009262010525378252,-0.04597477305684982,-0.003517453742296862
1790847981.922087,-0.009270701164092975,-0.045974742487804074,-0.0034719288995657353
1790847981.942175,-0.009270702212648684,-0.045974742879760666,-0.00338088469968525
1790847981.962128,-0.009262012617031787,-0.04597477225839348,-0.00333536534253589
1790847981.9823072,-0.009270702213976977,-0.045974743275305506,-0.00338088469968525
1790847982.0022612,-0.009279391809593874,-0.0459747138966727,-0.0034264040568346096
1790847982.0221398,-0.009270701168131874,-0.0459747436744384,-0.0034719288995657353
1790847982.0424318,-0.009270701168131874,-0.0459747436744384,-0.0034719288995657353
1790847982.0621512,-0.009262010528034504,-0.04597477384784415,-0.003517453742296862
1790847982.082374,-0.009262010528034504,-0.04597477384784415,-0.003517453742296862
1790847982.1023982,-0.009262010528034504,-0.04597477384784415,-0.003517453742296862
1790847982.1222124,-0.009262010528034504,-0.04597477384784415,-0.003517453742296862
1790847982.14214,-0.009262010528034504,-0.04597477384784415,-0.003517453742296862
1790847982.1621478,-0.009262010528034504,-0.04597477384784415,-0.003517453742296862
1790847982.1821904,-0.009270701166749227,-0.045974743278798406,-0.0034719288995657353
1790847982.2023685,-0.009270701166749227,-0.045974743278798406,-0.0034719288995657353
1790847982.2222083,-0.009270701166749227,-0.045974743278798406,-0.0034719288995657353
1790847982.242173,-0.009270701166749227,-0.045974743278798406,-0.0034719288995657353
1790847982.2621365,-0.009270701166749227,-0.045974743278798406,-0.0034719288995657353
1790847982.282189,-0.009270701166749227,-0.045974743278798406,-0.0034719288995657353
1790847982.3021238,-0.009262010526651859,-0.04597477345220416,-0.003517453742296862
1790847982.3221545,-0.009262010526651859,-0.04597477345220416,-0.003517453742296862
1790847982.342158,-0.009262010526651859,-0.04597477345220416,-0.003517453742296862
1790847982.3623385,-0.009262010526651859,-0.04597477345220416,-0.003517453742296862
1790847982.382325,-0.009262010526651859,-0.04597477345220416,-0.003517453742296862
1790847982.402384,-0.00927070116536658,-0.04597474288315841,-0.0034719288995657353
1790847982.4222507,-0.00927070116536658,-0.04597474288315841,-0.0034719288995657353
1790847982.4421055,-0.00927070116536658,-0.04597474288315841,-0.0034719288995657353
1790847982.4621565,-0.00927070116536658,-0.04597474288315841,-0.0034719288995657353
1790847982.4821074,-0.00927070116536658,-0.04597474288315841,-0.0034719288995657353
1790847982.5025847,-0.00927070116536658,-0.04597474288315841,-0.0034719288995657353
1790847982.5220408,-0.00927070116536658,-0.04597474288315841,-0.0034719288995657353
1790847982.5421793,-0.009262010525269213,-0.04597477305656417,-0.003517453742296862
1790847982.562116,-0.009262010525269213,-0.04597477305656417,-0.003517453742296862
1790847982.582515,-0.009270701163983933,-0.04597474248751842,-0.0034719288995657353
1790847982.602424,-0.009270701163983933,-0.04597474248751842,-0.0034719288995657353
1790847982.622102,-0.009270701163983933,-0.04597474248751842,-0.0034719288995657353
1790847982.6422176,-0.009270701163983933,-0.04597474248751842,-0.0034719288995657353
1790847982.6620677,-0.009262011571077807,-0.04597477265728838,-0.0034264095424163758
1790847982.6824102,-0.00927070116534824,-0.045974742883063136,-0.0034719288995657353
1790847982.7023468,-0.00926201052525087,-0.04597477305646888,-0.003517453742296862
1790847982.72252,-0.00926201052525087,-0.04597477305646888,-0.003517453742296862
1790847982.7422018,-0.00926201052525087,-0.04597477305646888,-0.003517453742296862
1790847982.7624803,-0.00926201052525087,-0.04597477305646888,-0.003517453742296862
1790847982.7821834,-0.009270701163965594,-0.04597474248742314,-0.0034719288995657353
1790847982.8021295,-0.009270701163965594,-0.04597474248742314,-0.0034719288995657353
1790847982.8219676,-0.009270701163965594,-0.04597474248742314,-0.0034719288995657353
1790847982.842503,-0.009270701163965594,-0.04597474248742314,-0.0034719288995657353
1790847982.8624663,-0.009270701163965594,-0.04597474248742314,-0.0034719288995657353
1790847982.8824658,-0.009270701163965594,-0.04597474248742314,-0.0034719288995657353
1790847982.902297,-0.009270701163965594,-0.04597474248742314,-0.0034719288995657353
1790847982.922167,-0.009270701163965594,-0.04597474248742314,-0.0034719288995657353
1790847982.9423637,-0.009262010523868224,-0.045974772660828896,-0.003517453742296862
1790847982.962177,-0.009262010523868224,-0.045974772660828896,-0.003517453742296862
1790847982.982149,-0.009262010523868224,-0.045974772660828896,-0.003517453742296862
1790847983.0026746,-0.009262010523868224,-0.045974772660828896,-0.003517453742296862
1790847983.0223956,-0.009270701162582948,-0.045974742091783156,-0.0034719288995657353
1790847983.042438,-0.009270701162582948,-0.045974742091783156,-0.0034719288995657353
1790847983.0622032,-0.009270701162582948,-0.045974742091783156,-0.0034719288995657353
1790847983.0825782,-0.009270701162582948,-0.045974742091783156,-0.0034719288995657353
1790847983.102716,-0.00926201052248558,-0.0459747722651889,-0.003517453742296862
1790847983.1222637,-0.00926201052248558,-0.0459747722651889,-0.003517453742296862
1790847983.142733,-0.00926201052248558,-0.0459747722651889,-0.003517453742296862
1790847983.162505,-0.00926201052248558,-0.0459747722651889,-0.003517453742296862
1790847983.182464,-0.00926201052248558,-0.0459747722651889,-0.003517453742296862
1790847983.2021427,-0.0092707011612003,-0.045974741696143163,-0.0034719288995657353
1790847983.2224286,-0.0092707011612003,-0.045974741696143163,-0.0034719288995657353
1790847983.2420585,-0.0092707011612003,-0.045974741696143163,-0.0034719288995657353
1790847983.2623956,-0.0092707011612003,-0.045974741696143163,-0.0034719288995657353
1790847983.2825415,-0.0092707011612003,-0.045974741696143163,-0.0034719288995657353
1790847983.3021562,-0.0092707011612003,-0.045974741696143163,-0.0034719288995657353
1790847983.3223894,-0.009262010521102933,-0.04597477186954892,-0.003517453742296862
1790847983.3421643,-0.009262010521102933,-0.04597477186954892,-0.003517453742296862
1790847983.3624449,-0.009262010521102933,-0.04597477186954892,-0.003517453742296862
1790847983.3824024,-0.009262010521102933,-0.04597477186954892,-0.003517453742296862
1790847983.4025152,-0.009262010521102933,-0.04597477186954892,-0.003517453742296862
1790847983.4221466,-0.009262010521102933,-0.04597477186954892,-0.003517453742296862
1790847983.4425473,-0.009262010521102933,-0.04597477186954892,-0.003517453742296862
1790847983.462331,-0.009262010521102933,-0.04597477186954892,-0.003517453742296862
1790847983.4821596,-0.009262010521102933,-0.04597477186954892,-0.003517453742296862
1790847983.502155,-0.009262010521102933,-0.04597477186954892,-0.003517453742296862
1790847983.5220542,-0.009262010521102933,-0.04597477186954892,-0.003517453742296862
1790847983.5421183,-0.009262010521102933,-0.04597477186954892,-0.003517453742296862
1790847983.5625317,-0.009262010521102933,-0.04597477186954892,-0.003517453742296862
1790847983.5825226,-0.009262010521102933,-0.04597477186954892,-0.003517453742296862
1790847983.6025758,-0.009262010521102933,-0.04597477186954892,-0.003517453742296862
1790847983.6221101,-0.009262010521102933,-0.04597477186954892,-0.003517453742296862
1790847983.6425104,-0.009262010521102933,-0.04597477186954892,-0.003517453742296862
1790847983.6625476,-0.009262010521102933,-0.04597477186954892,-0.003517453742296862
1790847983.682286,-0.009262010521102933,-0.04597477186954892,-0.003517453742296862
1790847983.7025626,-0.009262010521102933,-0.04597477186954892,-0.003517453742296862
1790847983.7224574,-0.009270701159817655,-0.04597474130050317,-0.0034719288995657353
1790847983.742515,-0.009270701159817655,-0.04597474130050317,-0.0034719288995657353
1790847983.7621186,-0.009270701159817655,-0.04597474130050317,-0.0034719288995657353
1790847983.782752,-0.009262010519720287,-0.04597477147390892,-0.003517453742296862
1790847983.8026567,-0.009262010519720287,-0.04597477147390892,-0.003517453742296862
1790847983.8220727,-0.009262010519720287,-0.04597477147390892,-0.003517453742296862
1790847983.8421988,-0.009262010519720287,-0.04597477147390892,-0.003517453742296862
1790847983.8624563,-0.009262010519720287,-0.04597477147390892,-0.003517453742296862
1790847983.8821905,-0.009262010519720287,-0.04597477147390892,-0.003517453742296862
1790847983.9023035,-0.00927070115843501,-0.04597474090486318,-0.0034719288995657353
1790847983.922313,-0.00927070115843501,-0.04597474090486318,-0.0034719288995657353
1790847983.9421794,-0.009262010518337641,-0.04597477107826893,-0.003517453742296862
1790847983.962144,-0.009262010518337641,-0.04597477107826893,-0.003517453742296862
1790847983.9821384,-0.009262010518337641,-0.04597477107826893,-0.003517453742296862
1790847984.0025384,-0.009262010518337641,-0.04597477107826893,-0.003517453742296862
1790847984.0226293,-0.009262010518337641,-0.04597477107826893,-0.003517453742296862
1790847984.042601,-0.009262010518337641,-0.04597477107826893,-0.003517453742296862
1790847984.06243,-0.009262010518337641,-0.04597477107826893,-0.003517453742296862
1790847984.0825198,-0.009262010518337641,-0.04597477107826893,-0.003517453742296862
1790847984.102248,-0.009262010518337641,-0.04597477107826893,-0.003517453742296862
1790847984.1221437,-0.009262010518337641,-0.04597477107826893,-0.003517453742296862
1790847984.142269,-0.009262010518337641,-0.04597477107826893,-0.003517453742296862
1790847984.1624782,-0.009262010518337641,-0.04597477107826893,-0.003517453742296862
1790847984.182485,-0.009262010518337641,-0.04597477107826893,-0.003517453742296862
1790847984.2023108,-0.009262010518337641,-0.04597477107826893,-0.003517453742296862
1790847984.222505,-0.009262010518337641,-0.04597477107826893,-0.003517453742296862
1790847984.2425432,-0.009262010518337641,-0.04597477107826893,-0.003517453742296862
1790847984.2621548,-0.009262010518337641,-0.04597477107826893,-0.003517453742296862
1790847984.2821507,-0.009262010518337641,-0.04597477107826893,-0.003517453742296862
1790847984.3024704,-0.009262010518337641,-0.04597477107826893,-0.003517453742296862
1790847984.3224323,-0.009262010518337641,-0.04597477107826893,-0.003517453742296862
1790847984.3426616,-0.00925332092681399,-0.04597480164363121,-0.0034719343851475023
1790847984.362484,-0.00925332092681399,-0.04597480164363121,-0.0034719343851475023
1790847984.3823416,-0.00925332092681399,-0.04597480164363121,-0.0034719343851475023
1790847984.4021206,-0.00925332092681399,-0.04597480164363121,-0.0034719343851475023
1790847984.4221742,-0.00925332092681399,-0.04597480164363121,-0.0034719343851475023
1790847984.442138,-0.00925332092681399,-0.04597480164363121,-0.0034719343851475023
1790847984.462077,-0.009262010519719952,-0.045974771473813576,-0.003517453742296862
1790847984.4823692,-0.009262010519719952,-0.045974771473813576,-0.003517453742296862
1790847984.5025482,-0.009262010519719952,-0.045974771473813576,-0.003517453742296862
1790847984.5222473,-0.009262010519719952,-0.045974771473813576,-0.003517453742296862
1790847984.5424361,-0.009262010519719952,-0.045974771473813576,-0.003517453742296862
1790847984.5623732,-0.009262010519719952,-0.045974771473813576,-0.003517453742296862
1790847984.5821407,-0.009262010519719952,-0.045974771473813576,-0.003517453742296862
1790847984.602049,-0.009262010519719952,-0.045974771473813576,-0.003517453742296862
1790847984.6221027,-0.009262010519719952,-0.045974771473813576,-0.003517453742296862
1790847984.6421242,-0.009262010519719952,-0.045974771473813576,-0.003517453742296862
1790847984.6624377,-0.009262010519719952,-0.045974771473813576,-0.003517453742296862
1790847984.6821318,-0.009270701158434676,-0.04597474090476784,-0.0034719288995657353
1790847984.7024662,-0.009270701158434676,-0.04597474090476784,-0.0034719288995657353
1790847984.7221649,-0.009262010518337305,-0.04597477107817358,-0.003517453742296862
1790847984.742747,-0.009262010518337305,-0.04597477107817358,-0.003517453742296862
1790847984.7620096,-0.009262010518337305,-0.04597477107817358,-0.003517453742296862
1790847984.7821386,-0.009262010518337305,-0.04597477107817358,-0.003517453742296862
1790847984.8022587,-0.009262010518337305,-0.04597477107817358,-0.003517453742296862
1790847984.8219955,-0.009262010518337305,-0.04597477107817358,-0.003517453742296862
1790847984.842094,-0.009262010518337305,-0.04597477107817358,-0.003517453742296862
1790847984.8621666,-0.009262010518337305,-0.04597477107817358,-0.003517453742296862
1790847984.8820643,-0.009262010518337305,-0.04597477107817358,-0.003517453742296862
1790847984.9020615,-0.009262010518337305,-0.04597477107817358,-0.003517453742296862
1790847984.9223983,-0.009262010518337305,-0.04597477107817358,-0.003517453742296862
1790847984.9420938,-0.009262010518337305,-0.04597477107817358,-0.003517453742296862
1790847984.9620924,-0.009270701157052029,-0.045974740509127844,-0.0034719288995657353
1790847984.9822824,-0.009270701157052029,-0.045974740509127844,-0.0034719288995657353
1790847985.0020986,-0.009270701157052029,-0.045974740509127844,-0.0034719288995657353
1790847985.0221102,-0.009270701157052029,-0.045974740509127844,-0.0034719288995657353
1790847985.042497,-0.00926201051695466,-0.0459747706825336,-0.003517453742296862
1790847985.0622225,-0.00926201051695466,-0.0459747706825336,-0.003517453742296862
1790847985.08197,-0.00926201051695466,-0.0459747706825336,-0.003517453742296862
1790847985.1020582,-0.00926201051695466,-0.0459747706825336,-0.003517453742296862
1790847985.1221364,-0.00926201051695466,-0.0459747706825336,-0.003517453742296862
1790847985.1420717,-0.009262011565528217,-0.04597477107444245,-0.0034264095424163758
1790847985.1620889,-0.009262011565528217,-0.04597477107444245,-0.0034264095424163758
1790847985.1821585,-0.009270701159798651,-0.045974741300217205,-0.0034719288995657353
1790847985.2021837,-0.009270701159798651,-0.045974741300217205,-0.0034719288995657353
1790847985.2220361,-0.009262010519701281,-0.04597477147362296,-0.003517453742296862
1790847985.2425694,-0.009262010519701281,-0.04597477147362296,-0.003517453742296862
1790847985.262168,-0.009262010519701281,-0.04597477147362296,-0.003517453742296862
1790847985.2821178,-0.009262010519701281,-0.04597477147362296,-0.003517453742296862
1790847985.3022828,-0.009262010519701281,-0.04597477147362296,-0.003517453742296862
1790847985.322623,-0.009270701158416004,-0.04597474090457721,-0.0034719288995657353
1790847985.342439,-0.009270701158416004,-0.04597474090457721,-0.0034719288995657353
1790847985.3621433,-0.009270701158416004,-0.04597474090457721,-0.0034719288995657353
1790847985.3821402,-0.009270701158416004,-0.04597474090457721,-0.0034719288995657353
1790847985.4022493,-0.009270701158416004,-0.04597474090457721,-0.0034719288995657353
1790847985.4221573,-0.009262010518318634,-0.045974771077982965,-0.003517453742296862
1790847985.4420657,-0.009262010518318634,-0.045974771077982965,-0.003517453742296862
1790847985.4620996,-0.009262010518318634,-0.045974771077982965,-0.003517453742296862
1790847985.4821172,-0.009262010518318634,-0.045974771077982965,-0.003517453742296862
1790847985.502105,-0.009262010518318634,-0.045974771077982965,-0.003517453742296862
1790847985.5221095,-0.009262010518318634,-0.045974771077982965,-0.003517453742296862
1790847985.5420675,-0.009270701157033358,-0.045974740508937226,-0.0034719288995657353
1790847985.5621102,-0.009270701157033358,-0.045974740508937226,-0.0034719288995657353
1790847985.5821745,-0.009270701157033358,-0.045974740508937226,-0.0034719288995657353
1790847985.60213,-0.009270701157033358,-0.045974740508937226,-0.0034719288995657353
1790847985.622142,-0.009270701157033358,-0.045974740508937226,-0.0034719288995657353
1790847985.6421442,-0.009270701157033358,-0.045974740508937226,-0.0034719288995657353
1790847985.6623566,-0.009270701157033358,-0.045974740508937226,-0.0034719288995657353
1790847985.682106,-0.009270701157033358,-0.045974740508937226,-0.0034719288995657353
1790847985.7025027,-0.009270701157033358,-0.045974740508937226,-0.0034719288995657353
1790847985.7225926,-0.009270701157033358,-0.045974740508937226,-0.0034719288995657353
1790847985.7422128,-0.009270701157033358,-0.045974740508937226,-0.0034719288995657353
1790847985.762064,-0.009270701157033358,-0.045974740508937226,-0.0034719288995657353
1790847985.7824228,-0.009270701157033358,-0.045974740508937226,-0.0034719288995657353
1790847985.8021226,-0.009270701157033358,-0.045974740508937226,-0.0034719288995657353
1790847985.8221955,-0.009270701157033358,-0.045974740508937226,-0.0034719288995657353
1790847985.8421578,-0.009270701157033358,-0.045974740508937226,-0.0034719288995657353
1790847985.8621635,-0.009270701157033358,-0.045974740508937226,-0.0034719288995657353
1790847985.882191,-0.009270701157033358,-0.045974740508937226,-0.0034719288995657353
1790847985.902315,-0.009270701157033358,-0.045974740508937226,-0.0034719288995657353
1790847985.9224203,-0.009270701157033358,-0.045974740508937226,-0.0034719288995657353
1790847985.9420953,-0.009270701157033358,-0.045974740508937226,-0.0034719288995657353
1790847985.9622126,-0.009270701157033358,-0.045974740508937226,-0.0034719288995657353
1790847985.9821613,-0.009270701157033358,-0.045974740508937226,-0.0034719288995657353
1790847986.002494,-0.009270701157033358,-0.045974740508937226,-0.0034719288995657353
1790847986.0223489,-0.009270701157033358,-0.045974740508937226,-0.0034719288995657353
1790847986.0420928,-0.009270701157033358,-0.045974740508937226,-0.0034719288995657353
1790847986.0625737,-0.009270701157033358,-0.045974740508937226,-0.0034719288995657353
1790847986.0822406,-0.009270701157033358,-0.045974740508937226,-0.0034719288995657353
1790847986.1021256,-0.009270701157033358,-0.045974740508937226,-0.0034719288995657353
1790847986.1222014,-0.009270701157033358,-0.045974740508937226,-0.0034719288995657353
1790847986.1423976,-0.009270701157033358,-0.045974740508937226,-0.0034719288995657353
1790847986.1624737,-0.009270701157033358,-0.045974740508937226,-0.0034719288995657353
1790847986.1822205,-0.009270701157033358,-0.045974740508937226,-0.0034719288995657353
1790847986.202466,-0.00926201051693599,-0.04597477068234298,-0.003517453742296862
1790847986.222068,-0.00926201051693599,-0.04597477068234298,-0.003517453742296862
1790847986.2421372,-0.00926201051693599,-0.04597477068234298,-0.003517453742296862
1790847986.262455,-0.00926201051693599,-0.04597477068234298,-0.003517453742296862
1790847986.2826104,-0.009253320925412338,-0.045974801247705255,-0.0034719343851475023
1790847986.3025327,-0.009253320925412338,-0.045974801247705255,-0.0034719343851475023
1790847986.3225226,-0.009253320925412338,-0.045974801247705255,-0.0034719343851475023
1790847986.3424869,-0.009253320925412338,-0.045974801247705255,-0.0034719343851475023
1790847986.362123,-0.00926201156550954,-0.04597477107425183,-0.0034264095424163758
1790847986.3824694,-0.00926201156550954,-0.04597477107425183,-0.0034264095424163758
1790847986.402419,-0.009262010516953665,-0.04597477068224757,-0.003517453742296862
1790847986.422391,-0.009262010516953665,-0.04597477068224757,-0.003517453742296862
1790847986.442366,-0.009262010516953665,-0.04597477068224757,-0.003517453742296862
1790847986.4624543,-0.009262010516953665,-0.04597477068224757,-0.003517453742296862
1790847986.4822073,-0.009262010516953665,-0.04597477068224757,-0.003517453742296862
1790847986.501958,-0.009262010516953665,-0.04597477068224757,-0.003517453742296862
1790847986.5224693,-0.009253320925430016,-0.04597480124760985,-0.0034719343851475023
1790847986.5421014,-0.009253320925430016,-0.04597480124760985,-0.0034719343851475023
1790847986.562147,-0.00926201051833598,-0.045974771077792215,-0.003517453742296862
1790847986.582177,-0.00926201051833598,-0.045974771077792215,-0.003517453742296862
1790847986.602091,-0.00926201051833598,-0.045974771077792215,-0.003517453742296862
1790847986.6221366,-0.00926201051833598,-0.045974771077792215,-0.003517453742296862
1790847986.6423705,-0.00926201051833598,-0.045974771077792215,-0.003517453742296862
1790847986.6619906,-0.00926201051833598,-0.045974771077792215,-0.003517453742296862
1790847986.6820471,-0.00926201051833598,-0.045974771077792215,-0.003517453742296862
1790847986.702023,-0.00926201051833598,-0.045974771077792215,-0.003517453742296862
1790847986.7225046,-0.009270701157050703,-0.045974740508746476,-0.0034719288995657353
1790847986.742137,-0.009270701157050703,-0.045974740508746476,-0.0034719288995657353
1790847986.762661,-0.009270701157050703,-0.045974740508746476,-0.0034719288995657353
1790847986.7823894,-0.009262010516953335,-0.04597477068215223,-0.003517453742296862
1790847986.802201,-0.009262010516953335,-0.04597477068215223,-0.003517453742296862
1790847986.8225093,-0.009262010516953335,-0.04597477068215223,-0.003517453742296862
1790847986.8422318,-0.009262010516953335,-0.04597477068215223,-0.003517453742296862
1790847986.8626003,-0.009270701155668058,-0.045974740113106476,-0.0034719288995657353
1790847986.882535,-0.009270701155668058,-0.045974740113106476,-0.0034719288995657353
1790847986.9021528,-0.009270701155668058,-0.045974740113106476,-0.0034719288995657353
1790847986.9222999,-0.009270701155668058,-0.045974740113106476,-0.0034719288995657353
1790847986.9424505,-0.00926201051557069,-0.04597477028651223,-0.003517453742296862
1790847986.9624531,-0.00926201051557069,-0.04597477028651223,-0.003517453742296862
1790847986.9825277,-0.00926201051557069,-0.04597477028651223,-0.003517453742296862
1790847987.0020866,-0.00926201051557069,-0.04597477028651223,-0.003517453742296862
1790847987.0220842,-0.00926201051557069,-0.04597477028651223,-0.003517453742296862
1790847987.0420947,-0.00927070115428541,-0.04597473971746649,-0.0034719288995657353
1790847987.0620978,-0.00927070115428541,-0.04597473971746649,-0.0034719288995657353
1790847987.0823028,-0.00927070115428541,-0.04597473971746649,-0.0034719288995657353
1790847987.1021519,-0.009262010514188042,-0.04597476989087224,-0.003517453742296862
1790847987.1225514,-0.009262010514188042,-0.04597476989087224,-0.003517453742296862
1790847987.1423645,-0.009262010514188042,-0.04597476989087224,-0.003517453742296862
1790847987.1622567,-0.009262010514188042,-0.04597476989087224,-0.003517453742296862
1790847987.1825695,-0.009262010514188042,-0.04597476989087224,-0.003517453742296862
1790847987.2026184,-0.009262010514188042,-0.04597476989087224,-0.003517453742296862
1790847987.2223299,-0.009262010514188042,-0.04597476989087224,-0.003517453742296862
1790847987.2420707,-0.009262010514188042,-0.04597476989087224,-0.003517453742296862
1790847987.2623658,-0.009262010514188042,-0.04597476989087224,-0.003517453742296862
1790847987.282075,-0.009262010514188042,-0.04597476989087224,-0.003517453742296862
1790847987.302105,-0.009262010514188042,-0.04597476989087224,-0.003517453742296862
1790847987.3225155,-0.009270701152902764,-0.0459747393218265,-0.0034719288995657353
1790847987.342172,-0.009270701152902764,-0.0459747393218265,-0.0034719288995657353
1790847987.3624432,-0.009270701152902764,-0.0459747393218265,-0.0034719288995657353
1790847987.3825717,-0.009270701152902764,-0.0459747393218265,-0.0034719288995657353
1790847987.4021297,-0.009262010512805396,-0.04597476949523225,-0.003517453742296862
1790847987.4221625,-0.009262010512805396,-0.04597476949523225,-0.003517453742296862
1790847987.4422004,-0.009262010512805396,-0.04597476949523225,-0.003517453742296862
1790847987.462016,-0.009262010512805396,-0.04597476949523225,-0.003517453742296862
1790847987.4821045,-0.009270701151520119,-0.04597473892618651,-0.0034719288995657353
1790847987.5020397,-0.009270701151520119,-0.04597473892618651,-0.0034719288995657353
1790847987.522041,-0.00926201051142275,-0.045974769099592264,-0.003517453742296862
1790847987.5421731,-0.00926201051142275,-0.045974769099592264,-0.003517453742296862
1790847987.562106,-0.00926201051142275,-0.045974769099592264,-0.003517453742296862
1790847987.5826025,-0.00926201051142275,-0.045974769099592264,-0.003517453742296862
1790847987.60243,-0.00926201051142275,-0.045974769099592264,-0.003517453742296862
1790847987.6220527,-0.00926201051142275,-0.045974769099592264,-0.003517453742296862
1790847987.6422327,-0.00926201051142275,-0.045974769099592264,-0.003517453742296862
1790847987.662502,-0.00926201051142275,-0.045974769099592264,-0.003517453742296862
1790847987.682211,-0.00926201051142275,-0.045974769099592264,-0.003517453742296862
1790847987.7024834,-0.009270701150137471,-0.04597473853054652,-0.0034719288995657353
1790847987.7222118,-0.009270701150137471,-0.04597473853054652,-0.0034719288995657353
1790847987.7426329,-0.009270701150137471,-0.04597473853054652,-0.0034719288995657353
1790847987.7624717,-0.009270701150137471,-0.04597473853054652,-0.0034719288995657353
1790847987.781945,-0.009262010510040103,-0.04597476870395227,-0.003517453742296862
1790847987.8021755,-0.009262010510040103,-0.04597476870395227,-0.003517453742296862
1790847987.8221588,-0.009262010510040103,-0.04597476870395227,-0.003517453742296862
1790847987.8421912,-0.009262010510040103,-0.04597476870395227,-0.003517453742296862
1790847987.8625345,-0.009262010510040103,-0.04597476870395227,-0.003517453742296862
1790847987.8821943,-0.009262010510040103,-0.04597476870395227,-0.003517453742296862
1790847987.902069,-0.009270701148754827,-0.045974738134906525,-0.0034719288995657353
1790847987.922512,-0.009270701148754827,-0.045974738134906525,-0.0034719288995657353
1790847987.9419403,-0.009270701148754827,-0.045974738134906525,-0.0034719288995657353
1790847987.9619741,-0.009270701148754827,-0.045974738134906525,-0.0034719288995657353
1790847987.9824085,-0.009262010508657458,-0.04597476830831227,-0.003517453742296862
1790847988.0021713,-0.009262010508657458,-0.04597476830831227,-0.003517453742296862
1790847988.0221164,-0.009262010508657458,-0.04597476830831227,-0.003517453742296862
1790847988.0421364,-0.009262010508657458,-0.04597476830831227,-0.003517453742296862
1790847988.0624495,-0.009262010508657458,-0.04597476830831227,-0.003517453742296862
1790847988.0821888,-0.009262010508657458,-0.04597476830831227,-0.003517453742296862
1790847988.101991,-0.009262010508657458,-0.04597476830831227,-0.003517453742296862
1790847988.1224363,-0.009253320917133807,-0.045974798873674554,-0.0034719343851475023
1790847988.1423035,-0.009253320917133807,-0.045974798873674554,-0.0034719343851475023
1790847988.162509,-0.009253320917133807,-0.045974798873674554,-0.0034719343851475023
1790847988.1825047,-0.00926201051003977,-0.04597476870385692,-0.003517453742296862
1790847988.2024996,-0.00926201051003977,-0.04597476870385692,-0.003517453742296862
1790847988.2225916,-0.00926201051003977,-0.04597476870385692,-0.003517453742296862
1790847988.2423396,-0.00926201051003977,-0.04597476870385692,-0.003517453742296862
1790847988.262333,-0.00926201051003977,-0.04597476870385692,-0.003517453742296862
1790847988.2821727,-0.00926201051003977,-0.04597476870385692,-0.003517453742296862
1790847988.3026085,-0.00926201051003977,-0.04597476870385692,-0.003517453742296862
1790847988.32253,-0.00926201051003977,-0.04597476870385692,-0.003517453742296862
1790847988.342117,-0.00926201051003977,-0.04597476870385692,-0.003517453742296862
1790847988.3621879,-0.00926201051003977,-0.04597476870385692,-0.003517453742296862
1790847988.3821938,-0.00926201051003977,-0.04597476870385692,-0.003517453742296862
1790847988.4025686,-0.00925332091851612,-0.0459747992692192,-0.0034719343851475023
1790847988.42223,-0.00925332091851612,-0.0459747992692192,-0.0034719343851475023
1790847988.44223,-0.00925332091851612,-0.0459747992692192,-0.0034719343851475023
1790847988.4620957,-0.009262010511422085,-0.045974769099401576,-0.003517453742296862
1790847988.482526,-0.009262010511422085,-0.045974769099401576,-0.003517453742296862
1790847988.5024493,-0.009262010511422085,-0.045974769099401576,-0.003517453742296862
1790847988.5221105,-0.009262010511422085,-0.045974769099401576,-0.003517453742296862
1790847988.5421002,-0.009262010511422085,-0.045974769099401576,-0.003517453742296862
1790847988.5621119,-0.009262010511422085,-0.045974769099401576,-0.003517453742296862
1790847988.5822499,-0.009262010511422085,-0.045974769099401576,-0.003517453742296862
1790847988.602542,-0.009262010511422085,-0.045974769099401576,-0.003517453742296862
1790847988.6225471,-0.009262010511422085,-0.045974769099401576,-0.003517453742296862
1790847988.6419725,-0.009262010511422085,-0.045974769099401576,-0.003517453742296862
1790847988.6625414,-0.009253320919898436,-0.04597479966476385,-0.0034719343851475023
1790847988.6822248,-0.009253320919898436,-0.04597479966476385,-0.0034719343851475023
1790847988.7024875,-0.009262010512804397,-0.04597476949494622,-0.003517453742296862
1790847988.7221274,-0.009262010512804397,-0.04597476949494622,-0.003517453742296862
1790847988.7421834,-0.009262010512804397,-0.04597476949494622,-0.003517453742296862
1790847988.762583,-0.009262010512804397,-0.04597476949494622,-0.003517453742296862
1790847988.7825267,-0.009262010512804397,-0.04597476949494622,-0.003517453742296862
1790847988.8021808,-0.009262010512804397,-0.04597476949494622,-0.003517453742296862
1790847988.8225904,-0.009262010512804397,-0.04597476949494622,-0.003517453742296862
1790847988.8422272,-0.009262010512804397,-0.04597476949494622,-0.003517453742296862
1790847988.8626478,-0.009262010512804397,-0.04597476949494622,-0.003517453742296862
1790847988.8825037,-0.009262010512804397,-0.04597476949494622,-0.003517453742296862
1790847988.9021602,-0.009262010512804397,-0.04597476949494622,-0.003517453742296862
1790847988.9224808,-0.009262010512804397,-0.04597476949494622,-0.003517453742296862
1790847988.942121,-0.009262010512804397,-0.04597476949494622,-0.003517453742296862
1790847988.962096,-0.009262010512804397,-0.04597476949494622,-0.003517453742296862
1790847988.982057,-0.009262010512804397,-0.04597476949494622,-0.003517453742296862
1790847989.0021772,-0.009262010512804397,-0.04597476949494622,-0.003517453742296862
1790847989.0220928,-0.009262010512804397,-0.04597476949494622,-0.003517453742296862
1790847989.042122,-0.009262010512804397,-0.04597476949494622,-0.003517453742296862
1790847989.062326,-0.009262010512804397,-0.04597476949494622,-0.003517453742296862
1790847989.0821688,-0.009262010512804397,-0.04597476949494622,-0.003517453742296862
1790847989.1020434,-0.009262010512804397,-0.04597476949494622,-0.003517453742296862
1790847989.1221964,-0.009262010512804397,-0.04597476949494622,-0.003517453742296862
1790847989.1421378,-0.009262010512804397,-0.04597476949494622,-0.003517453742296862
1790847989.1625285,-0.009262010512804397,-0.04597476949494622,-0.003517453742296862
1790847989.1825345,-0.009262010512804397,-0.04597476949494622,-0.003517453742296862
1790847989.2021968,-0.009262010512804397,-0.04597476949494622,-0.003517453742296862
1790847989.22238,-0.009262010512804397,-0.04597476949494622,-0.003517453742296862
1790847989.2420743,-0.009262010512804397,-0.04597476949494622,-0.003517453742296862
1790847989.262111,-0.009262010512804397,-0.04597476949494622,-0.003517453742296862
1790847989.28212,-0.009262010512804397,-0.04597476949494622,-0.003517453742296862
1790847989.302048,-0.009262010512804397,-0.04597476949494622,-0.003517453742296862
1790847989.3221579,-0.009262010512804397,-0.04597476949494622,-0.003517453742296862
1790847989.3423786,-0.009262010512804397,-0.04597476949494622,-0.003517453742296862
1790847989.362625,-0.009262010512804397,-0.04597476949494622,-0.003517453742296862
1790847989.3826275,-0.009262010512804397,-0.04597476949494622,-0.003517453742296862
1790847989.402636,-0.009262010512804397,-0.04597476949494622,-0.003517453742296862
1790847989.4226408,-0.009262010512804397,-0.04597476949494622,-0.003517453742296862
1790847989.4425204,-0.009262010512804397,-0.04597476949494622,-0.003517453742296862
1790847989.46234,-0.009262010512804397,-0.04597476949494622,-0.003517453742296862
1790847989.4825313,-0.009262010512804397,-0.04597476949494622,-0.003517453742296862
1790847989.5025578,-0.009262010512804397,-0.04597476949494622,-0.003517453742296862
1790847989.5226488,-0.009262010512804397,-0.04597476949494622,-0.003517453742296862
1790847989.5422685,-0.009262010512804397,-0.04597476949494622,-0.003517453742296862
1790847989.562469,-0.009262010512804397,-0.04597476949494622,-0.003517453742296862
1790847989.5821621,-0.009262010512804397,-0.04597476949494622,-0.003517453742296862
1790847989.6024327,-0.009262010512804397,-0.04597476949494622,-0.003517453742296862
1790847989.6225567,-0.009253320921280747,-0.045974800060308504,-0.0034719343851475023
1790847989.6435466,-0.009253320921280747,-0.045974800060308504,-0.0034719343851475023
1790847989.6626582,-0.009253320921280747,-0.045974800060308504,-0.0034719343851475023
1790847989.6826036,-0.009253320921280747,-0.045974800060308504,-0.0034719343851475023
1790847989.7024677,-0.009253320921280747,-0.045974800060308504,-0.0034719343851475023
1790847989.7225218,-0.009253320921280747,-0.045974800060308504,-0.0034719343851475023
1790847989.7424977,-0.009253320921280747,-0.045974800060308504,-0.0034719343851475023
1790847989.762279,-0.009262010514186713,-0.04597476989049087,-0.003517453742296862
1790847989.7820415,-0.009262010514186713,-0.04597476989049087,-0.003517453742296862
1790847989.8020926,-0.009262010514186713,-0.04597476989049087,-0.003517453742296862
1790847989.8222587,-0.009262010514186713,-0.04597476989049087,-0.003517453742296862
1790847989.8421953,-0.009253320922663065,-0.04597480045585315,-0.0034719343851475023
1790847989.8622618,-0.009262011562760266,-0.04597477028239973,-0.0034264095424163758
1790847989.8822265,-0.009262011562760266,-0.04597477028239973,-0.0034264095424163758
1790847989.9025288,-0.009253320921298429,-0.045974800060213095,-0.0034719343851475023
1790847989.9225523,-0.009262010514204388,-0.045974769890395464,-0.003517453742296862
1790847989.9425359,-0.009262010514204388,-0.045974769890395464,-0.003517453742296862
1790847989.9621954,-0.009262010514204388,-0.045974769890395464,-0.003517453742296862
1790847989.982438,-0.009262010514204388,-0.045974769890395464,-0.003517453742296862
1790847990.0025315,-0.009262010514204388,-0.045974769890395464,-0.003517453742296862
1790847990.022678,-0.009262010514204388,-0.045974769890395464,-0.003517453742296862
1790847990.042606,-0.009262010514204388,-0.045974769890395464,-0.003517453742296862
1790847990.0625226,-0.009262010514204388,-0.045974769890395464,-0.003517453742296862
1790847990.082513,-0.00925332092268074,-0.04597480045575775,-0.0034719343851475023
1790847990.102764,-0.00925332092268074,-0.04597480045575775,-0.0034719343851475023
1790847990.1223958,-0.00925332092268074,-0.04597480045575775,-0.0034719343851475023
1790847990.1426165,-0.009262010515586706,-0.04597477028594011,-0.003517453742296862
1790847990.162708,-0.009262010515586706,-0.04597477028594011,-0.003517453742296862
1790847990.1821716,-0.009262010515586706,-0.04597477028594011,-0.003517453742296862
1790847990.202778,-0.009262010515586706,-0.04597477028594011,-0.003517453742296862
1790847990.222575,-0.009262010515586706,-0.04597477028594011,-0.003517453742296862
1790847990.2427137,-0.009262010515586706,-0.04597477028594011,-0.003517453742296862
1790847990.2620542,-0.009262010515586706,-0.04597477028594011,-0.003517453742296862
1790847990.2824042,-0.009262010515586706,-0.04597477028594011,-0.003517453742296862
1790847990.3021348,-0.009262010515586706,-0.04597477028594011,-0.003517453742296862
1790847990.3225672,-0.009262010515586706,-0.04597477028594011,-0.003517453742296862
1790847990.3424296,-0.009262010515586706,-0.04597477028594011,-0.003517453742296862
1790847990.3624628,-0.009262010515586706,-0.04597477028594011,-0.003517453742296862
1790847990.382469,-0.009262010515586706,-0.04597477028594011,-0.003517453742296862
1790847990.4025252,-0.009262010515586706,-0.04597477028594011,-0.003517453742296862
1790847990.4223921,-0.009262010515586706,-0.04597477028594011,-0.003517453742296862
1790847990.4425576,-0.009262010515586706,-0.04597477028594011,-0.003517453742296862
1790847990.4621375,-0.009262010515586706,-0.04597477028594011,-0.003517453742296862
1790847990.4820933,-0.009262010515586706,-0.04597477028594011,-0.003517453742296862
1790847990.503173,-0.009262010515586706,-0.04597477028594011,-0.003517453742296862
1790847990.5221334,-0.009262010515586706,-0.04597477028594011,-0.003517453742296862
1790847990.542169,-0.009262010515586706,-0.04597477028594011,-0.003517453742296862
1790847990.5625043,-0.009262010515586706,-0.04597477028594011,-0.003517453742296862
1790847990.5824256,-0.009262010515586706,-0.04597477028594011,-0.003517453742296862
1790847990.60249,-0.009262010515586706,-0.04597477028594011,-0.003517453742296862
1790847990.6221015,-0.009262010515586706,-0.04597477028594011,-0.003517453742296862
1790847990.6421576,-0.009262010515586706,-0.04597477028594011,-0.003517453742296862
1790847990.6620302,-0.009262010515586706,-0.04597477028594011,-0.003517453742296862
1790847990.6821887,-0.009262010515586706,-0.04597477028594011,-0.003517453742296862
1790847990.7023857,-0.009262010515586706,-0.04597477028594011,-0.003517453742296862
1790847990.7221,-0.009262010515586706,-0.04597477028594011,-0.003517453742296862
1790847990.7424622,-0.009262010515586706,-0.04597477028594011,-0.003517453742296862
1790847990.762599,-0.009262010515586706,-0.04597477028594011,-0.003517453742296862
1790847990.782502,-0.009262010515586706,-0.04597477028594011,-0.003517453742296862
1790847990.8025603,-0.009262010515586706,-0.04597477028594011,-0.003517453742296862
1790847990.8231385,-0.009262010515586706,-0.04597477028594011,-0.003517453742296862
1790847990.8427374,-0.009262010515586706,-0.04597477028594011,-0.003517453742296862
1790847990.8624394,-0.009262010515586706,-0.04597477028594011,-0.003517453742296862
1790847990.8823493,-0.009262010515586706,-0.04597477028594011,-0.003517453742296862
1790847990.9024827,-0.009262010515586706,-0.04597477028594011,-0.003517453742296862
1790847990.9220977,-0.009262010515586706,-0.04597477028594011,-0.003517453742296862
1790847990.9424706,-0.009262010515586706,-0.04597477028594011,-0.003517453742296862
1790847990.9626067,-0.009262010515586706,-0.04597477028594011,-0.003517453742296862
1790847990.982029,-0.009253320924063056,-0.04597480085130239,-0.0034719343851475023
1790847991.002803,-0.009262010516969017,-0.045974770681484756,-0.003517453742296862
1790847991.0225744,-0.009262010516969017,-0.045974770681484756,-0.003517453742296862
1790847991.0422614,-0.009262010516969017,-0.045974770681484756,-0.003517453742296862
1790847991.0625365,-0.009262010516969017,-0.045974770681484756,-0.003517453742296862
1790847991.0824294,-0.009262010516969017,-0.045974770681484756,-0.003517453742296862
1790847991.1025472,-0.009262010516969017,-0.045974770681484756,-0.003517453742296862
1790847991.1224465,-0.009262010516969017,-0.045974770681484756,-0.003517453742296862
1790847991.1420724,-0.009262010516969017,-0.045974770681484756,-0.003517453742296862
1790847991.1623175,-0.009262010516969017,-0.045974770681484756,-0.003517453742296862
1790847991.182516,-0.009262010516969017,-0.045974770681484756,-0.003517453742296862
1790847991.202223,-0.009262010516969017,-0.045974770681484756,-0.003517453742296862
1790847991.222119,-0.009262010516969017,-0.045974770681484756,-0.003517453742296862
1790847991.2424529,-0.009262010516969017,-0.045974770681484756,-0.003517453742296862
1790847991.2621152,-0.009262010516969017,-0.045974770681484756,-0.003517453742296862
1790847991.2820504,-0.009262010516969017,-0.045974770681484756,-0.003517453742296862
1790847991.3027775,-0.009262010516969017,-0.045974770681484756,-0.003517453742296862
1790847991.3224733,-0.009262010516969017,-0.045974770681484756,-0.003517453742296862
1790847991.3425217,-0.009262010516969017,-0.045974770681484756,-0.003517453742296862
1790847991.3621078,-0.009262010516969017,-0.045974770681484756,-0.003517453742296862
1790847991.3825274,-0.009262010516969017,-0.045974770681484756,-0.003517453742296862
1790847991.4021435,-0.009262010516969017,-0.045974770681484756,-0.003517453742296862
1790847991.4224477,-0.009262010516969017,-0.045974770681484756,-0.003517453742296862
1790847991.442531,-0.009262010516969017,-0.045974770681484756,-0.003517453742296862
1790847991.4626698,-0.009262010516969017,-0.045974770681484756,-0.003517453742296862
1790847991.4826486,-0.009262010516969017,-0.045974770681484756,-0.003517453742296862
1790847991.5025904,-0.009262010516969017,-0.045974770681484756,-0.003517453742296862
1790847991.5224688,-0.009262010516969017,-0.045974770681484756,-0.003517453742296862
1790847991.5424118,-0.009262010516969017,-0.045974770681484756,-0.003517453742296862
1790847991.5621789,-0.009262010516969017,-0.045974770681484756,-0.003517453742296862
1790847991.5823343,-0.009262010516969017,-0.045974770681484756,-0.003517453742296862
1790847991.6024785,-0.009262010516969017,-0.045974770681484756,-0.003517453742296862
1790847991.6221306,-0.009262010516969017,-0.045974770681484756,-0.003517453742296862
1790847991.642305,-0.009262010516969017,-0.045974770681484756,-0.003517453742296862
1790847991.6623435,-0.009262010516969017,-0.045974770681484756,-0.003517453742296862
1790847991.6823843,-0.009262010516969017,-0.045974770681484756,-0.003517453742296862
1790847991.7021093,-0.009262010516969017,-0.045974770681484756,-0.003517453742296862
1790847991.7221644,-0.009262010516969017,-0.045974770681484756,-0.003517453742296862
1790847991.742186,-0.009262010516969017,-0.045974770681484756,-0.003517453742296862
1790847991.7624447,-0.009262010516969017,-0.045974770681484756,-0.003517453742296862
1790847991.7821517,-0.009262010516969017,-0.045974770681484756,-0.003517453742296862
1790847991.8026283,-0.009262010516969017,-0.045974770681484756,-0.003517453742296862
1790847991.8225057,-0.009262010516969017,-0.045974770681484756,-0.003517453742296862
1790847991.8423655,-0.009262010516969017,-0.045974770681484756,-0.003517453742296862
1790847991.8626945,-0.009262010516969017,-0.045974770681484756,-0.003517453742296862
1790847991.8822143,-0.009262010516969017,-0.045974770681484756,-0.003517453742296862
1790847991.9028273,-0.009262010516969017,-0.045974770681484756,-0.003517453742296862
1790847991.9225793,-0.009262010516969017,-0.045974770681484756,-0.003517453742296862
1790847991.9432268,-0.009262010516969017,-0.045974770681484756,-0.003517453742296862
1790847991.96214,-0.009262010516969017,-0.045974770681484756,-0.003517453742296862
1790847991.9822037,-0.009262010516969017,-0.045974770681484756,-0.003517453742296862
1790847992.0021267,-0.009262010516969017,-0.045974770681484756,-0.003517453742296862
