-0.0005823464788820444,2.4786847365867836e-07,0.0
-0.0005910382185485592,2.4748596055208396e-07,0.0
-0.0005910382185485592,2.4748596055208396e-07,0.0
-0.0005823464789072954,2.4825098676453193e-07,0.0
-0.0005736547392407806,2.4863349987112633e-07,0.0
-0.0005736547392407806,2.4863349987112633e-07,0.0
-0.0005736547392407806,2.4863349987112633e-07,0.0
-0.0005736547392407806,2.4863349987112633e-07,0.0
-0.0005736547392407806,2.4863349987112633e-07,0.0
-0.0005736547392407806,2.4863349987112633e-07,0.0
-0.0005736547392407806,2.4863349987112633e-07,0.0
-0.0005736547392407806,2.4863349987112633e-07,0.0
-0.0005736547392407806,2.4863349987112633e-07,0.0
-0.0005736547392407806,2.4863349987112633e-07,0.0
-0.0005736547392407806,2.4863349987112633e-07,0.0
-0.0005736547392407806,2.4863349987112633e-07,0.0
-0.0005736547392407806,2.4863349987112633e-07,0.0
-0.0005736547392407806,2.4863349987112633e-07,0.0
-0.0005823464788820444,2.4786847365867836e-07,0.0
-0.0005823464788820444,2.4786847365867836e-07,0.0
-0.0005910382184812235,2.467209343418585e-07,0.0
-0.0005997299581224873,2.4595590812941053e-07,0.0
-0.0005910382184559725,2.4633842123600494e-07,0.0
-0.0005910382184559725,2.4633842123600494e-07,0.0
-0.0005823464787810407,2.4633842123600494e-07,0.0
-0.0005823464787810407,2.4633842123600494e-07,0.0
-0.0005823464787810407,2.4633842123600494e-07,0.0
-0.0005736547391145259,2.4672093434259934e-07,0.0
-0.0005736547391145259,2.4672093434259934e-07,0.0
-0.0005736547391145259,2.4672093434259934e-07,0.0
-0.0005910382183549688,2.448083688133315e-07,0.0
-0.0005997299579962326,2.4404334260088354e-07,0.0
-0.0005997299579962326,2.4404334260088354e-07,0.0
-0.0005997299579962326,2.4404334260088354e-07,0.0
-0.0006084216975954116,2.428958032840637e-07,0.0
-0.0005997299579541478,2.4366082949651164e-07,0.0
-0.000591038218287633,2.4404334260310605e-07,0.0
-0.000591038218287633,2.4404334260310605e-07,0.0
-0.0005823464786463691,2.44808368815554e-07,0.0
-0.0005823464786463691,2.44808368815554e-07,0.0
-0.0005910382183128839,2.444258557089596e-07,0.0
-0.0005910382183128839,2.444258557089596e-07,0.0
-0.0005910382183128839,2.444258557089596e-07,0.0
-0.0005910382183128839,2.444258557089596e-07,0.0
-0.0005997299579541478,2.4366082949651164e-07,0.0
-0.000599729957912063,2.4327831639213975e-07,0.0
-0.000599729957912063,2.4327831639213975e-07,0.0
-0.000599729957912063,2.4327831639213975e-07,0.0
-0.0005910382182455482,2.4366082949873415e-07,0.0
-0.0005910382182455482,2.4366082949873415e-07,0.0
-0.0005910382182455482,2.4366082949873415e-07,0.0
-0.0005910382182455482,2.4366082949873415e-07,0.0
-0.0005910382182455482,2.4366082949873415e-07,0.0
-0.0005910382182455482,2.4366082949873415e-07,0.0
-0.000599729957886812,2.428958032862862e-07,0.0
-0.000599729957886812,2.428958032862862e-07,0.0
-0.0005910382182202972,2.432783163928806e-07,0.0
-0.0005910382182202972,2.432783163928806e-07,0.0
-0.0005910382182202972,2.432783163928806e-07,0.0
-0.0005910382182202972,2.432783163928806e-07,0.0
-0.000599729957861561,2.425132901804326e-07,0.0
-0.000599729957861561,2.425132901804326e-07,0.0
-0.000599729957861561,2.425132901804326e-07,0.0
-0.000599729957861561,2.425132901804326e-07,0.0
-0.000599729957861561,2.425132901804326e-07,0.0
-0.0005910382181950462,2.42895803287027e-07,0.0
-0.0005910382181950462,2.42895803287027e-07,0.0
-0.0005910382181950462,2.42895803287027e-07,0.0
-0.0005997299578363101,2.4213077707457905e-07,0.0
-0.0006084216974354891,2.409832377577592e-07,0.0
-0.00060842169746074,2.4136575086361276e-07,0.0
-0.00060842169746074,2.4136575086361276e-07,0.0
-0.00060842169746074,2.4136575086361276e-07,0.0
-0.0005997299577858083,2.4136575086361276e-07,0.0
-0.0005997299577858083,2.4136575086361276e-07,0.0
-0.0005997299577858083,2.4136575086361276e-07,0.0
-0.0005997299577858083,2.4136575086361276e-07,0.0
-0.0005997299577858083,2.4136575086361276e-07,0.0
-0.000608421697452323,2.4098323775701835e-07,0.0
-0.000608421697452323,2.4098323775701835e-07,0.0
-0.0005997299578110592,2.417482639694663e-07,0.0
-0.0005997299578110592,2.417482639694663e-07,0.0
-0.0005997299578110592,2.417482639694663e-07,0.0
-0.0005997299578110592,2.417482639694663e-07,0.0
-0.0005997299578110592,2.417482639694663e-07,0.0
-0.0005997299578110592,2.417482639694663e-07,0.0
-0.0005997299578110592,2.417482639694663e-07,0.0
-0.0005997299578110592,2.417482639694663e-07,0.0
-0.0005997299578110592,2.417482639694663e-07,0.0
-0.0005997299578110592,2.417482639694663e-07,0.0
-0.0005997299578110592,2.417482639694663e-07,0.0
-0.0005997299578110592,2.417482639694663e-07,0.0
-0.0005997299578110592,2.417482639694663e-07,0.0
-0.0005997299578110592,2.417482639694663e-07,0.0
-0.0005997299578110592,2.417482639694663e-07,0.0
-0.0005997299578110592,2.417482639694663e-07,0.0
-0.0005997299578110592,2.417482639694663e-07,0.0
-0.0005997299578110592,2.417482639694663e-07,0.0
-0.0005997299578110592,2.417482639694663e-07,0.0
-0.0005997299578110592,2.417482639694663e-07,0.0
-0.0005997299578110592,2.417482639694663e-07,0.0
-0.0005997299578110592,2.417482639694663e-07,0.0
-0.0005997299578110592,2.417482639694663e-07,0.0
-0.000608421697477574,2.413657508628719e-07,0.0
-0.0005997299578363102,2.421307770753199e-07,0.0
-0.0005997299578363102,2.421307770753199e-07,0.0
-0.0005997299578363102,2.421307770753199e-07,0.0
-0.0005997299578363102,2.421307770753199e-07,0.0
-0.0005997299578363102,2.421307770753199e-07,0.0
-0.0005997299578363102,2.421307770753199e-07,0.0
-0.000608421697502825,2.417482639687255e-07,0.0
-0.000608421697502825,2.417482639687255e-07,0.0
-0.000608421697502825,2.417482639687255e-07,0.0
-0.000608421697502825,2.417482639687255e-07,0.0
-0.000608421697502825,2.417482639687255e-07,0.0
-0.000608421697502825,2.417482639687255e-07,0.0
-0.000608421697502825,2.417482639687255e-07,0.0
-0.000608421697502825,2.417482639687255e-07,0.0
-0.000608421697502825,2.417482639687255e-07,0.0
-0.000608421697502825,2.417482639687255e-07,0.0
-0.000608421697502825,2.417482639687255e-07,0.0
-0.000608421697502825,2.417482639687255e-07,0.0
-0.000608421697502825,2.417482639687255e-07,0.0
-0.000608421697502825,2.417482639687255e-07,0.0
-0.000608421697502825,2.417482639687255e-07,0.0
-0.000608421697502825,2.417482639687255e-07,0.0
-0.000608421697502825,2.417482639687255e-07,0.0
-0.000608421697502825,2.417482639687255e-07,0.0
-0.000608421697502825,2.417482639687255e-07,0.0
-0.000608421697502825,2.417482639687255e-07,0.0
-0.000608421697502825,2.417482639687255e-07,0.0
-0.000608421697502825,2.417482639687255e-07,0.0
-0.000608421697502825,2.417482639687255e-07,0.0
-0.000608421697502825,2.417482639687255e-07,0.0
-0.000608421697502825,2.417482639687255e-07,0.0
-0.000608421697502825,2.417482639687255e-07,0.0
-0.000608421697502825,2.417482639687255e-07,0.0
-0.000608421697502825,2.417482639687255e-07,0.0
-0.000608421697502825,2.417482639687255e-07,0.0
-0.000608421697502825,2.417482639687255e-07,0.0
-0.000608421697502825,2.417482639687255e-07,0.0
-0.000608421697502825,2.417482639687255e-07,0.0
-0.000608421697502825,2.417482639687255e-07,0.0
-0.000608421697502825,2.417482639687255e-07,0.0
-0.0006171134371440888,2.409832377562775e-07,0.0
-0.0006171134371440888,2.409832377562775e-07,0.0
-0.000608421697477574,2.413657508628719e-07,0.0
-0.000608421697477574,2.413657508628719e-07,0.0
-0.000608421697477574,2.413657508628719e-07,0.0
-0.000608421697477574,2.413657508628719e-07,0.0
-0.000608421697477574,2.413657508628719e-07,0.0
-0.000608421697477574,2.413657508628719e-07,0.0
-0.000608421697477574,2.413657508628719e-07,0.0
-0.000608421697477574,2.413657508628719e-07,0.0
-0.0005997299578363102,2.421307770753199e-07,0.0
-0.0005997299578363102,2.421307770753199e-07,0.0
-0.000608421697502825,2.417482639687255e-07,0.0
-0.000608421697502825,2.417482639687255e-07,0.0
-0.000608421697502825,2.417482639687255e-07,0.0
-0.000608421697502825,2.417482639687255e-07,0.0
-0.000608421697502825,2.417482639687255e-07,0.0
-0.000608421697502825,2.417482639687255e-07,0.0
-0.000608421697502825,2.417482639687255e-07,0.0
-0.000608421697502825,2.417482639687255e-07,0.0
-0.000608421697502825,2.417482639687255e-07,0.0
-0.000608421697502825,2.417482639687255e-07,0.0
-0.000608421697502825,2.417482639687255e-07,0.0
-0.000608421697502825,2.417482639687255e-07,0.0
-0.000608421697502825,2.417482639687255e-07,0.0
-0.000608421697502825,2.417482639687255e-07,0.0
-0.000608421697502825,2.417482639687255e-07,0.0
-0.000608421697502825,2.417482639687255e-07,0.0
-0.000608421697502825,2.417482639687255e-07,0.0
-0.000608421697502825,2.417482639687255e-07,0.0
-0.000608421697502825,2.417482639687255e-07,0.0
-0.000608421697502825,2.417482639687255e-07,0.0
-0.000608421697502825,2.417482639687255e-07,0.0
-0.000608421697502825,2.417482639687255e-07,0.0
-0.000608421697502825,2.417482639687255e-07,0.0
-0.000608421697502825,2.417482639687255e-07,0.0
-0.000608421697502825,2.417482639687255e-07,0.0
-0.000608421697502825,2.417482639687255e-07,0.0
-0.000608421697502825,2.417482639687255e-07,0.0
-0.000608421697502825,2.417482639687255e-07,0.0
-0.000608421697502825,2.417482639687255e-07,0.0
-0.000608421697502825,2.417482639687255e-07,0.0
-0.000608421697502825,2.417482639687255e-07,0.0
-0.0006171134371440888,2.409832377562775e-07,0.0
-0.0006171134371440888,2.409832377562775e-07,0.0
-0.0006171134371440888,2.409832377562775e-07,0.0
-0.000608421697477574,2.413657508628719e-07,0.0
-0.0006171134371188378,2.4060072465042395e-07,0.0
-0.0006171134371188378,2.4060072465042395e-07,0.0
-0.0006084216975196588,2.417482639672438e-07,0.0
-0.0006084216975196588,2.417482639672438e-07,0.0
-0.0006084216975196588,2.417482639672438e-07,0.0
-0.0006084216975196588,2.417482639672438e-07,0.0
-0.0006084216975196588,2.417482639672438e-07,0.0
-0.0006084216975196588,2.417482639672438e-07,0.0
-0.0006084216975196588,2.417482639672438e-07,0.0
-0.0006084216975196588,2.417482639672438e-07,0.0
-0.0006084216975196588,2.417482639672438e-07,0.0
-0.0006084216975196588,2.417482639672438e-07,0.0
-0.0006084216975196588,2.417482639672438e-07,0.0
-0.0006084216975196588,2.417482639672438e-07,0.0
-0.0006084216975196588,2.417482639672438e-07,0.0
-0.0006084216975196588,2.417482639672438e-07,0.0
-0.0006084216975196588,2.417482639672438e-07,0.0
-0.0006084216975196588,2.417482639672438e-07,0.0
-0.0006084216975196588,2.417482639672438e-07,0.0
-0.0006084216975196588,2.417482639672438e-07,0.0
-0.0006084216975196588,2.417482639672438e-07,0.0
-0.0006084216975196588,2.417482639672438e-07,0.0
-0.0006084216975196588,2.417482639672438e-07,0.0
-0.0006171134371609227,2.4098323775479584e-07,0.0
-0.0006171134371609227,2.4098323775479584e-07,0.0
-0.0006084216975617437,2.421307770716157e-07,0.0
-0.0006084216975617437,2.421307770716157e-07,0.0
-0.0006084216975617437,2.421307770716157e-07,0.0
-0.0006084216975617437,2.421307770716157e-07,0.0
-0.0006084216975617437,2.421307770716157e-07,0.0
-0.0006084216975617437,2.421307770716157e-07,0.0
-0.0006084216975617437,2.421307770716157e-07,0.0
-0.0006084216975617437,2.421307770716157e-07,0.0
-0.0006084216975617437,2.421307770716157e-07,0.0
-0.0006084216975617437,2.421307770716157e-07,0.0
-0.0006084216975617437,2.421307770716157e-07,0.0
-0.0006084216975617437,2.421307770716157e-07,0.0
-0.0006084216975617437,2.421307770716157e-07,0.0
-0.0006084216975617437,2.421307770716157e-07,0.0
-0.0006084216975617437,2.421307770716157e-07,0.0
-0.0006084216975617437,2.421307770716157e-07,0.0
-0.0006084216975617437,2.421307770716157e-07,0.0
-0.0006171134372030075,2.4136575085916774e-07,0.0
-0.0006171134372030075,2.4136575085916774e-07,0.0
-0.0006084216975364927,2.4174826396576214e-07,0.0
-0.0006084216975364927,2.4174826396576214e-07,0.0
-0.0006171134371777565,2.4098323775331417e-07,0.0
-0.0006171134371777565,2.4098323775331417e-07,0.0
-0.0006258051767769355,2.398356984364943e-07,0.0
-0.0006171134371356717,2.406007246489423e-07,0.0
-0.0006171134371356717,2.406007246489423e-07,0.0
-0.0006171134371356717,2.406007246489423e-07,0.0
-0.0006084216974691569,2.409832377555367e-07,0.0
-0.0006084216974691569,2.409832377555367e-07,0.0
-0.0006084216974691569,2.409832377555367e-07,0.0
-0.0006171134371104207,2.402182115430887e-07,0.0
-0.0006171134371104207,2.402182115430887e-07,0.0
-0.0006171134371104207,2.402182115430887e-07,0.0
-0.0006084216975112417,2.413657508599086e-07,0.0
-0.0006171134371525056,2.406007246474606e-07,0.0
-0.0006084216974859908,2.40983237754055e-07,0.0
-0.0006084216974859908,2.40983237754055e-07,0.0
-0.0006084216974859908,2.40983237754055e-07,0.0
-0.0006084216974859908,2.40983237754055e-07,0.0
-0.0006084216974859908,2.40983237754055e-07,0.0
-0.0006171134371272546,2.4021821154160704e-07,0.0
-0.0006171134371272546,2.4021821154160704e-07,0.0
-0.0006084216974607398,2.4060072464820144e-07,0.0
-0.0006084216974607398,2.4060072464820144e-07,0.0
-0.0006084216974607398,2.4060072464820144e-07,0.0
-0.0006084216974607398,2.4060072464820144e-07,0.0
-0.0006258051767685184,2.3945318532915907e-07,0.0
-0.0006258051767685184,2.3945318532915907e-07,0.0
-0.0006258051767685184,2.3945318532915907e-07,0.0
-0.0006171134371272546,2.4021821154160704e-07,0.0
-0.0006084216974607398,2.4060072464820144e-07,0.0
-0.0006084216974607398,2.4060072464820144e-07,0.0
-0.000599729957819476,2.413657508606494e-07,0.0
-0.000599729957819476,2.413657508606494e-07,0.0
-0.000599729957819476,2.413657508606494e-07,0.0
-0.000608421697418655,2.4021821154382955e-07,0.0
-0.0006171134370599188,2.394531853313816e-07,0.0
-0.0006258051766590978,2.383056460145617e-07,0.0
-0.000634496916199358,2.3677559359559244e-07,0.0
-0.0006518803954398009,2.3486302806632456e-07,0.0
-0.0006605721351063157,2.3448051495973013e-07,0.0
-0.0006605721351063157,2.3448051495973013e-07,0.0
-0.0006518803954313839,2.3448051495973013e-07,0.0
-0.0006344969160899373,2.3409800185313573e-07,0.0
-0.0006258051764234225,2.3371548874654132e-07,0.0
-0.0006258051764234225,2.3371548874654132e-07,0.0
-0.0006258051764234225,2.3371548874654132e-07,0.0
-0.0006344969160983543,2.3371548874654132e-07,0.0
-0.0006344969160983543,2.3371548874654132e-07,0.0
-0.0006258051764318395,2.3409800185313575e-07,0.0
-0.0006344969161067713,2.3409800185313575e-07,0.0
-0.0006344969161067713,2.3409800185313575e-07,0.0
-0.0006431886557732861,2.3448051495973016e-07,0.0
-0.0006518803954482179,2.3448051495973016e-07,0.0
-0.0006518803954482179,2.3448051495973016e-07,0.0
-0.0006518803954482179,2.3448051495973016e-07,0.0
-0.0006518803954482179,2.3448051495973016e-07,0.0
-0.0006518803954482179,2.3448051495973016e-07,0.0
-0.0006431886557817031,2.3486302806632458e-07,0.0
-0.0006344969161067713,2.3486302806632458e-07,0.0
-0.0006344969161067713,2.3486302806632458e-07,0.0
-0.0006344969161067713,2.3486302806632458e-07,0.0
-0.0006258051764402565,2.3448051495973018e-07,0.0
-0.0006344969161151883,2.3448051495973018e-07,0.0
-0.0006344969161151883,2.3448051495973018e-07,0.0
-0.0006518803954229669,2.3333297564068776e-07,0.0
-0.0006518803954229669,2.3333297564068776e-07,0.0
-0.0006431886557564521,2.337154887472822e-07,0.0
-0.0006431886557564521,2.337154887472822e-07,0.0
-0.0006431886557564521,2.337154887472822e-07,0.0
-0.0006344969160815203,2.337154887472822e-07,0.0
-0.0006431886557480351,2.340980018538766e-07,0.0
-0.0006431886557480351,2.340980018538766e-07,0.0
-0.0006431886557480351,2.340980018538766e-07,0.0
-0.0006431886557480351,2.340980018538766e-07,0.0
-0.0006431886557480351,2.340980018538766e-07,0.0
-0.0006431886557480351,2.340980018538766e-07,0.0
-0.0006431886557480351,2.340980018538766e-07,0.0
-0.0006431886557480351,2.340980018538766e-07,0.0
-0.0006518803954229669,2.340980018538766e-07,0.0
-0.0006605721350894817,2.3371548874728216e-07,0.0
-0.0006605721350894817,2.3371548874728216e-07,0.0
-0.0006518803954145499,2.3371548874728216e-07,0.0
-0.0006344969160731034,2.340980018538766e-07,0.0
-0.0006344969160731034,2.340980018538766e-07,0.0
-0.0006344969160731034,2.340980018538766e-07,0.0
-0.0006344969160731034,2.340980018538766e-07,0.0
-0.0006431886557396181,2.3371548874728216e-07,0.0
-0.0006431886557396181,2.3371548874728216e-07,0.0
-0.0006518803954145499,2.3371548874728216e-07,0.0
-0.0006518803954145499,2.3371548874728216e-07,0.0
-0.0006518803954145499,2.3371548874728216e-07,0.0
-0.0006518803954145499,2.3371548874728216e-07,0.0
-0.0006431886557480351,2.340980018538766e-07,0.0
-0.0006431886557480351,2.340980018538766e-07,0.0
-0.0006431886557480351,2.340980018538766e-07,0.0
-0.0006431886557480351,2.340980018538766e-07,0.0
-0.0006431886557480351,2.340980018538766e-07,0.0
-0.0006431886557480351,2.340980018538766e-07,0.0
-0.0006518803954229669,2.340980018538766e-07,0.0
-0.0006518803954229669,2.340980018538766e-07,0.0
-0.0006518803954229669,2.340980018538766e-07,0.0
-0.0006431886557564521,2.3448051496047102e-07,0.0
-0.0006431886557564521,2.3448051496047102e-07,0.0
-0.0006431886557564521,2.3448051496047102e-07,0.0
-0.0006431886557564521,2.3448051496047102e-07,0.0
-0.000651880395397716,2.3371548874802302e-07,0.0
-0.0006605721350642307,2.333329756414286e-07,0.0
-0.0006605721350642307,2.333329756414286e-07,0.0
-0.0006605721350642307,2.333329756414286e-07,0.0
-0.000651880395389299,2.333329756414286e-07,0.0
-0.000651880395389299,2.333329756414286e-07,0.0
-0.0006431886557227842,2.3371548874802302e-07,0.0
-0.0006431886557227842,2.3371548874802302e-07,0.0
-0.000651880395364048,2.3295046253557503e-07,0.0
-0.000651880395364048,2.3295046253557503e-07,0.0
-0.000651880395364048,2.3295046253557503e-07,0.0
-0.000651880395364048,2.3295046253557503e-07,0.0
-0.000651880395364048,2.3295046253557503e-07,0.0
-0.0006431886556975332,2.3333297564216946e-07,0.0
-0.0006431886556975332,2.3333297564216946e-07,0.0
-0.0006431886556975332,2.3333297564216946e-07,0.0
-0.0006431886556891162,2.3295046253557503e-07,0.0
-0.0006431886556891162,2.3295046253557503e-07,0.0
-0.0006518803953303801,2.3218543632312703e-07,0.0
-0.0006518803953303801,2.3218543632312703e-07,0.0
-0.0006605721349968949,2.318029232165326e-07,0.0
-0.0006605721349968949,2.318029232165326e-07,0.0
-0.0006518803953219631,2.318029232165326e-07,0.0
-0.0006431886556554483,2.3218543632312703e-07,0.0
-0.0006431886556554483,2.3218543632312703e-07,0.0
-0.0006431886556554483,2.3218543632312703e-07,0.0
-0.0006518803952967121,2.3142041011067904e-07,0.0
-0.0006518803952967121,2.3142041011067904e-07,0.0
-0.0006605721349632269,2.310378970040846e-07,0.0
-0.0006518803952882951,2.310378970040846e-07,0.0
-0.0006518803952882951,2.310378970040846e-07,0.0
-0.0006518803952882951,2.310378970040846e-07,0.0
-0.0006518803952882951,2.310378970040846e-07,0.0
-0.0006431886556217803,2.3142041011067904e-07,0.0
-0.0006518803952630442,2.3065538389823104e-07,0.0
-0.0006518803952630442,2.3065538389823104e-07,0.0
-0.0006518803952630442,2.3065538389823104e-07,0.0
-0.0006518803952630442,2.3065538389823104e-07,0.0
-0.0006518803952630442,2.3065538389823104e-07,0.0
-0.0006518803952630442,2.3065538389823104e-07,0.0
-0.0006518803952630442,2.3065538389823104e-07,0.0
-0.0006518803952630442,2.3065538389823104e-07,0.0
-0.0006518803952630442,2.3065538389823104e-07,0.0
-0.0006518803952630442,2.3065538389823104e-07,0.0
-0.0006518803952630442,2.3065538389823104e-07,0.0
-0.0006518803952630442,2.3065538389823104e-07,0.0
-0.0006518803952630442,2.3065538389823104e-07,0.0
-0.0006518803952630442,2.3065538389823104e-07,0.0
-0.0006518803952630442,2.3065538389823104e-07,0.0
-0.0006518803952630442,2.3065538389823104e-07,0.0
-0.0006518803952630442,2.3065538389823104e-07,0.0
-0.0006518803952630442,2.3065538389823104e-07,0.0
-0.0006518803952630442,2.3065538389823104e-07,0.0
-0.0006518803952630442,2.3065538389823104e-07,0.0
-0.0006518803952630442,2.3065538389823104e-07,0.0
-0.0006518803952630442,2.3065538389823104e-07,0.0
-0.0006518803952630442,2.3065538389823104e-07,0.0
-0.0006518803952630442,2.3065538389823104e-07,0.0
-0.0006518803952630442,2.3065538389823104e-07,0.0
-0.0006518803952630442,2.3065538389823104e-07,0.0
-0.0006518803952630442,2.3065538389823104e-07,0.0
-0.000660572134929559,2.3027287079163661e-07,0.0
-0.0006518803952546272,2.3027287079163661e-07,0.0
-0.0006518803952546272,2.3027287079163661e-07,0.0
-0.0006431886555881124,2.3065538389823104e-07,0.0
-0.0006431886555881124,2.3065538389823104e-07,0.0
-0.0006518803952293762,2.2989035768578305e-07,0.0
-0.0006518803952293762,2.2989035768578305e-07,0.0
-0.0006518803952293762,2.2989035768578305e-07,0.0
-0.0006518803952293762,2.2989035768578305e-07,0.0
-0.0006518803952293762,2.2989035768578305e-07,0.0
-0.0006518803952293762,2.2989035768578305e-07,0.0
-0.0006518803952293762,2.2989035768578305e-07,0.0
-0.0006518803952293762,2.2989035768578305e-07,0.0
-0.0006518803952293762,2.2989035768578305e-07,0.0
-0.0006431886555628614,2.3027287079237748e-07,0.0
-0.0006518803952041253,2.2950784457992948e-07,0.0
-0.0006518803952041253,2.2950784457992948e-07,0.0
-0.0006518803952041253,2.2950784457992948e-07,0.0
-0.0006518803952041253,2.2950784457992948e-07,0.0
-0.0006518803952041253,2.2950784457992948e-07,0.0
-0.0006518803952041253,2.2950784457992948e-07,0.0
-0.0006518803952041253,2.2950784457992948e-07,0.0
-0.0006518803952041253,2.2950784457992948e-07,0.0
-0.0006518803952041253,2.2950784457992948e-07,0.0
-0.0006518803952041253,2.2950784457992948e-07,0.0
-0.0006518803952041253,2.2950784457992948e-07,0.0
-0.0006518803952041253,2.2950784457992948e-07,0.0
-0.0006518803952041253,2.2950784457992948e-07,0.0
-0.0006518803952041253,2.2950784457992948e-07,0.0
-0.0006518803952041253,2.2950784457992948e-07,0.0
-0.0006431886555376105,2.298903576865239e-07,0.0
-0.0006518803951788743,2.2912533147407591e-07,0.0
-0.0006518803951788743,2.2912533147407591e-07,0.0
-0.0006518803951788743,2.2912533147407591e-07,0.0
-0.0006518803951788743,2.2912533147407591e-07,0.0
-0.0006518803951788743,2.2912533147407591e-07,0.0
-0.0006518803951788743,2.2912533147407591e-07,0.0
-0.0006518803951788743,2.2912533147407591e-07,0.0
-0.0006518803951788743,2.2912533147407591e-07,0.0
-0.0006431886555123595,2.2950784458067034e-07,0.0
-0.0006431886555123595,2.2950784458067034e-07,0.0
-0.0006431886555123595,2.2950784458067034e-07,0.0
-0.0006518803951536233,2.2874281836822235e-07,0.0
-0.0006518803951536233,2.2874281836822235e-07,0.0
-0.0006518803951536233,2.2874281836822235e-07,0.0
-0.0006518803951536233,2.2874281836822235e-07,0.0
-0.0006431886554871085,2.2912533147481678e-07,0.0
-0.0006431886554871085,2.2912533147481678e-07,0.0
-0.0006431886554871085,2.2912533147481678e-07,0.0
-0.0006518803951283724,2.2836030526236878e-07,0.0
-0.0006518803951283724,2.2836030526236878e-07,0.0
-0.0006518803951283724,2.2836030526236878e-07,0.0
-0.0006518803951283724,2.2836030526236878e-07,0.0
-0.0006518803951283724,2.2836030526236878e-07,0.0
-0.0006518803951283724,2.2836030526236878e-07,0.0
-0.0006518803951283724,2.2836030526236878e-07,0.0
-0.0006518803951283724,2.2836030526236878e-07,0.0
-0.0006518803951283724,2.2836030526236878e-07,0.0
-0.0006518803951283724,2.2836030526236878e-07,0.0
-0.0006518803951283724,2.2836030526236878e-07,0.0
-0.0006518803951283724,2.2836030526236878e-07,0.0
-0.0006518803951283724,2.2836030526236878e-07,0.0
-0.0006518803951283724,2.2836030526236878e-07,0.0
-0.0006518803951283724,2.2836030526236878e-07,0.0
-0.0006518803951283724,2.2836030526236878e-07,0.0
-0.0006518803951283724,2.2836030526236878e-07,0.0
-0.0006518803951283724,2.2836030526236878e-07,0.0
-0.0006518803951283724,2.2836030526236878e-07,0.0
-0.0006518803951283724,2.2836030526236878e-07,0.0
-0.0006518803951283724,2.2836030526236878e-07,0.0
-0.0006518803951283724,2.2836030526236878e-07,0.0
-0.0006518803951283724,2.2836030526236878e-07,0.0
-0.0006518803951283724,2.2836030526236878e-07,0.0
-0.0006518803951283724,2.2836030526236878e-07,0.0
-0.0006518803951283724,2.2836030526236878e-07,0.0
-0.0006518803951283724,2.2836030526236878e-07,0.0
-0.0006518803951283724,2.2836030526236878e-07,0.0
-0.0006518803951283724,2.2836030526236878e-07,0.0
-0.0006518803951283724,2.2836030526236878e-07,0.0
-0.0006518803951283724,2.2836030526236878e-07,0.0
-0.0006518803951283724,2.2836030526236878e-07,0.0
-0.0006518803951283724,2.2836030526236878e-07,0.0
-0.0006605721347948872,2.2797779215577435e-07,0.0
-0.0006605721347948872,2.2797779215577435e-07,0.0
-0.0006518803951199554,2.2797779215577435e-07,0.0
-0.0006518803951199554,2.2797779215577435e-07,0.0
-0.0006518803951199554,2.2797779215577435e-07,0.0
-0.0006518803951199554,2.2797779215577435e-07,0.0
-0.0006518803951199554,2.2797779215577435e-07,0.0
-0.0006518803951199554,2.2797779215577435e-07,0.0
-0.0006518803951199554,2.2797779215577435e-07,0.0
-0.0006518803951199554,2.2797779215577435e-07,0.0
-0.0006518803951199554,2.2797779215577435e-07,0.0
-0.0006518803951199554,2.2797779215577435e-07,0.0
-0.0006518803951199554,2.2797779215577435e-07,0.0
-0.0006518803951199554,2.2797779215577435e-07,0.0
-0.0006518803951199554,2.2797779215577435e-07,0.0
-0.0006518803951199554,2.2797779215577435e-07,0.0
-0.0006518803951199554,2.2797779215577435e-07,0.0
-0.0006518803951199554,2.2797779215577435e-07,0.0
-0.0006518803951199554,2.2797779215577435e-07,0.0
-0.0006518803951199554,2.2797779215577435e-07,0.0
-0.0006518803951199554,2.2797779215577435e-07,0.0
-0.0006518803951199554,2.2797779215577435e-07,0.0
-0.0006518803951199554,2.2797779215577435e-07,0.0
-0.0006518803951199554,2.2797779215577435e-07,0.0
-0.0006518803951199554,2.2797779215577435e-07,0.0
-0.0006518803951199554,2.2797779215577435e-07,0.0
-0.0006518803951199554,2.2797779215577435e-07,0.0
-0.0006518803951199554,2.2797779215577435e-07,0.0
-0.0006518803951199554,2.2797779215577435e-07,0.0
-0.0006518803951199554,2.2797779215577435e-07,0.0
-0.0006518803951199554,2.2797779215577435e-07,0.0
-0.0006518803951199554,2.2797779215577435e-07,0.0
-0.0006518803951199554,2.2797779215577435e-07,0.0
-0.0006518803951199554,2.2797779215577435e-07,0.0
-0.0006518803951199554,2.2797779215577435e-07,0.0
-0.0006518803951199554,2.2797779215577435e-07,0.0
-0.0006518803951199554,2.2797779215577435e-07,0.0
-0.0006518803951199554,2.2797779215577435e-07,0.0
-0.0006518803951199554,2.2797779215577435e-07,0.0
-0.0006518803951199554,2.2797779215577435e-07,0.0
-0.0006518803951199554,2.2797779215577435e-07,0.0
-0.0006518803951199554,2.2797779215577435e-07,0.0
-0.0006518803951199554,2.2797779215577435e-07,0.0
-0.0006518803951199554,2.2797779215577435e-07,0.0
-0.0006518803951199554,2.2797779215577435e-07,0.0
-0.0006518803951199554,2.2797779215577435e-07,0.0
-0.0006518803951199554,2.2797779215577435e-07,0.0
-0.0006518803951199554,2.2797779215577435e-07,0.0
-0.0006518803951199554,2.2797779215577435e-07,0.0
-0.0006518803951199554,2.2797779215577435e-07,0.0
-0.0006518803951199554,2.2797779215577435e-07,0.0
-0.0006518803951199554,2.2797779215577435e-07,0.0
-0.0006518803951199554,2.2797779215577435e-07,0.0
-0.0006518803951199554,2.2797779215577435e-07,0.0
-0.0006518803951199554,2.2797779215577435e-07,0.0
-0.0006518803951199554,2.2797779215577435e-07,0.0
-0.0006518803951199554,2.2797779215577435e-07,0.0
-0.0006518803951199554,2.2797779215577435e-07,0.0
-0.0006518803951199554,2.2797779215577435e-07,0.0
-0.0006518803951199554,2.2797779215577435e-07,0.0
-0.0006518803951199554,2.2797779215577435e-07,0.0
-0.0006518803951199554,2.2797779215577435e-07,0.0
-0.0006518803951199554,2.2797779215577435e-07,0.0
-0.0006518803951199554,2.2797779215577435e-07,0.0
-0.0006518803951199554,2.2797779215577435e-07,0.0
-0.0006518803951199554,2.2797779215577435e-07,0.0
-0.0006518803951199554,2.2797779215577435e-07,0.0
-0.0006518803951199554,2.2797779215577435e-07,0.0
-0.0006518803951199554,2.2797779215577435e-07,0.0
-0.0006518803951199554,2.2797779215577435e-07,0.0
-0.0006518803951199554,2.2797779215577435e-07,0.0
-0.0006518803951199554,2.2797779215577435e-07,0.0
-0.0006518803951199554,2.2797779215577435e-07,0.0
-0.0006518803951199554,2.2797779215577435e-07,0.0
-0.0006518803951199554,2.2797779215577435e-07,0.0
-0.0006518803951199554,2.2797779215577435e-07,0.0
-0.0006518803951199554,2.2797779215577435e-07,0.0
-0.0006518803951199554,2.2797779215577435e-07,0.0
-0.0006518803951199554,2.2797779215577435e-07,0.0
-0.0006518803951199554,2.2797779215577435e-07,0.0
-0.0006518803951199554,2.2797779215577435e-07,0.0
-0.0006518803951199554,2.2797779215577435e-07,0.0
-0.0006518803951199554,2.2797779215577435e-07,0.0
-0.0006518803951199554,2.2797779215577435e-07,0.0
-0.0006518803951199554,2.2797779215577435e-07,0.0
-0.0006605721347864702,2.2759527904917992e-07,0.0
-0.0006518803951452064,2.2836030526162792e-07,0.0
-0.0006518803951872912,2.2874281836599981e-07,0.0
-0.000660572134853806,2.2836030525940538e-07,0.0
-0.000660572134853806,2.2836030525940538e-07,0.0
-0.000660572134853806,2.2836030525940538e-07,0.0
-0.000660572134853806,2.2836030525940538e-07,0.0
-0.000660572134853806,2.2836030525940538e-07,0.0
-0.000660572134853806,2.2836030525940538e-07,0.0
-0.0006518803951788742,2.2836030525940538e-07,0.0
-0.0006518803951788742,2.2836030525940538e-07,0.0
-0.0006518803951788742,2.2836030525940538e-07,0.0
-0.0006518803951788742,2.2836030525940538e-07,0.0
-0.000660572134845389,2.2797779215281096e-07,0.0
-0.000660572134845389,2.2797779215281096e-07,0.0
-0.000660572134845389,2.2797779215281096e-07,0.0
-0.000660572134845389,2.2797779215281096e-07,0.0
-0.000660572134845389,2.2797779215281096e-07,0.0
-0.000660572134845389,2.2797779215281096e-07,0.0
-0.000660572134845389,2.2797779215281096e-07,0.0
-0.000660572134845389,2.2797779215281096e-07,0.0
-0.0006692638745203208,2.2797779215281096e-07,0.0
-0.0006692638745203208,2.2797779215281096e-07,0.0
-0.0006692638745203208,2.2797779215281096e-07,0.0
-0.000660572134853806,2.2836030525940538e-07,0.0
-0.000660572134853806,2.2836030525940538e-07,0.0
-0.000660572134853806,2.2836030525940538e-07,0.0
-0.000660572134853806,2.2836030525940538e-07,0.0
-0.000660572134853806,2.2836030525940538e-07,0.0
-0.0006518803951788742,2.2836030525940538e-07,0.0
-0.000660572134845389,2.2797779215281096e-07,0.0
-0.000660572134845389,2.2797779215281096e-07,0.0
-0.000660572134845389,2.2797779215281096e-07,0.0
-0.000660572134845389,2.2797779215281096e-07,0.0
-0.000660572134845389,2.2797779215281096e-07,0.0
-0.000660572134845389,2.2797779215281096e-07,0.0
-0.000660572134845389,2.2797779215281096e-07,0.0
-0.000660572134845389,2.2797779215281096e-07,0.0
-0.000660572134845389,2.2797779215281096e-07,0.0
-0.0006692638745203208,2.2797779215281096e-07,0.0
-0.0006692638745203208,2.2797779215281096e-07,0.0
-0.0006692638745203208,2.2797779215281096e-07,0.0
-0.0006692638745203208,2.2797779215281096e-07,0.0
-0.000660572134853806,2.2836030525940538e-07,0.0
-0.000660572134853806,2.2836030525940538e-07,0.0
-0.000660572134853806,2.2836030525940538e-07,0.0
-0.000660572134853806,2.2836030525940538e-07,0.0
-0.000660572134853806,2.2836030525940538e-07,0.0
-0.0006692638745287377,2.2836030525940538e-07,0.0
-0.0006692638745287377,2.2836030525940538e-07,0.0
-0.0006692638745287377,2.2836030525940538e-07,0.0
-0.0006692638745287377,2.2836030525940538e-07,0.0
-0.0006692638745287377,2.2836030525940538e-07,0.0
-0.0006692638745287377,2.2836030525940538e-07,0.0
-0.0006692638745287377,2.2836030525940538e-07,0.0
-0.0006518803951957082,2.2912533147259422e-07,0.0
-0.000660572134862223,2.287428183659998e-07,0.0
-0.0006692638745371547,2.287428183659998e-07,0.0
-0.0006692638745371547,2.287428183659998e-07,0.0
-0.0006692638745371547,2.287428183659998e-07,0.0
-0.0006605721348706399,2.2912533147259422e-07,0.0
-0.0006692638745455717,2.2912533147259422e-07,0.0
-0.0006692638745455717,2.2912533147259422e-07,0.0
-0.0006692638745455717,2.2912533147259422e-07,0.0
-0.0006692638745455717,2.2912533147259422e-07,0.0
-0.0006692638745455717,2.2912533147259422e-07,0.0
-0.0006692638745455717,2.2912533147259422e-07,0.0
-0.0006692638745455717,2.2912533147259422e-07,0.0
-0.0006692638745455717,2.2912533147259422e-07,0.0
-0.0006692638745455717,2.2912533147259422e-07,0.0
-0.0006692638745455717,2.2912533147259422e-07,0.0
-0.0006692638745455717,2.2912533147259422e-07,0.0
-0.0006692638745455717,2.2912533147259422e-07,0.0
-0.0006692638745455717,2.2912533147259422e-07,0.0
-0.0006692638745455717,2.2912533147259422e-07,0.0
-0.0006692638745455717,2.2912533147259422e-07,0.0
-0.0006692638745455717,2.2912533147259422e-07,0.0
-0.0006692638745455717,2.2912533147259422e-07,0.0
-0.0006692638745455717,2.2912533147259422e-07,0.0
-0.0006692638745455717,2.2912533147259422e-07,0.0
-0.0006692638745455717,2.2912533147259422e-07,0.0
-0.0006692638745455717,2.2912533147259422e-07,0.0
-0.0006692638745455717,2.2912533147259422e-07,0.0
-0.0006692638745455717,2.2912533147259422e-07,0.0
-0.0006692638745455717,2.2912533147259422e-07,0.0
-0.0006692638745455717,2.2912533147259422e-07,0.0
-0.0006692638745455717,2.2912533147259422e-07,0.0
-0.0006692638745455717,2.2912533147259422e-07,0.0
-0.0006692638745455717,2.2912533147259422e-07,0.0
-0.0006692638745455717,2.2912533147259422e-07,0.0
-0.0006692638745455717,2.2912533147259422e-07,0.0
-0.0006692638745455717,2.2912533147259422e-07,0.0
-0.0006692638745455717,2.2912533147259422e-07,0.0
-0.0006779556142120865,2.287428183659998e-07,0.0
-0.0006779556142120865,2.287428183659998e-07,0.0
-0.0006779556142120865,2.287428183659998e-07,0.0
-0.0006779556142120865,2.287428183659998e-07,0.0
-0.0006779556142120865,2.287428183659998e-07,0.0
-0.0006866473538533503,2.279777921535518e-07,0.0
-0.0006953390935198651,2.2759527904695736e-07,0.0
-0.0006953390935198651,2.2759527904695736e-07,0.0
-0.0007040308331947969,2.2759527904695736e-07,0.0
-0.0007127225728613117,2.2721276594036293e-07,0.0
-0.0007214143125362435,2.2721276594036293e-07,0.0
-0.0007214143125362435,2.2721276594036293e-07,0.0
-0.0007214143125362435,2.2721276594036293e-07,0.0
-0.0007040308331947969,2.2683025283376853e-07,0.0
-0.0006866473538533503,2.2721276594036296e-07,0.0
-0.0006866473538533503,2.2721276594036296e-07,0.0
-0.0006953390935198651,2.2683025283376853e-07,0.0
-0.0006866473538786013,2.2759527904621653e-07,0.0
-0.0006953390935451161,2.272127659396221e-07,0.0
-0.0006953390935451161,2.272127659396221e-07,0.0
-0.0007040308331863799,2.2797779215207007e-07,0.0
-0.0007040308331863799,2.2797779215207007e-07,0.0
-0.0006953390935872009,2.268302528352502e-07,0.0
-0.0007127225728697287,2.2836030526014617e-07,0.0
-0.0007040308332284649,2.275952790476982e-07,0.0
-0.0007040308332284649,2.275952790476982e-07,0.0
-0.0007127225728276439,2.2874281836451806e-07,0.0
-0.0007214143124689077,2.2950784457696603e-07,0.0
-0.0007040308331274611,2.2912533147037163e-07,0.0
-0.0007127225727939759,2.287428183637772e-07,0.0
-0.0007040308331527121,2.295078445762252e-07,0.0
-0.0006953390934861973,2.2989035768281962e-07,0.0
-0.0006866473538112655,2.2989035768281962e-07,0.0
-0.0006953390934777803,2.3027287078941403e-07,0.0
-0.0007040308331527121,2.3027287078941403e-07,0.0
-0.0006953390934861973,2.3065538389600845e-07,0.0
-0.0007301060521101717,2.3256794942749882e-07,0.0
-0.0007735647479934064,2.4710344719138073e-07,0.0
-0.000790948225112772,2.559012482681863e-07,0.0
-0.000790948225112772,2.559012482681863e-07,0.0
-0.000782256486456294,2.5169360425863293e-07,0.0
-0.0007822564866162165,2.513110911853764e-07,0.0
-0.000782256486742471,2.5092857809952554e-07,0.0
-0.0007909482261143917,2.5322365671316253e-07,0.0
-0.0007996399655788992,2.5513622223131776e-07,0.0
-0.0008170234447183384,2.578138139671069e-07,0.0
-0.0008170234447183384,2.578138139671069e-07,0.0
-0.0008170234447183384,2.578138139671069e-07,0.0
-0.0008170234447183384,2.578138139671069e-07,0.0
-0.0008170234447183384,2.578138139671069e-07,0.0
-0.0008344069239587812,2.597263794963747e-07,0.0
-0.0008430986634990414,2.6125643191534395e-07,0.0
-0.0008430986634990414,2.6125643191534395e-07,0.0
-0.000834406924034534,2.593438663971887e-07,0.0
-0.000834406924034534,2.593438663971887e-07,0.0
-0.0008257151844942738,2.5781381397821947e-07,0.0
-0.0008257151844942738,2.5781381397821947e-07,0.0
-0.0008257151844942738,2.5781381397821947e-07,0.0
-0.0008430986637347166,2.597263795074873e-07,0.0
-0.0008430986637347166,2.597263795074873e-07,0.0
-0.0008517904033338956,2.6087391882430716e-07,0.0
-0.0008344069240934528,2.5896135329503933e-07,0.0
-0.0008344069240934528,2.5896135329503933e-07,0.0
-0.0008344069240934528,2.5896135329503933e-07,0.0
-0.0008344069240934528,2.5896135329503933e-07,0.0
-0.0008430986637347166,2.597263795074873e-07,0.0
-0.0008344069240682018,2.593438664008929e-07,0.0
-0.000825715184426938,2.5857884018844493e-07,0.0
-0.000834406924026117,2.597263795052648e-07,0.0
-0.0008257151844858568,2.5819632708629554e-07,0.0
-0.0008257151844858568,2.5819632708629554e-07,0.0
-0.0008257151844858568,2.5819632708629554e-07,0.0
-0.0008344069240850358,2.593438664031154e-07,0.0
-0.0008344069240850358,2.593438664031154e-07,0.0
-0.0008430986637262996,2.601088926155634e-07,0.0
-0.0008430986637010487,2.6049140572141694e-07,0.0
-0.0008430986637010487,2.6049140572141694e-07,0.0
-0.0008430986637010487,2.6049140572141694e-07,0.0
-0.0008257151845616095,2.5781381398562783e-07,0.0
-0.0008257151845616095,2.5781381398562783e-07,0.0
-0.0008257151845616095,2.5781381398562783e-07,0.0
-0.0008257151845616095,2.5781381398562783e-07,0.0
-0.0008344069241607885,2.589613533024477e-07,0.0
-0.0008257151845195246,2.581963270899997e-07,0.0
-0.0008257151845195246,2.581963270899997e-07,0.0
-0.0008257151845195246,2.581963270899997e-07,0.0
-0.0008257151845195246,2.581963270899997e-07,0.0
-0.0008257151845195246,2.581963270899997e-07,0.0
-0.0008257151845195246,2.581963270899997e-07,0.0
-0.0008257151845195246,2.581963270899997e-07,0.0
-0.0008257151845195246,2.581963270899997e-07,0.0
-0.0008257151845195246,2.581963270899997e-07,0.0
-0.0008257151845195246,2.581963270899997e-07,0.0
-0.0008257151845195246,2.581963270899997e-07,0.0
-0.0008257151845195246,2.581963270899997e-07,0.0
-0.0008257151845195246,2.581963270899997e-07,0.0
-0.0008257151845195246,2.581963270899997e-07,0.0
-0.0008257151845195246,2.581963270899997e-07,0.0
-0.0008257151845195246,2.581963270899997e-07,0.0
-0.0008257151845195246,2.581963270899997e-07,0.0
-0.0008257151845195246,2.581963270899997e-07,0.0
-0.0008257151845195246,2.581963270899997e-07,0.0
-0.0008257151845195246,2.581963270899997e-07,0.0
-0.0008257151845195246,2.581963270899997e-07,0.0
-0.0008257151845195246,2.581963270899997e-07,0.0
-0.0008257151845195246,2.581963270899997e-07,0.0
-0.0008344069241187036,2.593438664068196e-07,0.0
-0.0008344069241187036,2.593438664068196e-07,0.0
-0.0008430986637599675,2.6010889261926756e-07,0.0
-0.0008344069241607885,2.589613533024477e-07,0.0
-0.0008257151846205283,2.5743130088347845e-07,0.0
-0.0008257151846205283,2.5743130088347845e-07,0.0
-0.0008257151846205283,2.5743130088347845e-07,0.0
-0.0008257151846205283,2.5743130088347845e-07,0.0
-0.0008344069242197073,2.585788402002983e-07,0.0
-0.0008344069242197073,2.585788402002983e-07,0.0
-0.0008344069242197073,2.585788402002983e-07,0.0
-0.0008344069242197073,2.585788402002983e-07,0.0
-0.0008344069242197073,2.585788402002983e-07,0.0
-0.0008344069242197073,2.585788402002983e-07,0.0
-0.0008430986638609711,2.593438664127463e-07,0.0
-0.0008430986638609711,2.593438664127463e-07,0.0
-0.0008344069242617921,2.581963270959264e-07,0.0
-0.0008257151846205283,2.5743130088347845e-07,0.0
-0.0008257151846205283,2.5743130088347845e-07,0.0
-0.0008344069242870431,2.5781381399007285e-07,0.0
-0.0008430986639619748,2.5781381399007285e-07,0.0
-0.0008517904036284896,2.5819632709666725e-07,0.0
-0.0008517904036284896,2.5819632709666725e-07,0.0
-0.0008430986639872258,2.574313008842193e-07,0.0
-0.0008430986639872258,2.574313008842193e-07,0.0
-0.0008344069243880468,2.562837615673994e-07,0.0
-0.0008430986640293106,2.570487877798474e-07,0.0
-0.0008430986640293106,2.570487877798474e-07,0.0
-0.0008430986640293106,2.570487877798474e-07,0.0
-0.0008430986640293106,2.570487877798474e-07,0.0
-0.0008430986640293106,2.570487877798474e-07,0.0
-0.0008517904036958254,2.574313008864418e-07,0.0
-0.0008517904036958254,2.574313008864418e-07,0.0
-0.0008517904036958254,2.574313008864418e-07,0.0
-0.0008430986640545616,2.566662746739938e-07,0.0
-0.0008430986640545616,2.566662746739938e-07,0.0
-0.0008430986640545616,2.566662746739938e-07,0.0
-0.0008430986640545616,2.566662746739938e-07,0.0
-0.0008517904037210764,2.570487877805882e-07,0.0
-0.0008430986640798125,2.5628376156814026e-07,0.0
-0.0008430986640798125,2.5628376156814026e-07,0.0
-0.0008430986640798125,2.5628376156814026e-07,0.0
-0.0008517904036789915,2.574313008849601e-07,0.0
-0.0008517904036789915,2.574313008849601e-07,0.0
-0.0008517904036789915,2.574313008849601e-07,0.0
-0.0008430986640377277,2.5666627467251215e-07,0.0
-0.0008430986640377277,2.5666627467251215e-07,0.0
-0.0008430986640377277,2.5666627467251215e-07,0.0
-0.0008430986640377277,2.5666627467251215e-07,0.0
-0.0008517904037042425,2.5704878777910655e-07,0.0
-0.0008517904037042425,2.5704878777910655e-07,0.0
-0.0008604821433455063,2.578138139915545e-07,0.0
-0.0008517904036789915,2.574313008849601e-07,0.0
-0.0008517904036789915,2.574313008849601e-07,0.0
-0.0008430986640377277,2.5666627467251215e-07,0.0
-0.0008430986640377277,2.5666627467251215e-07,0.0
-0.0008344069244385487,2.555187353556923e-07,0.0
-0.0008344069244385487,2.555187353556923e-07,0.0
-0.0008344069244385487,2.555187353556923e-07,0.0
-0.0008344069244385487,2.555187353556923e-07,0.0
-0.0008344069244385487,2.555187353556923e-07,0.0
-0.0008430986640798125,2.5628376156814026e-07,0.0
-0.0008344069244132977,2.5590124846154585e-07,0.0
-0.0008430986640545616,2.566662746739938e-07,0.0
-0.0008430986640545616,2.566662746739938e-07,0.0
-0.0008517904037210764,2.570487877805882e-07,0.0
-0.0008430986640798125,2.5628376156814026e-07,0.0
-0.0008517904036789915,2.574313008849601e-07,0.0
-0.0008517904036789915,2.574313008849601e-07,0.0
-0.0008430986640377277,2.5666627467251215e-07,0.0
-0.0008344069244385487,2.555187353556923e-07,0.0
-0.0008257151847972849,2.547537091432443e-07,0.0
-0.0008344069243964639,2.559012484600642e-07,0.0
-0.0008430986639367241,2.5743130087903343e-07,0.0
-0.0008430986639367241,2.5743130087903343e-07,0.0
-0.0008344069243375451,2.5628376156221357e-07,0.0
-0.0008344069243375451,2.5628376156221357e-07,0.0
-0.0008257151846962813,2.555187353497656e-07,0.0
-0.0008257151846962813,2.555187353497656e-07,0.0
-0.0008257151846962813,2.555187353497656e-07,0.0
-0.0008257151846962813,2.555187353497656e-07,0.0
-0.0008257151846962813,2.555187353497656e-07,0.0
-0.0008344069242954603,2.5666627466658546e-07,0.0
-0.0008344069242954603,2.5666627466658546e-07,0.0
-0.0008344069242954603,2.5666627466658546e-07,0.0
-0.0008344069242954603,2.5666627466658546e-07,0.0
-0.0008430986639367241,2.5743130087903343e-07,0.0
-0.0008430986639367241,2.5743130087903343e-07,0.0
-0.0008430986639367241,2.5743130087903343e-07,0.0
-0.0008430986639367241,2.5743130087903343e-07,0.0
-0.0008344069243375451,2.5628376156221357e-07,0.0
-0.0008257151846962813,2.555187353497656e-07,0.0
-0.0008257151846962813,2.555187353497656e-07,0.0
-0.0008344069242954603,2.5666627466658546e-07,0.0
-0.0008344069242954603,2.5666627466658546e-07,0.0
-0.0008344069242954603,2.5666627466658546e-07,0.0
-0.0008344069242954603,2.5666627466658546e-07,0.0
-0.0008344069242954603,2.5666627466658546e-07,0.0
-0.0008344069242954603,2.5666627466658546e-07,0.0
-0.0008344069242954603,2.5666627466658546e-07,0.0
-0.0008344069242954603,2.5666627466658546e-07,0.0
-0.0008344069242954603,2.5666627466658546e-07,0.0
-0.0008344069242954603,2.5666627466658546e-07,0.0
-0.0008344069242954603,2.5666627466658546e-07,0.0
-0.0008344069242954603,2.5666627466658546e-07,0.0
-0.0008344069242954603,2.5666627466658546e-07,0.0
-0.0008344069242954603,2.5666627466658546e-07,0.0
-0.0008344069242954603,2.5666627466658546e-07,0.0
-0.0008344069242954603,2.5666627466658546e-07,0.0
-0.0008344069242954603,2.5666627466658546e-07,0.0
-0.0008344069242954603,2.5666627466658546e-07,0.0
-0.0008344069242954603,2.5666627466658546e-07,0.0
-0.0008344069242954603,2.5666627466658546e-07,0.0
-0.0008344069242954603,2.5666627466658546e-07,0.0
-0.0008344069242954603,2.5666627466658546e-07,0.0
-0.0008344069242954603,2.5666627466658546e-07,0.0
-0.0008344069242954603,2.5666627466658546e-07,0.0
-0.0008344069242954603,2.5666627466658546e-07,0.0
-0.0008430986639367241,2.5743130087903343e-07,0.0
-0.0008430986639367241,2.5743130087903343e-07,0.0
-0.0008430986639367241,2.5743130087903343e-07,0.0
-0.0008344069243375451,2.5628376156221357e-07,0.0
-0.0008344069243375451,2.5628376156221357e-07,0.0
-0.0008344069243375451,2.5628376156221357e-07,0.0
-0.0008344069243375451,2.5628376156221357e-07,0.0
-0.0008344069243375451,2.5628376156221357e-07,0.0
-0.0008430986639788089,2.5704878777466154e-07,0.0
-0.0008430986639788089,2.5704878777466154e-07,0.0
-0.0008430986639788089,2.5704878777466154e-07,0.0
-0.0008344069243796299,2.5590124845784167e-07,0.0
-0.0008344069243796299,2.5590124845784167e-07,0.0
-0.0008344069243796299,2.5590124845784167e-07,0.0
-0.0008344069243796299,2.5590124845784167e-07,0.0
-0.0008344069243796299,2.5590124845784167e-07,0.0
-0.0008344069243796299,2.5590124845784167e-07,0.0
-0.0008344069243796299,2.5590124845784167e-07,0.0
-0.0008344069243796299,2.5590124845784167e-07,0.0
-0.0008344069243796299,2.5590124845784167e-07,0.0
-0.0008344069243796299,2.5590124845784167e-07,0.0
-0.0008344069243796299,2.5590124845784167e-07,0.0
-0.0008344069243796299,2.5590124845784167e-07,0.0
-0.0008344069243796299,2.5590124845784167e-07,0.0
-0.0008344069243796299,2.5590124845784167e-07,0.0
-0.0008344069243796299,2.5590124845784167e-07,0.0
-0.0008344069243796299,2.5590124845784167e-07,0.0
-0.0008344069243796299,2.5590124845784167e-07,0.0
-0.0008430986640208937,2.5666627467028964e-07,0.0
-0.0008430986640208937,2.5666627467028964e-07,0.0
-0.0008430986640208937,2.5666627467028964e-07,0.0
-0.0008430986640208937,2.5666627467028964e-07,0.0
-0.0008430986640208937,2.5666627467028964e-07,0.0
-0.0008344069244217147,2.555187353534698e-07,0.0
-0.0008170234451812719,2.5360616982420195e-07,0.0
-0.0008170234451812719,2.5360616982420195e-07,0.0
-0.0008170234451812719,2.5360616982420195e-07,0.0
-0.0008170234451812719,2.5360616982420195e-07,0.0
-0.0008170234451812719,2.5360616982420195e-07,0.0
-0.0008517904037715783,2.5628376156814026e-07,0.0
-0.0008604821434128421,2.570487877805882e-07,0.0
-0.0008604821434128421,2.570487877805882e-07,0.0
-0.0008604821434128421,2.570487877805882e-07,0.0
-0.0008517904037463273,2.566662746739938e-07,0.0
-0.0008344069245058845,2.54753709144726e-07,0.0
-0.0008257151849656243,2.5322365672575674e-07,0.0
-0.0008257151849656243,2.5322365672575674e-07,0.0
-0.0008257151849656243,2.5322365672575674e-07,0.0
-0.0008257151849656243,2.5322365672575674e-07,0.0
-0.0008257151849656243,2.5322365672575674e-07,0.0
-0.0008344069245648033,2.543711960425766e-07,0.0
-0.0008344069245648033,2.543711960425766e-07,0.0
-0.0008344069245648033,2.543711960425766e-07,0.0
-0.0008430986642060671,2.551362222550246e-07,0.0
-0.0008430986642060671,2.551362222550246e-07,0.0
-0.0008344069246068881,2.539886829382047e-07,0.0
-0.0008344069246068881,2.539886829382047e-07,0.0
-0.0008257151849656243,2.5322365672575674e-07,0.0
-0.0008257151849656243,2.5322365672575674e-07,0.0
-0.0008344069245648033,2.543711960425766e-07,0.0
-0.0008257151849235395,2.5360616983012864e-07,0.0
-0.0008257151849235395,2.5360616983012864e-07,0.0
-0.0008257151849235395,2.5360616983012864e-07,0.0
-0.0008257151849235395,2.5360616983012864e-07,0.0
-0.0008344069245227185,2.547537091469485e-07,0.0
-0.0008430986641639823,2.5551873535939647e-07,0.0
-0.0008517904037631613,2.5666627467621633e-07,0.0
-0.0008344069244806335,2.551362222513204e-07,0.0
-0.0008344069244806335,2.551362222513204e-07,0.0
-0.0008257151848393697,2.543711960388724e-07,0.0
-0.0008257151848393697,2.543711960388724e-07,0.0
-0.0008257151848393697,2.543711960388724e-07,0.0
-0.0008257151848393697,2.543711960388724e-07,0.0
-0.0008257151848393697,2.543711960388724e-07,0.0
-0.0008344069244385487,2.555187353556923e-07,0.0
-0.0008344069244385487,2.555187353556923e-07,0.0
-0.0008344069244385487,2.555187353556923e-07,0.0
-0.0008344069244385487,2.555187353556923e-07,0.0
-0.0008344069244385487,2.555187353556923e-07,0.0
-0.0008344069244385487,2.555187353556923e-07,0.0
-0.0008344069244385487,2.555187353556923e-07,0.0
-0.0008344069244385487,2.555187353556923e-07,0.0
-0.0008257151847972849,2.547537091432443e-07,0.0
-0.0008257151847972849,2.547537091432443e-07,0.0
-0.0008344069243964639,2.559012484600642e-07,0.0
-0.0008344069243964639,2.559012484600642e-07,0.0
-0.0008344069243964639,2.559012484600642e-07,0.0
-0.0008344069243964639,2.559012484600642e-07,0.0
-0.0008344069243964639,2.559012484600642e-07,0.0
-0.0008344069243964639,2.559012484600642e-07,0.0
-0.0008344069243964639,2.559012484600642e-07,0.0
-0.0008344069243964639,2.559012484600642e-07,0.0
-0.0008257151847552,2.551362222476162e-07,0.0
-0.0008257151847552,2.551362222476162e-07,0.0
-0.0008257151847552,2.551362222476162e-07,0.0
-0.0008257151847552,2.551362222476162e-07,0.0
-0.0008257151847552,2.551362222476162e-07,0.0
-0.0008344069243543791,2.562837615644361e-07,0.0
-0.0008344069243543791,2.562837615644361e-07,0.0
-0.0008344069243543791,2.562837615644361e-07,0.0
-0.0008344069243543791,2.562837615644361e-07,0.0
-0.0008344069243543791,2.562837615644361e-07,0.0
-0.0008344069243543791,2.562837615644361e-07,0.0
-0.0008344069243543791,2.562837615644361e-07,0.0
-0.0008344069243543791,2.562837615644361e-07,0.0
-0.0008344069243543791,2.562837615644361e-07,0.0
-0.0008344069243543791,2.562837615644361e-07,0.0
-0.0008344069243543791,2.562837615644361e-07,0.0
-0.0008344069243543791,2.562837615644361e-07,0.0
-0.0008344069243543791,2.562837615644361e-07,0.0
-0.0008344069243543791,2.562837615644361e-07,0.0
-0.0008344069243543791,2.562837615644361e-07,0.0
-0.0008344069243543791,2.562837615644361e-07,0.0
-0.0008344069243543791,2.562837615644361e-07,0.0
-0.0008344069243543791,2.562837615644361e-07,0.0
-0.0008344069243543791,2.562837615644361e-07,0.0
-0.0008344069243543791,2.562837615644361e-07,0.0
-0.0008344069243543791,2.562837615644361e-07,0.0
-0.0008344069243543791,2.562837615644361e-07,0.0
-0.0008344069243543791,2.562837615644361e-07,0.0
-0.0008344069243543791,2.562837615644361e-07,0.0
-0.0008344069243543791,2.562837615644361e-07,0.0
-0.0008344069243543791,2.562837615644361e-07,0.0
-0.0008344069243543791,2.562837615644361e-07,0.0
-0.0008344069243543791,2.562837615644361e-07,0.0
-0.0008344069243543791,2.562837615644361e-07,0.0
-0.0008344069243543791,2.562837615644361e-07,0.0
-0.0008344069243543791,2.562837615644361e-07,0.0
-0.0008344069243543791,2.562837615644361e-07,0.0
-0.0008344069243543791,2.562837615644361e-07,0.0
-0.0008344069243543791,2.562837615644361e-07,0.0
-0.0008344069243543791,2.562837615644361e-07,0.0
-0.0008344069243543791,2.562837615644361e-07,0.0
-0.0008344069243543791,2.562837615644361e-07,0.0
-0.0008344069243543791,2.562837615644361e-07,0.0
-0.0008344069243543791,2.562837615644361e-07,0.0
-0.0008344069243543791,2.562837615644361e-07,0.0
-0.0008344069243543791,2.562837615644361e-07,0.0
-0.0008344069243543791,2.562837615644361e-07,0.0
-0.0008344069243543791,2.562837615644361e-07,0.0
-0.0008344069243543791,2.562837615644361e-07,0.0
-0.0008344069243543791,2.562837615644361e-07,0.0
-0.0008257151847131152,2.555187353519881e-07,0.0
-0.0008257151847131152,2.555187353519881e-07,0.0
-0.0008344069243122942,2.5666627466880797e-07,0.0
-0.0008344069243122942,2.5666627466880797e-07,0.0
-0.0008344069243122942,2.5666627466880797e-07,0.0
-0.000825715184772034,2.551362222498387e-07,0.0
-0.000825715184772034,2.551362222498387e-07,0.0
-0.000825715184772034,2.551362222498387e-07,0.0
-0.000825715184772034,2.551362222498387e-07,0.0
-0.000825715184772034,2.551362222498387e-07,0.0
-0.000825715184772034,2.551362222498387e-07,0.0
-0.000825715184772034,2.551362222498387e-07,0.0
-0.000825715184772034,2.551362222498387e-07,0.0
-0.000825715184772034,2.551362222498387e-07,0.0
-0.000825715184772034,2.551362222498387e-07,0.0
-0.000825715184772034,2.551362222498387e-07,0.0
-0.000825715184772034,2.551362222498387e-07,0.0
-0.000825715184772034,2.551362222498387e-07,0.0
-0.000825715184772034,2.551362222498387e-07,0.0
-0.000825715184772034,2.551362222498387e-07,0.0
-0.000825715184772034,2.551362222498387e-07,0.0
-0.000825715184772034,2.551362222498387e-07,0.0
-0.000825715184772034,2.551362222498387e-07,0.0
-0.000825715184772034,2.551362222498387e-07,0.0
-0.000825715184772034,2.551362222498387e-07,0.0
-0.000825715184772034,2.551362222498387e-07,0.0
-0.000825715184772034,2.551362222498387e-07,0.0
-0.000825715184772034,2.551362222498387e-07,0.0
-0.000825715184772034,2.551362222498387e-07,0.0
-0.000825715184772034,2.551362222498387e-07,0.0
-0.000825715184772034,2.551362222498387e-07,0.0
-0.000825715184772034,2.551362222498387e-07,0.0
-0.000825715184772034,2.551362222498387e-07,0.0
-0.000825715184772034,2.551362222498387e-07,0.0
-0.000834406924371213,2.562837615666586e-07,0.0
-0.0008430986639114732,2.5781381398562783e-07,0.0
-0.0008430986639114732,2.5781381398562783e-07,0.0
-0.0008430986639114732,2.5781381398562783e-07,0.0
-0.0008344069243122942,2.5666627466880797e-07,0.0
-0.0008344069243122942,2.5666627466880797e-07,0.0
-0.0008344069243122942,2.5666627466880797e-07,0.0
-0.0008344069243122942,2.5666627466880797e-07,0.0
-0.0008344069243122942,2.5666627466880797e-07,0.0
-0.000825715184772034,2.551362222498387e-07,0.0
-0.000825715184772034,2.551362222498387e-07,0.0
-0.000825715184772034,2.551362222498387e-07,0.0
-0.000825715184772034,2.551362222498387e-07,0.0
-0.000825715184772034,2.551362222498387e-07,0.0
-0.000825715184772034,2.551362222498387e-07,0.0
-0.000825715184772034,2.551362222498387e-07,0.0
-0.000825715184772034,2.551362222498387e-07,0.0
-0.000834406924371213,2.562837615666586e-07,0.0
-0.0008257151847299492,2.555187353542106e-07,0.0
-0.0008257151847299492,2.555187353542106e-07,0.0
-0.0008257151847299492,2.555187353542106e-07,0.0
-0.0008257151847299492,2.555187353542106e-07,0.0
-0.0008257151847299492,2.555187353542106e-07,0.0
-0.0008257151847299492,2.555187353542106e-07,0.0
-0.0008257151847299492,2.555187353542106e-07,0.0
-0.0008344069243291282,2.566662746710305e-07,0.0
-0.000843098663970392,2.5743130088347845e-07,0.0
-0.000851790403569571,2.585788402002983e-07,0.0
-0.0008517904034938183,2.589613532994843e-07,0.0
-0.0008517904034938183,2.589613532994843e-07,0.0
-0.0008430986641218976,2.566662746858473e-07,0.0
-0.0008344069246573901,2.5475370916769207e-07,0.0
-0.0008344069246573901,2.5475370916769207e-07,0.0
-0.0008344069246573901,2.5475370916769207e-07,0.0
-0.0008344069246573901,2.5475370916769207e-07,0.0
-0.0008344069246573901,2.5475370916769207e-07,0.0
-0.0008344069246573901,2.5475370916769207e-07,0.0
-0.0008344069246573901,2.5475370916769207e-07,0.0
-0.0008344069246573901,2.5475370916769207e-07,0.0
-0.0008344069246573901,2.5475370916769207e-07,0.0
-0.0008344069246573901,2.5475370916769207e-07,0.0
-0.0008344069246573901,2.5475370916769207e-07,0.0
-0.0008344069246573901,2.5475370916769207e-07,0.0
-0.0008344069246573901,2.5475370916769207e-07,0.0
-0.0008344069246573901,2.5475370916769207e-07,0.0
-0.0008344069246573901,2.5475370916769207e-07,0.0
-0.0008344069246573901,2.5475370916769207e-07,0.0
-0.0008344069246573901,2.5475370916769207e-07,0.0
-0.0008344069246573901,2.5475370916769207e-07,0.0
-0.0008344069246573901,2.5475370916769207e-07,0.0
-0.0008344069246573901,2.5475370916769207e-07,0.0
-0.0008344069246573901,2.5475370916769207e-07,0.0
-0.0008344069246573901,2.5475370916769207e-07,0.0
-0.0008344069246573901,2.5475370916769207e-07,0.0
-0.0008344069246573901,2.5475370916769207e-07,0.0
-0.0008344069246573901,2.5475370916769207e-07,0.0
-0.0008344069246573901,2.5475370916769207e-07,0.0
-0.0008344069246573901,2.5475370916769207e-07,0.0
-0.0008344069246573901,2.5475370916769207e-07,0.0
-0.0008344069246573901,2.5475370916769207e-07,0.0
-0.0008344069246573901,2.5475370916769207e-07,0.0
-0.0008344069246573901,2.5475370916769207e-07,0.0
-0.0008344069246573901,2.5475370916769207e-07,0.0
-0.0008344069246573901,2.5475370916769207e-07,0.0
-0.0008344069246573901,2.5475370916769207e-07,0.0
-0.0008344069246573901,2.5475370916769207e-07,0.0
-0.0008344069246573901,2.5475370916769207e-07,0.0
-0.0008344069246573901,2.5475370916769207e-07,0.0
-0.0008344069246573901,2.5475370916769207e-07,0.0
-0.0008344069246573901,2.5475370916769207e-07,0.0
-0.0008344069246573901,2.5475370916769207e-07,0.0
-0.0008344069246573901,2.5475370916769207e-07,0.0
-0.0008344069246573901,2.5475370916769207e-07,0.0
-0.0008344069246573901,2.5475370916769207e-07,0.0
-0.0008344069246573901,2.5475370916769207e-07,0.0
-0.0008430986641976504,2.562837615866613e-07,0.0
-0.0008430986641976504,2.562837615866613e-07,0.0
-0.0008430986641976504,2.562837615866613e-07,0.0
-0.0008344069247331429,2.543711960685061e-07,0.0
-0.0008344069247331429,2.543711960685061e-07,0.0
-0.0008344069247331429,2.543711960685061e-07,0.0
-0.0008344069247331429,2.543711960685061e-07,0.0
-0.0008344069247331429,2.543711960685061e-07,0.0
-0.0008344069247331429,2.543711960685061e-07,0.0
-0.0008344069247331429,2.543711960685061e-07,0.0
-0.0008344069247331429,2.543711960685061e-07,0.0
-0.0008344069247331429,2.543711960685061e-07,0.0
-0.0008344069247331429,2.543711960685061e-07,0.0
-0.0008344069247331429,2.543711960685061e-07,0.0
-0.0008344069247331429,2.543711960685061e-07,0.0
-0.0008344069247331429,2.543711960685061e-07,0.0
-0.0008344069247331429,2.543711960685061e-07,0.0
-0.0008344069247331429,2.543711960685061e-07,0.0
-0.0008344069247331429,2.543711960685061e-07,0.0
-0.0008344069247331429,2.543711960685061e-07,0.0
-0.0008344069247331429,2.543711960685061e-07,0.0
-0.0008344069247331429,2.543711960685061e-07,0.0
-0.0008344069247331429,2.543711960685061e-07,0.0
-0.0008344069247331429,2.543711960685061e-07,0.0
-0.0008344069247331429,2.543711960685061e-07,0.0
-0.0008344069247331429,2.543711960685061e-07,0.0
-0.0008344069247331429,2.543711960685061e-07,0.0
-0.0008344069247331429,2.543711960685061e-07,0.0
-0.0008344069247331429,2.543711960685061e-07,0.0
-0.0008344069247331429,2.543711960685061e-07,0.0
-0.0008344069247331429,2.543711960685061e-07,0.0
-0.0008344069247331429,2.543711960685061e-07,0.0
-0.0008344069247331429,2.543711960685061e-07,0.0
-0.0008344069247331429,2.543711960685061e-07,0.0
-0.0008344069247331429,2.543711960685061e-07,0.0
-0.0008344069247331429,2.543711960685061e-07,0.0
-0.0008344069247331429,2.543711960685061e-07,0.0
-0.0008344069247331429,2.543711960685061e-07,0.0
-0.0008344069247331429,2.543711960685061e-07,0.0
-0.0008344069247331429,2.543711960685061e-07,0.0
-0.0008344069247331429,2.543711960685061e-07,0.0
-0.0008344069247331429,2.543711960685061e-07,0.0
-0.0008344069247331429,2.543711960685061e-07,0.0
-0.0008344069247331429,2.543711960685061e-07,0.0
-0.0008344069247331429,2.543711960685061e-07,0.0
-0.0008344069247331429,2.543711960685061e-07,0.0
-0.0008344069247331429,2.543711960685061e-07,0.0
-0.0008257151851928827,2.5284114364953684e-07,0.0
-0.0008257151851928827,2.5284114364953684e-07,0.0
-0.0008430986643323219,2.5551873538532595e-07,0.0
-0.0008604821435727648,2.574313009145938e-07,0.0
-0.0008778656229142113,2.578138140211882e-07,0.0
-0.00089524910222199,2.566662747021458e-07,0.0
-0.0008865573625554752,2.570487878087402e-07,0.0
-0.0008778656229142113,2.578138140211882e-07,0.0
-0.0008691738832476965,2.581963271277826e-07,0.0
-0.0008604821435727648,2.581963271277826e-07,0.0
-0.0008604821435727648,2.581963271277826e-07,0.0
-0.0008604821435727648,2.581963271277826e-07,0.0
-0.0008604821435727648,2.581963271277826e-07,0.0
-0.0008604821435727648,2.581963271277826e-07,0.0
-0.00085179040390625,2.578138140211882e-07,0.0
-0.00085179040390625,2.578138140211882e-07,0.0
-0.0008430986642313182,2.578138140211882e-07,0.0
-0.0008430986642313182,2.578138140211882e-07,0.0
-0.000851790403897833,2.581963271277826e-07,0.0
-0.0008604821435390968,2.5896135334023055e-07,0.0
-0.0008778656228805434,2.5934386644682495e-07,0.0
-0.0008778656228805434,2.5934386644682495e-07,0.0
-0.0008778656228805434,2.5934386644682495e-07,0.0
-0.0008691738832140286,2.5972637955341936e-07,0.0
-0.0008604821435390968,2.5972637955341936e-07,0.0
-0.0008604821435390968,2.5972637955341936e-07,0.0
-0.0008604821435390968,2.5972637955341936e-07,0.0
-0.0008604821435390968,2.5972637955341936e-07,0.0
-0.0008604821435390968,2.5972637955341936e-07,0.0
-0.0008604821435390968,2.5972637955341936e-07,0.0
-0.0008604821435390968,2.5972637955341936e-07,0.0
-0.0008604821435390968,2.5972637955341936e-07,0.0
-0.0008604821435390968,2.5972637955341936e-07,0.0
-0.0008604821435390968,2.5972637955341936e-07,0.0
-0.0008604821435390968,2.5972637955341936e-07,0.0
-0.000851790403872582,2.5934386644682495e-07,0.0
-0.000851790403872582,2.5934386644682495e-07,0.0
-0.0008604821435475138,2.5934386644682495e-07,0.0
-0.0008604821435475138,2.5934386644682495e-07,0.0
-0.0008604821435475138,2.5934386644682495e-07,0.0
-0.0008604821435475138,2.5934386644682495e-07,0.0
-0.0008604821435475138,2.5934386644682495e-07,0.0
-0.0008604821435475138,2.5934386644682495e-07,0.0
-0.0008604821435475138,2.5934386644682495e-07,0.0
-0.0008691738832140286,2.5972637955341936e-07,0.0
-0.0008604821435390968,2.5972637955341936e-07,0.0
-0.0008604821435390968,2.5972637955341936e-07,0.0
-0.0008604821435390968,2.5972637955341936e-07,0.0
-0.0008604821435390968,2.5972637955341936e-07,0.0
-0.000851790403872582,2.5934386644682495e-07,0.0
-0.0008430986641976502,2.5934386644682495e-07,0.0
-0.000851790403864165,2.5972637955341936e-07,0.0
-0.000851790403864165,2.5972637955341936e-07,0.0
-0.0008604821435054289,2.604914057658673e-07,0.0
-0.0008691738831719437,2.6087391887246173e-07,0.0
-0.0008691738831719437,2.6087391887246173e-07,0.0
-0.0008691738831719437,2.6087391887246173e-07,0.0
-0.0008604821434970119,2.6087391887246173e-07,0.0
-0.0008604821434970119,2.6087391887246173e-07,0.0
-0.0008604821434970119,2.6087391887246173e-07,0.0
-0.0008430986641555653,2.604914057658673e-07,0.0
-0.0008430986641555653,2.604914057658673e-07,0.0
-0.0008430986641555653,2.604914057658673e-07,0.0
-0.0008517904038220801,2.6087391887246173e-07,0.0
-0.0008517904038220801,2.6087391887246173e-07,0.0
-0.0008517904038220801,2.6087391887246173e-07,0.0
-0.0008604821434633439,2.616389450849097e-07,0.0
-0.0008604821434633439,2.616389450849097e-07,0.0
-0.0008604821434633439,2.616389450849097e-07,0.0
-0.0008604821434633439,2.616389450849097e-07,0.0
-0.0008604821434633439,2.616389450849097e-07,0.0
-0.0008604821434633439,2.616389450849097e-07,0.0
-0.0008604821434633439,2.616389450849097e-07,0.0
-0.0008604821434633439,2.616389450849097e-07,0.0
-0.0008604821434633439,2.616389450849097e-07,0.0
-0.0008604821434633439,2.616389450849097e-07,0.0
-0.0008517904037968291,2.612564319783153e-07,0.0
-0.0008517904037968291,2.612564319783153e-07,0.0
-0.0008517904037968291,2.612564319783153e-07,0.0
-0.0008517904037884122,2.616389450849097e-07,0.0
-0.0008517904037884122,2.616389450849097e-07,0.0
-0.000860482143429676,2.6240397129735766e-07,0.0
-0.000851790403830497,2.612564319805378e-07,0.0
-0.000851790403830497,2.612564319805378e-07,0.0
-0.0008604821434717608,2.6202145819298577e-07,0.0
-0.000851790403805246,2.6163894508639137e-07,0.0
-0.000851790403805246,2.6163894508639137e-07,0.0
-0.000851790403805246,2.6163894508639137e-07,0.0
-0.0008604821434801778,2.6163894508639137e-07,0.0
-0.0008604821434801778,2.6163894508639137e-07,0.0
-0.0008604821434801778,2.6163894508639137e-07,0.0
-0.0008604821434801778,2.6163894508639137e-07,0.0
-0.000851790403813663,2.6125643197979697e-07,0.0
-0.000851790403813663,2.6125643197979697e-07,0.0
-0.000851790403813663,2.6125643197979697e-07,0.0
-0.0008604821434549268,2.6202145819224493e-07,0.0
-0.0008604821434549268,2.6202145819224493e-07,0.0
-0.0008604821434549268,2.6202145819224493e-07,0.0
-0.0008604821434549268,2.6202145819224493e-07,0.0
-0.0008604821434549268,2.6202145819224493e-07,0.0
-0.0008604821434549268,2.6202145819224493e-07,0.0
-0.0008604821434549268,2.6202145819224493e-07,0.0
-0.0008604821434549268,2.6202145819224493e-07,0.0
-0.0008604821434549268,2.6202145819224493e-07,0.0
-0.0008604821434549268,2.6202145819224493e-07,0.0
-0.0008604821434549268,2.6202145819224493e-07,0.0
-0.0008604821434549268,2.6202145819224493e-07,0.0
-0.0008604821434549268,2.6202145819224493e-07,0.0
-0.0008604821434549268,2.6202145819224493e-07,0.0
-0.000851790403788412,2.6163894508565053e-07,0.0
-0.000851790403788412,2.6163894508565053e-07,0.0
-0.0008604821434633438,2.6163894508565053e-07,0.0
-0.0008604821434633438,2.6163894508565053e-07,0.0
-0.0008604821434633438,2.6163894508565053e-07,0.0
-0.0008604821434633438,2.6163894508565053e-07,0.0
-0.0008604821434633438,2.6163894508565053e-07,0.0
-0.0008604821434633438,2.6163894508565053e-07,0.0
-0.0008604821434633438,2.6163894508565053e-07,0.0
-0.0008604821434633438,2.6163894508565053e-07,0.0
-0.0008604821434633438,2.6163894508565053e-07,0.0
-0.0008604821434633438,2.6163894508565053e-07,0.0
-0.0008604821434633438,2.6163894508565053e-07,0.0
-0.0008604821434633438,2.6163894508565053e-07,0.0
-0.0008604821434633438,2.6163894508565053e-07,0.0
-0.0008604821434633438,2.6163894508565053e-07,0.0
-0.0008604821434633438,2.6163894508565053e-07,0.0
-0.0008604821434633438,2.6163894508565053e-07,0.0
-0.0008604821434633438,2.6163894508565053e-07,0.0
-0.0008604821434633438,2.6163894508565053e-07,0.0
-0.0008691738831298586,2.6202145819224493e-07,0.0
-0.0008691738831298586,2.6202145819224493e-07,0.0
-0.0008604821434549268,2.6202145819224493e-07,0.0
-0.0008604821434549268,2.6202145819224493e-07,0.0
-0.0008604821434549268,2.6202145819224493e-07,0.0
-0.0008430986641471482,2.6087391887320256e-07,0.0
-0.0008430986641471482,2.6087391887320256e-07,0.0
-0.0008604821434801778,2.6163894508639137e-07,0.0
-0.0008691738831466926,2.6202145819298577e-07,0.0
-0.0008778656228216244,2.6202145819298577e-07,0.0
-0.0008778656228216244,2.6202145819298577e-07,0.0
-0.0008778656228216244,2.6202145819298577e-07,0.0
-0.0008865573624881392,2.6163894508639137e-07,0.0
-0.0008778656228468753,2.6240397129883934e-07,0.0
-0.0008691738831803605,2.6278648440543374e-07,0.0
-0.0008604821435054288,2.6278648440543374e-07,0.0
-0.0008604821435054288,2.6278648440543374e-07,0.0
-0.0008604821435054288,2.6278648440543374e-07,0.0
-0.0008604821435054288,2.6278648440543374e-07,0.0
-0.000851790403838914,2.6240397129883934e-07,0.0
-0.000851790403838914,2.6240397129883934e-07,0.0
-0.0008604821435138458,2.6240397129883934e-07,0.0
-0.0008691738831803605,2.6202145819224493e-07,0.0
-0.0008691738831803605,2.6202145819224493e-07,0.0
-0.0008778656228552923,2.6202145819224493e-07,0.0
-0.0008865573625218071,2.6163894508565053e-07,0.0
-0.0008778656228805433,2.624039712980985e-07,0.0
-0.0008778656228805433,2.624039712980985e-07,0.0
-0.0008691738832140285,2.627864844046929e-07,0.0
-0.0008691738832140285,2.627864844046929e-07,0.0
-0.0008691738832140285,2.627864844046929e-07,0.0
-0.0008691738832140285,2.627864844046929e-07,0.0
-0.0008691738832140285,2.627864844046929e-07,0.0
-0.0008691738832140285,2.627864844046929e-07,0.0
-0.0008691738832140285,2.627864844046929e-07,0.0
-0.0008691738832140285,2.627864844046929e-07,0.0
-0.0008691738832140285,2.627864844046929e-07,0.0
-0.0008691738832140285,2.627864844046929e-07,0.0
-0.0008778656228889603,2.627864844046929e-07,0.0
-0.0008778656228889603,2.627864844046929e-07,0.0
-0.0008691738832224455,2.631689975112873e-07,0.0
-0.0008691738832224455,2.631689975112873e-07,0.0
-0.0008691738832224455,2.631689975112873e-07,0.0
-0.0008778656228973773,2.631689975112873e-07,0.0
-0.0008778656228973773,2.631689975112873e-07,0.0
-0.0008691738832308625,2.635515106178817e-07,0.0
-0.0008691738832308625,2.635515106178817e-07,0.0
-0.0008691738832308625,2.635515106178817e-07,0.0
-0.0008691738832308625,2.635515106178817e-07,0.0
-0.0008691738832308625,2.635515106178817e-07,0.0
-0.0008691738832308625,2.635515106178817e-07,0.0
-0.0008691738832308625,2.635515106178817e-07,0.0
-0.0008691738832308625,2.635515106178817e-07,0.0
-0.0008691738832308625,2.635515106178817e-07,0.0
-0.0008691738832308625,2.635515106178817e-07,0.0
-0.0008691738832308625,2.635515106178817e-07,0.0
-0.0008691738832308625,2.635515106178817e-07,0.0
-0.0008691738832308625,2.635515106178817e-07,0.0
-0.0008691738832308625,2.635515106178817e-07,0.0
-0.0008691738832308625,2.635515106178817e-07,0.0
-0.0008691738832308625,2.635515106178817e-07,0.0
-0.0008691738832308625,2.635515106178817e-07,0.0
-0.0008691738832308625,2.635515106178817e-07,0.0
-0.0008691738832308625,2.635515106178817e-07,0.0
-0.0008691738832308625,2.635515106178817e-07,0.0
-0.0008691738832308625,2.635515106178817e-07,0.0
-0.0008691738832308625,2.635515106178817e-07,0.0
-0.0008691738832308625,2.635515106178817e-07,0.0
-0.0008691738832308625,2.635515106178817e-07,0.0
-0.0008691738832308625,2.635515106178817e-07,0.0
-0.0008691738832308625,2.635515106178817e-07,0.0
-0.0008691738832308625,2.635515106178817e-07,0.0
-0.0008691738832308625,2.635515106178817e-07,0.0
-0.0008691738832308625,2.635515106178817e-07,0.0
-0.0008691738832308625,2.635515106178817e-07,0.0
-0.0008691738832308625,2.635515106178817e-07,0.0
-0.0008691738832308625,2.635515106178817e-07,0.0
-0.0008691738832308625,2.635515106178817e-07,0.0
-0.0008691738832308625,2.635515106178817e-07,0.0
-0.0008691738832308625,2.635515106178817e-07,0.0
-0.0008691738832308625,2.635515106178817e-07,0.0
-0.0008691738832308625,2.635515106178817e-07,0.0
-0.0008691738832308625,2.635515106178817e-07,0.0
-0.0008691738832308625,2.635515106178817e-07,0.0
-0.0008691738832308625,2.635515106178817e-07,0.0
-0.0008691738832308625,2.635515106178817e-07,0.0
-0.0008691738832308625,2.635515106178817e-07,0.0
-0.0008691738832308625,2.635515106178817e-07,0.0
-0.0008691738832308625,2.635515106178817e-07,0.0
-0.0008691738832308625,2.635515106178817e-07,0.0
-0.0008691738832308625,2.635515106178817e-07,0.0
-0.0008691738832308625,2.635515106178817e-07,0.0
-0.0008691738832308625,2.635515106178817e-07,0.0
-0.0008691738832308625,2.635515106178817e-07,0.0
-0.0008691738832308625,2.635515106178817e-07,0.0
-0.0008691738832308625,2.635515106178817e-07,0.0
-0.0008691738832308625,2.635515106178817e-07,0.0
-0.0008691738832308625,2.635515106178817e-07,0.0
-0.0008691738832308625,2.635515106178817e-07,0.0
-0.0008691738832308625,2.635515106178817e-07,0.0
-0.0008691738832308625,2.635515106178817e-07,0.0
-0.0008691738832308625,2.635515106178817e-07,0.0
-0.0008691738832308625,2.635515106178817e-07,0.0
-0.0008691738832308625,2.635515106178817e-07,0.0
-0.0008691738832308625,2.635515106178817e-07,0.0
-0.0008691738832308625,2.635515106178817e-07,0.0
-0.0008691738832308625,2.635515106178817e-07,0.0
-0.0008691738832308625,2.635515106178817e-07,0.0
-0.0008691738832308625,2.635515106178817e-07,0.0
-0.0008691738832308625,2.635515106178817e-07,0.0
-0.0008691738832308625,2.635515106178817e-07,0.0
-0.0008691738832308625,2.635515106178817e-07,0.0
-0.0008691738832308625,2.635515106178817e-07,0.0
-0.0008691738832308625,2.635515106178817e-07,0.0
-0.0008691738832308625,2.635515106178817e-07,0.0
-0.0008691738832308625,2.635515106178817e-07,0.0
-0.0008691738832308625,2.635515106178817e-07,0.0
-0.0008691738832308625,2.635515106178817e-07,0.0
-0.0008691738832308625,2.635515106178817e-07,0.0
-0.0008691738832308625,2.635515106178817e-07,0.0
-0.0008691738832308625,2.635515106178817e-07,0.0
-0.0008691738832308625,2.635515106178817e-07,0.0
-0.0008691738832308625,2.635515106178817e-07,0.0
-0.0008691738832308625,2.635515106178817e-07,0.0
-0.0008691738832308625,2.635515106178817e-07,0.0
-0.0008691738832308625,2.635515106178817e-07,0.0
-0.0008691738832308625,2.635515106178817e-07,0.0
-0.0008691738832308625,2.635515106178817e-07,0.0
-0.0008691738832308625,2.635515106178817e-07,0.0
-0.0008691738832308625,2.635515106178817e-07,0.0
-0.0008691738832308625,2.635515106178817e-07,0.0
-0.0008691738832308625,2.635515106178817e-07,0.0
-0.0008691738832308625,2.635515106178817e-07,0.0
-0.0008691738832308625,2.635515106178817e-07,0.0
-0.0008691738832308625,2.635515106178817e-07,0.0
-0.0008691738832308625,2.635515106178817e-07,0.0
-0.0008691738832308625,2.635515106178817e-07,0.0
-0.0008691738832308625,2.635515106178817e-07,0.0
-0.0008691738832308625,2.635515106178817e-07,0.0
-0.0008691738832308625,2.635515106178817e-07,0.0
-0.0008691738832308625,2.635515106178817e-07,0.0
-0.0008691738832308625,2.635515106178817e-07,0.0
-0.0008691738832308625,2.635515106178817e-07,0.0
-0.0008691738832308625,2.635515106178817e-07,0.0
-0.0008691738832308625,2.635515106178817e-07,0.0
-0.0008691738832308625,2.635515106178817e-07,0.0
-0.0008691738832308625,2.635515106178817e-07,0.0
-0.0008691738832308625,2.635515106178817e-07,0.0
-0.0008691738832308625,2.635515106178817e-07,0.0
-0.0008691738832308625,2.635515106178817e-07,0.0
-0.0008691738832308625,2.635515106178817e-07,0.0
-0.0008691738832308625,2.635515106178817e-07,0.0
-0.0008691738832308625,2.635515106178817e-07,0.0
-0.0008691738832308625,2.635515106178817e-07,0.0
-0.0008691738832308625,2.635515106178817e-07,0.0
-0.0008691738832308625,2.635515106178817e-07,0.0
-0.0008691738832308625,2.635515106178817e-07,0.0
-0.0008691738832308625,2.635515106178817e-07,0.0
-0.0008691738832308625,2.635515106178817e-07,0.0
-0.0008691738832308625,2.635515106178817e-07,0.0
-0.0008691738832308625,2.635515106178817e-07,0.0
-0.0008691738832308625,2.635515106178817e-07,0.0
-0.0008691738832308625,2.635515106178817e-07,0.0
-0.0008691738832308625,2.635515106178817e-07,0.0
-0.0008691738832308625,2.635515106178817e-07,0.0
-0.0008691738832308625,2.635515106178817e-07,0.0
-0.0008691738832308625,2.635515106178817e-07,0.0
-0.0008691738832308625,2.635515106178817e-07,0.0
-0.0008691738832308625,2.635515106178817e-07,0.0
-0.0008691738832308625,2.635515106178817e-07,0.0
-0.0008691738832308625,2.635515106178817e-07,0.0
-0.0008691738832308625,2.635515106178817e-07,0.0
-0.0008691738832308625,2.635515106178817e-07,0.0
-0.0008691738832308625,2.635515106178817e-07,0.0
-0.0008691738832308625,2.635515106178817e-07,0.0
-0.0008691738832308625,2.635515106178817e-07,0.0
-0.0008778656229057942,2.635515106178817e-07,0.0
-0.0008778656229057942,2.635515106178817e-07,0.0
-0.0008778656229057942,2.635515106178817e-07,0.0
-0.0008778656229057942,2.635515106178817e-07,0.0
-0.0008778656229057942,2.635515106178817e-07,0.0
-0.000886557362572309,2.631689975112873e-07,0.0
-0.0008778656228973773,2.631689975112873e-07,0.0
-0.0008952491022051559,2.643165368303297e-07,0.0
-0.0009039408418716707,2.646990499369241e-07,0.0
-0.0009126325815466025,2.646990499369241e-07,0.0
-0.0009473995401874107,2.6278648440469285e-07,0.0
-0.0009647830191585104,2.5934386647423595e-07,0.0
-0.0009734747578149884,2.551362224646826e-07,0.0
-0.0009908582345303394,2.4557339528136944e-07,0.0
-0.0009647830197897833,2.604914056199213e-07,0.0
-0.0009560912811333053,2.646990496294747e-07,0.0
-0.0009560912811333053,2.646990496294747e-07,0.0
-0.0009560912811333053,2.646990496294747e-07,0.0
-0.0009560912811333053,2.646990496294747e-07,0.0
-0.0009560912811333053,2.646990496294747e-07,0.0
-0.0009560912811333053,2.646990496294747e-07,0.0
-0.0009647830199665398,2.608739186857694e-07,0.0
-0.0009647830199665398,2.608739186857694e-07,0.0
-0.0009560912809733829,2.643165365562181e-07,0.0
-0.0009560912809733829,2.643165365562181e-07,0.0
-0.0009560912809733829,2.643165365562181e-07,0.0
-0.0009560912809733829,2.643165365562181e-07,0.0
-0.0009560912809733829,2.643165365562181e-07,0.0
-0.0009560912809733829,2.643165365562181e-07,0.0
-0.0009560912809733829,2.643165365562181e-07,0.0
-0.0009560912809733829,2.643165365562181e-07,0.0
-0.0009560912809733829,2.643165365562181e-07,0.0
-0.0009560912809733829,2.643165365562181e-07,0.0
-0.0009560912809733829,2.643165365562181e-07,0.0
-0.0009560912809733829,2.643165365562181e-07,0.0
-0.0009560912809733829,2.643165365562181e-07,0.0
-0.0009560912809733829,2.643165365562181e-07,0.0
-0.0009560912809733829,2.643165365562181e-07,0.0
-0.0009560912809733829,2.643165365562181e-07,0.0
-0.0009560912809733829,2.643165365562181e-07,0.0
-0.0009560912809733829,2.643165365562181e-07,0.0
-0.0009560912809733829,2.643165365562181e-07,0.0
-0.0009560912809733829,2.643165365562181e-07,0.0
-0.0009560912809733829,2.643165365562181e-07,0.0
-0.0009560912809733829,2.643165365562181e-07,0.0
-0.0009560912809733829,2.643165365562181e-07,0.0
-0.0009560912809733829,2.643165365562181e-07,0.0
-0.0009560912809733829,2.643165365562181e-07,0.0
-0.0009560912809733829,2.643165365562181e-07,0.0
-0.0009560912809733829,2.643165365562181e-07,0.0
-0.0009560912809733829,2.643165365562181e-07,0.0
-0.0009560912809733829,2.643165365562181e-07,0.0
-0.0009560912809733829,2.643165365562181e-07,0.0
-0.0009560912809733829,2.643165365562181e-07,0.0
-0.0009560912809733829,2.643165365562181e-07,0.0
-0.0009560912809733829,2.643165365562181e-07,0.0
-0.0009560912809733829,2.643165365562181e-07,0.0
-0.0009560912809733829,2.643165365562181e-07,0.0
-0.0009560912809733829,2.643165365562181e-07,0.0
-0.0009560912809733829,2.643165365562181e-07,0.0
-0.0009560912809733829,2.643165365562181e-07,0.0
-0.0009560912809733829,2.643165365562181e-07,0.0
-0.0009560912809733829,2.643165365562181e-07,0.0
-0.0009560912809733829,2.643165365562181e-07,0.0
-0.0009560912809733829,2.643165365562181e-07,0.0
-0.0009560912809733829,2.643165365562181e-07,0.0
-0.0009560912809733829,2.643165365562181e-07,0.0
-0.0009560912809733829,2.643165365562181e-07,0.0
-0.0009560912809733829,2.643165365562181e-07,0.0
-0.0009560912809733829,2.643165365562181e-07,0.0
-0.0009560912809733829,2.643165365562181e-07,0.0
-0.0009560912809733829,2.643165365562181e-07,0.0
-0.0009560912809733829,2.643165365562181e-07,0.0
-0.0009560912809733829,2.643165365562181e-07,0.0
-0.0009560912809733829,2.643165365562181e-07,0.0
-0.0009560912809733829,2.643165365562181e-07,0.0
-0.0009560912809733829,2.643165365562181e-07,0.0
-0.0009560912809733829,2.643165365562181e-07,0.0
-0.0009560912809733829,2.643165365562181e-07,0.0
-0.0009560912809733829,2.643165365562181e-07,0.0
-0.0009560912809733829,2.643165365562181e-07,0.0
-0.0009560912809733829,2.643165365562181e-07,0.0
-0.0009560912809733829,2.643165365562181e-07,0.0
-0.0009560912809733829,2.643165365562181e-07,0.0
-0.0009560912809733829,2.643165365562181e-07,0.0
-0.0009560912809733829,2.643165365562181e-07,0.0
-0.0009560912809733829,2.643165365562181e-07,0.0
-0.0009560912809733829,2.643165365562181e-07,0.0
-0.0009560912809733829,2.643165365562181e-07,0.0
-0.0009560912809733829,2.643165365562181e-07,0.0
-0.0009560912809733829,2.643165365562181e-07,0.0
-0.0009560912809733829,2.643165365562181e-07,0.0
-0.0009560912809733829,2.643165365562181e-07,0.0
-0.0009560912809733829,2.643165365562181e-07,0.0
-0.0009560912809733829,2.643165365562181e-07,0.0
-0.0009560912809733829,2.643165365562181e-07,0.0
-0.0009560912809733829,2.643165365562181e-07,0.0
-0.0009560912809733829,2.643165365562181e-07,0.0
-0.0009560912809733829,2.643165365562181e-07,0.0
-0.0009560912809733829,2.643165365562181e-07,0.0
-0.0009560912809733829,2.643165365562181e-07,0.0
-0.0009560912809733829,2.643165365562181e-07,0.0
-0.0009560912809733829,2.643165365562181e-07,0.0
-0.0009560912809733829,2.643165365562181e-07,0.0
-0.0009560912809733829,2.643165365562181e-07,0.0
-0.0009560912809733829,2.643165365562181e-07,0.0
-0.0009560912809733829,2.643165365562181e-07,0.0
-0.0009560912809733829,2.643165365562181e-07,0.0
-0.0009560912809733829,2.643165365562181e-07,0.0
-0.0009560912809733829,2.643165365562181e-07,0.0
-0.0009560912809733829,2.643165365562181e-07,0.0
-0.0009560912809733829,2.643165365562181e-07,0.0
-0.0009560912809733829,2.643165365562181e-07,0.0
-0.0009560912809733829,2.643165365562181e-07,0.0
-0.0009560912809733829,2.643165365562181e-07,0.0
-0.0009560912809733829,2.643165365562181e-07,0.0
-0.0009560912809733829,2.643165365562181e-07,0.0
-0.0009560912809733829,2.643165365562181e-07,0.0
-0.0009560912809733829,2.643165365562181e-07,0.0
-0.0009560912809733829,2.643165365562181e-07,0.0
-0.0009560912809733829,2.643165365562181e-07,0.0
-0.0009560912809733829,2.643165365562181e-07,0.0
-0.0009560912809733829,2.643165365562181e-07,0.0
-0.0009560912809733829,2.643165365562181e-07,0.0
-0.0009560912809733829,2.643165365562181e-07,0.0
-0.0009560912809733829,2.643165365562181e-07,0.0
-0.0009560912809733829,2.643165365562181e-07,0.0
-0.0009560912809733829,2.643165365562181e-07,0.0
-0.0009560912809733829,2.643165365562181e-07,0.0
-0.0009560912809733829,2.643165365562181e-07,0.0
-0.0009560912809733829,2.643165365562181e-07,0.0
-0.0009560912809733829,2.643165365562181e-07,0.0
-0.0009560912809733829,2.643165365562181e-07,0.0
-0.0009560912809733829,2.643165365562181e-07,0.0
-0.0009560912809733829,2.643165365562181e-07,0.0
-0.0009560912809733829,2.643165365562181e-07,0.0
-0.0009560912809733829,2.643165365562181e-07,0.0
-0.0009560912809733829,2.643165365562181e-07,0.0
-0.0009560912809733829,2.643165365562181e-07,0.0
-0.0009560912809733829,2.643165365562181e-07,0.0
-0.0009560912809733829,2.643165365562181e-07,0.0
-0.0009560912809733829,2.643165365562181e-07,0.0
-0.0009560912809733829,2.643165365562181e-07,0.0
-0.0009560912809733829,2.643165365562181e-07,0.0
-0.0009560912809733829,2.643165365562181e-07,0.0
-0.0009560912809733829,2.643165365562181e-07,0.0
-0.0009560912809733829,2.643165365562181e-07,0.0
-0.0009560912809733829,2.643165365562181e-07,0.0
-0.0009560912809733829,2.643165365562181e-07,0.0
-0.0009560912809733829,2.643165365562181e-07,0.0
-0.0009560912809733829,2.643165365562181e-07,0.0
-0.0009560912809733829,2.643165365562181e-07,0.0
-0.0009560912809733829,2.643165365562181e-07,0.0
-0.0009560912809733829,2.643165365562181e-07,0.0
-0.0009560912809733829,2.643165365562181e-07,0.0
-0.0009560912809733829,2.643165365562181e-07,0.0
-0.0009560912809733829,2.643165365562181e-07,0.0
-0.0009560912809733829,2.643165365562181e-07,0.0
-0.0009560912809733829,2.643165365562181e-07,0.0
-0.0009560912809733829,2.643165365562181e-07,0.0
-0.0009560912809733829,2.643165365562181e-07,0.0
-0.0009560912809733829,2.643165365562181e-07,0.0
-0.0009560912809733829,2.643165365562181e-07,0.0
-0.0009560912809733829,2.643165365562181e-07,0.0
-0.0009560912809733829,2.643165365562181e-07,0.0
-0.0009560912809733829,2.643165365562181e-07,0.0
-0.0009560912809733829,2.643165365562181e-07,0.0
-0.0009560912809733829,2.643165365562181e-07,0.0
-0.0009560912809733829,2.643165365562181e-07,0.0
-0.0009560912809733829,2.643165365562181e-07,0.0
-0.0009560912809733829,2.643165365562181e-07,0.0
-0.0009560912809733829,2.643165365562181e-07,0.0
-0.0009560912809733829,2.643165365562181e-07,0.0
-0.0009560912809733829,2.643165365562181e-07,0.0
-0.0009560912809733829,2.643165365562181e-07,0.0
-0.0009560912809733829,2.643165365562181e-07,0.0
-0.0009560912809733829,2.643165365562181e-07,0.0
-0.0009560912809733829,2.643165365562181e-07,0.0
-0.0009560912809733829,2.643165365562181e-07,0.0
-0.0009560912809733829,2.643165365562181e-07,0.0
-0.0009560912809733829,2.643165365562181e-07,0.0
-0.0009560912809733829,2.643165365562181e-07,0.0
-0.0009560912809733829,2.643165365562181e-07,0.0
-0.0009560912809733829,2.643165365562181e-07,0.0
-0.0009560912809733829,2.643165365562181e-07,0.0
-0.0009560912809733829,2.643165365562181e-07,0.0
-0.0009560912809733829,2.643165365562181e-07,0.0
-0.0009560912809733829,2.643165365562181e-07,0.0
-0.0009560912809733829,2.643165365562181e-07,0.0
-0.0009560912809733829,2.643165365562181e-07,0.0
-0.0009560912809733829,2.643165365562181e-07,0.0
-0.0009560912809733829,2.643165365562181e-07,0.0
-0.0009560912809733829,2.643165365562181e-07,0.0
-0.0009560912809733829,2.643165365562181e-07,0.0
-0.0009560912809733829,2.643165365562181e-07,0.0
-0.0009560912809733829,2.643165365562181e-07,0.0
-0.0009560912809733829,2.643165365562181e-07,0.0
-0.0009560912809733829,2.643165365562181e-07,0.0
-0.0009560912809733829,2.643165365562181e-07,0.0
-0.0009560912809733829,2.643165365562181e-07,0.0
-0.0009560912809733829,2.643165365562181e-07,0.0
-0.0009560912809733829,2.643165365562181e-07,0.0
-0.0009560912809733829,2.643165365562181e-07,0.0
-0.0009560912809733829,2.643165365562181e-07,0.0
-0.0009560912809733829,2.643165365562181e-07,0.0
-0.0009560912809733829,2.643165365562181e-07,0.0
-0.0009560912809733829,2.643165365562181e-07,0.0
-0.0009560912809733829,2.643165365562181e-07,0.0
-0.0009560912809733829,2.643165365562181e-07,0.0
-0.0009560912809733829,2.643165365562181e-07,0.0
-0.0009560912809733829,2.643165365562181e-07,0.0
-0.0009560912809733829,2.643165365562181e-07,0.0
-0.0009560912809733829,2.643165365562181e-07,0.0
-0.0009560912809733829,2.643165365562181e-07,0.0
-0.0009560912809733829,2.643165365562181e-07,0.0
-0.0009560912809733829,2.643165365562181e-07,0.0
-0.0009560912809733829,2.643165365562181e-07,0.0
-0.0009560912809733829,2.643165365562181e-07,0.0
-0.0009560912809733829,2.643165365562181e-07,0.0
-0.0009560912809733829,2.643165365562181e-07,0.0
-0.0009560912809733829,2.643165365562181e-07,0.0
-0.0009560912809733829,2.643165365562181e-07,0.0
-0.0009560912809733829,2.643165365562181e-07,0.0
-0.0009560912809733829,2.643165365562181e-07,0.0
-0.0009560912809733829,2.643165365562181e-07,0.0
-0.0009560912809733829,2.643165365562181e-07,0.0
-0.0009560912809733829,2.643165365562181e-07,0.0
-0.0009560912809733829,2.643165365562181e-07,0.0
-0.0009560912809733829,2.643165365562181e-07,0.0
-0.0009560912809733829,2.643165365562181e-07,0.0
-0.0009560912809733829,2.643165365562181e-07,0.0
-0.0009560912809733829,2.643165365562181e-07,0.0
-0.0009560912809733829,2.643165365562181e-07,0.0
-0.0009560912809733829,2.643165365562181e-07,0.0
-0.0009560912809733829,2.643165365562181e-07,0.0
-0.0009560912809733829,2.643165365562181e-07,0.0
-0.0009560912809733829,2.643165365562181e-07,0.0
-0.0009560912809733829,2.643165365562181e-07,0.0
-0.0009560912809733829,2.643165365562181e-07,0.0
-0.0009560912809733829,2.643165365562181e-07,0.0
-0.0009560912809733829,2.643165365562181e-07,0.0
-0.0009560912809733829,2.643165365562181e-07,0.0
-0.0009560912809733829,2.643165365562181e-07,0.0
-0.0009560912809733829,2.643165365562181e-07,0.0
-0.0009560912809733829,2.643165365562181e-07,0.0
-0.0009560912809733829,2.643165365562181e-07,0.0
-0.0009560912809733829,2.643165365562181e-07,0.0
-0.0009560912809733829,2.643165365562181e-07,0.0
-0.0009560912809733829,2.643165365562181e-07,0.0
-0.0009560912809733829,2.643165365562181e-07,0.0
-0.0009560912809733829,2.643165365562181e-07,0.0
-0.0009560912809733829,2.643165365562181e-07,0.0
-0.0009560912809733829,2.643165365562181e-07,0.0
-0.0009560912809733829,2.643165365562181e-07,0.0
-0.0009560912809733829,2.643165365562181e-07,0.0
-0.0009560912809733829,2.643165365562181e-07,0.0
-0.0009560912809733829,2.643165365562181e-07,0.0
-0.0009560912809733829,2.643165365562181e-07,0.0
-0.0009560912809733829,2.643165365562181e-07,0.0
-0.0009560912809733829,2.643165365562181e-07,0.0
-0.0009560912809733829,2.643165365562181e-07,0.0
-0.0009560912809733829,2.643165365562181e-07,0.0
-0.0009560912809733829,2.643165365562181e-07,0.0
-0.0009560912809733829,2.643165365562181e-07,0.0
-0.0009560912809733829,2.643165365562181e-07,0.0
-0.0009560912809733829,2.643165365562181e-07,0.0
-0.0009560912809733829,2.643165365562181e-07,0.0
-0.0009560912809733829,2.643165365562181e-07,0.0
-0.0009560912809733829,2.643165365562181e-07,0.0
-0.0009560912809733829,2.643165365562181e-07,0.0
-0.0009560912809733829,2.643165365562181e-07,0.0
-0.0009560912809733829,2.643165365562181e-07,0.0
-0.0009560912809733829,2.643165365562181e-07,0.0
-0.0009560912809733829,2.643165365562181e-07,0.0
-0.0009560912809733829,2.643165365562181e-07,0.0
-0.0009560912809733829,2.643165365562181e-07,0.0
-0.0009560912809733829,2.643165365562181e-07,0.0
-0.0009560912809733829,2.643165365562181e-07,0.0
-0.0009560912809733829,2.643165365562181e-07,0.0
-0.0009560912809733829,2.643165365562181e-07,0.0
-0.0009560912809733829,2.643165365562181e-07,0.0
-0.0009560912809733829,2.643165365562181e-07,0.0
-0.0009560912809733829,2.643165365562181e-07,0.0
-0.0009560912809733829,2.643165365562181e-07,0.0
-0.0009560912809733829,2.643165365562181e-07,0.0
-0.0009560912809733829,2.643165365562181e-07,0.0
-0.0009560912809733829,2.643165365562181e-07,0.0
-0.0009560912809733829,2.643165365562181e-07,0.0
-0.0009560912809733829,2.643165365562181e-07,0.0
-0.0009560912809733829,2.643165365562181e-07,0.0
-0.0009560912809733829,2.643165365562181e-07,0.0
-0.0009560912809733829,2.643165365562181e-07,0.0
-0.0009560912809733829,2.643165365562181e-07,0.0
-0.0009560912809733829,2.643165365562181e-07,0.0
-0.0009560912809733829,2.643165365562181e-07,0.0
-0.0009560912809733829,2.643165365562181e-07,0.0
-0.0009560912809733829,2.643165365562181e-07,0.0
-0.0009560912809733829,2.643165365562181e-07,0.0
-0.0009560912809733829,2.643165365562181e-07,0.0
-0.0009560912809733829,2.643165365562181e-07,0.0
-0.0009560912809733829,2.643165365562181e-07,0.0
-0.0009560912809733829,2.643165365562181e-07,0.0
-0.0009560912809733829,2.643165365562181e-07,0.0
-0.0009560912809733829,2.643165365562181e-07,0.0
-0.0009560912809733829,2.643165365562181e-07,0.0
-0.0009560912809733829,2.643165365562181e-07,0.0
-0.0009560912809733829,2.643165365562181e-07,0.0
-0.0009560912809733829,2.643165365562181e-07,0.0
-0.0009560912809733829,2.643165365562181e-07,0.0
-0.0009560912809733829,2.643165365562181e-07,0.0
-0.0009560912809733829,2.643165365562181e-07,0.0
-0.0009560912809733829,2.643165365562181e-07,0.0
-0.0009560912809733829,2.643165365562181e-07,0.0
-0.0009560912809733829,2.643165365562181e-07,0.0
-0.0009560912809733829,2.643165365562181e-07,0.0
-0.0009560912809733829,2.643165365562181e-07,0.0
-0.0009560912809733829,2.643165365562181e-07,0.0
-0.0009560912809733829,2.643165365562181e-07,0.0
-0.0009560912809733829,2.643165365562181e-07,0.0
-0.0009560912809733829,2.643165365562181e-07,0.0
-0.0009560912809733829,2.643165365562181e-07,0.0
-0.0009560912809733829,2.643165365562181e-07,0.0
-0.0009560912809733829,2.643165365562181e-07,0.0
-0.0009560912809733829,2.643165365562181e-07,0.0
-0.0009560912809733829,2.643165365562181e-07,0.0
-0.0009560912809733829,2.643165365562181e-07,0.0
-0.0009560912809733829,2.643165365562181e-07,0.0
-0.0009560912809733829,2.643165365562181e-07,0.0
-0.0009560912809733829,2.643165365562181e-07,0.0
-0.0009560912809733829,2.643165365562181e-07,0.0
-0.0009560912809733829,2.643165365562181e-07,0.0
-0.0009560912809733829,2.643165365562181e-07,0.0
-0.0009560912809733829,2.643165365562181e-07,0.0
-0.0009560912809733829,2.643165365562181e-07,0.0
-0.0009560912809733829,2.643165365562181e-07,0.0
-0.0009560912809733829,2.643165365562181e-07,0.0
-0.0009560912809733829,2.643165365562181e-07,0.0
-0.0009560912809733829,2.643165365562181e-07,0.0
-0.0009560912809733829,2.643165365562181e-07,0.0
-0.0009560912809733829,2.643165365562181e-07,0.0
-0.0009560912809733829,2.643165365562181e-07,0.0
-0.0009560912809733829,2.643165365562181e-07,0.0
-0.0009560912809733829,2.643165365562181e-07,0.0
-0.0009560912809733829,2.643165365562181e-07,0.0
-0.0009560912809733829,2.643165365562181e-07,0.0
-0.0009560912809733829,2.643165365562181e-07,0.0
-0.0009560912809733829,2.643165365562181e-07,0.0
-0.0009560912809733829,2.643165365562181e-07,0.0
-0.0009560912809733829,2.643165365562181e-07,0.0
-0.0009560912809733829,2.643165365562181e-07,0.0
-0.0009560912809733829,2.643165365562181e-07,0.0
-0.0009560912809733829,2.643165365562181e-07,0.0
-0.0009560912809733829,2.643165365562181e-07,0.0
-0.0009560912809733829,2.643165365562181e-07,0.0
-0.0009560912809733829,2.643165365562181e-07,0.0
-0.0009560912809733829,2.643165365562181e-07,0.0
-0.0009560912809733829,2.643165365562181e-07,0.0
-0.0009560912809733829,2.643165365562181e-07,0.0
-0.0009560912809733829,2.643165365562181e-07,0.0
-0.0009560912809733829,2.643165365562181e-07,0.0
-0.0009560912809733829,2.643165365562181e-07,0.0
-0.0009560912809733829,2.643165365562181e-07,0.0
-0.0009560912809733829,2.643165365562181e-07,0.0
-0.0009560912809733829,2.643165365562181e-07,0.0
-0.0009560912809733829,2.643165365562181e-07,0.0
-0.0009560912809733829,2.643165365562181e-07,0.0
-0.0009560912809733829,2.643165365562181e-07,0.0
-0.0009560912809733829,2.643165365562181e-07,0.0
-0.0009560912809733829,2.643165365562181e-07,0.0
-0.0009560912809733829,2.643165365562181e-07,0.0
-0.0009560912809733829,2.643165365562181e-07,0.0
-0.0009560912809733829,2.643165365562181e-07,0.0
-0.0009560912809733829,2.643165365562181e-07,0.0
-0.0009560912809733829,2.643165365562181e-07,0.0
-0.0009560912809733829,2.643165365562181e-07,0.0
-0.0009560912809733829,2.643165365562181e-07,0.0
-0.0009560912809733829,2.643165365562181e-07,0.0
-0.0009560912809733829,2.643165365562181e-07,0.0
-0.0009560912809733829,2.643165365562181e-07,0.0
-0.0009560912809733829,2.643165365562181e-07,0.0
-0.0009560912809733829,2.643165365562181e-07,0.0
-0.0009560912809733829,2.643165365562181e-07,0.0
-0.0009560912809733829,2.643165365562181e-07,0.0
-0.0009560912809733829,2.643165365562181e-07,0.0
-0.0009560912809733829,2.643165365562181e-07,0.0
-0.0009560912809733829,2.643165365562181e-07,0.0
-0.0009560912809733829,2.643165365562181e-07,0.0
-0.0009560912809733829,2.643165365562181e-07,0.0
-0.0009560912809733829,2.643165365562181e-07,0.0
-0.0009560912809733829,2.643165365562181e-07,0.0
-0.0009560912809733829,2.643165365562181e-07,0.0
-0.0009560912809733829,2.643165365562181e-07,0.0
-0.0009560912809733829,2.643165365562181e-07,0.0
-0.0009560912809733829,2.643165365562181e-07,0.0
-0.0009560912809733829,2.643165365562181e-07,0.0
-0.0009560912809733829,2.643165365562181e-07,0.0
-0.0009560912809733829,2.643165365562181e-07,0.0
-0.0009560912809733829,2.643165365562181e-07,0.0
-0.0009560912809733829,2.643165365562181e-07,0.0
-0.0009560912809733829,2.643165365562181e-07,0.0
-0.0009560912809733829,2.643165365562181e-07,0.0
-0.0009560912809733829,2.643165365562181e-07,0.0
-0.0009560912809733829,2.643165365562181e-07,0.0
-0.0009560912809733829,2.643165365562181e-07,0.0
-0.0009560912809733829,2.643165365562181e-07,0.0
-0.0009560912809733829,2.643165365562181e-07,0.0
-0.0009560912809733829,2.643165365562181e-07,0.0
-0.0009560912809733829,2.643165365562181e-07,0.0
-0.0009560912809733829,2.643165365562181e-07,0.0
-0.0009560912809733829,2.643165365562181e-07,0.0
-0.0009560912809733829,2.643165365562181e-07,0.0
-0.0009560912809733829,2.643165365562181e-07,0.0
-0.0009560912809733829,2.643165365562181e-07,0.0
-0.0009560912809733829,2.643165365562181e-07,0.0
-0.0009560912809733829,2.643165365562181e-07,0.0
-0.0009560912809733829,2.643165365562181e-07,0.0
-0.0009560912809733829,2.643165365562181e-07,0.0
-0.0009560912809733829,2.643165365562181e-07,0.0
-0.0009560912809733829,2.643165365562181e-07,0.0
-0.0009560912809733829,2.643165365562181e-07,0.0
-0.0009560912809733829,2.643165365562181e-07,0.0
-0.0009560912809733829,2.643165365562181e-07,0.0
-0.0009560912809733829,2.643165365562181e-07,0.0
-0.0009560912809733829,2.643165365562181e-07,0.0
-0.0009560912809733829,2.643165365562181e-07,0.0
-0.0009560912809733829,2.643165365562181e-07,0.0
-0.0009560912809733829,2.643165365562181e-07,0.0
-0.0009560912809733829,2.643165365562181e-07,0.0
-0.0009560912809733829,2.643165365562181e-07,0.0
-0.0009560912809733829,2.643165365562181e-07,0.0
-0.0009560912809733829,2.643165365562181e-07,0.0
-0.0009560912809733829,2.643165365562181e-07,0.0
-0.0009560912809733829,2.643165365562181e-07,0.0
-0.0009560912809733829,2.643165365562181e-07,0.0
-0.0009560912809733829,2.643165365562181e-07,0.0
-0.0009560912809733829,2.643165365562181e-07,0.0
-0.0009560912809733829,2.643165365562181e-07,0.0
-0.0009560912809733829,2.643165365562181e-07,0.0
-0.0009560912809733829,2.643165365562181e-07,0.0
-0.0009560912809733829,2.643165365562181e-07,0.0
-0.0009560912809733829,2.643165365562181e-07,0.0
-0.0009560912809733829,2.643165365562181e-07,0.0
-0.0009560912809733829,2.643165365562181e-07,0.0
-0.0009560912809733829,2.643165365562181e-07,0.0
-0.0009560912809733829,2.643165365562181e-07,0.0
-0.0009560912809733829,2.643165365562181e-07,0.0
-0.0009560912809733829,2.643165365562181e-07,0.0
-0.0009560912809733829,2.643165365562181e-07,0.0
-0.0009560912809733829,2.643165365562181e-07,0.0
-0.0009560912809733829,2.643165365562181e-07,0.0
-0.0009560912809733829,2.643165365562181e-07,0.0
-0.0009560912809733829,2.643165365562181e-07,0.0
-0.0009560912809733829,2.643165365562181e-07,0.0
-0.0009560912809733829,2.643165365562181e-07,0.0
-0.0009560912809733829,2.643165365562181e-07,0.0
-0.0009560912809733829,2.643165365562181e-07,0.0
-0.0009560912809733829,2.643165365562181e-07,0.0
-0.0009560912809733829,2.643165365562181e-07,0.0
-0.0009560912809733829,2.643165365562181e-07,0.0
-0.0009560912809733829,2.643165365562181e-07,0.0
-0.0009560912809733829,2.643165365562181e-07,0.0
-0.0009560912809733829,2.643165365562181e-07,0.0
-0.0009560912809733829,2.643165365562181e-07,0.0
-0.0009560912809733829,2.643165365562181e-07,0.0
-0.0009560912809733829,2.643165365562181e-07,0.0
-0.0009560912809733829,2.643165365562181e-07,0.0
-0.0009560912809733829,2.643165365562181e-07,0.0
-0.0009560912809733829,2.643165365562181e-07,0.0
-0.0009560912809733829,2.643165365562181e-07,0.0
-0.0009560912809733829,2.643165365562181e-07,0.0
-0.0009560912809733829,2.643165365562181e-07,0.0
-0.0009560912809733829,2.643165365562181e-07,0.0
-0.0009560912809733829,2.643165365562181e-07,0.0
-0.0009560912809733829,2.643165365562181e-07,0.0
-0.0009560912809733829,2.643165365562181e-07,0.0
-0.0009560912809733829,2.643165365562181e-07,0.0
-0.0009560912809733829,2.643165365562181e-07,0.0
-0.0009560912809733829,2.643165365562181e-07,0.0
-0.0009560912809733829,2.643165365562181e-07,0.0
-0.0009560912809733829,2.643165365562181e-07,0.0
-0.0009560912809733829,2.643165365562181e-07,0.0
-0.0009560912809733829,2.643165365562181e-07,0.0
-0.0009560912809733829,2.643165365562181e-07,0.0
-0.0009560912809733829,2.643165365562181e-07,0.0
-0.0009560912809733829,2.643165365562181e-07,0.0
-0.0009560912809733829,2.643165365562181e-07,0.0
-0.0009560912809733829,2.643165365562181e-07,0.0
-0.0009560912809733829,2.643165365562181e-07,0.0
-0.0009560912809733829,2.643165365562181e-07,0.0
-0.0009560912809733829,2.643165365562181e-07,0.0
-0.0009560912809733829,2.643165365562181e-07,0.0
-0.0009560912809733829,2.643165365562181e-07,0.0
-0.0009560912809733829,2.643165365562181e-07,0.0
-0.0009560912809733829,2.643165365562181e-07,0.0
-0.0009560912809733829,2.643165365562181e-07,0.0
-0.0009560912809733829,2.643165365562181e-07,0.0
-0.0009560912809733829,2.643165365562181e-07,0.0
-0.0009560912809733829,2.643165365562181e-07,0.0
-0.0009560912809733829,2.643165365562181e-07,0.0
-0.0009560912809733829,2.643165365562181e-07,0.0
-0.0009560912809733829,2.643165365562181e-07,0.0
-0.0009560912809733829,2.643165365562181e-07,0.0
-0.0009560912809733829,2.643165365562181e-07,0.0
-0.0009560912809733829,2.643165365562181e-07,0.0
-0.0009560912809733829,2.643165365562181e-07,0.0
-0.0009560912809733829,2.643165365562181e-07,0.0
-0.0009560912809733829,2.643165365562181e-07,0.0
-0.0009560912809733829,2.643165365562181e-07,0.0
-0.0009560912809733829,2.643165365562181e-07,0.0
-0.0009560912809733829,2.643165365562181e-07,0.0
-0.0009560912809733829,2.643165365562181e-07,0.0
-0.0009560912809733829,2.643165365562181e-07,0.0
-0.0009560912809733829,2.643165365562181e-07,0.0
-0.0009560912809733829,2.643165365562181e-07,0.0
-0.0009560912809733829,2.643165365562181e-07,0.0
-0.0009560912809733829,2.643165365562181e-07,0.0
-0.0009560912809733829,2.643165365562181e-07,0.0
-0.0009560912809733829,2.643165365562181e-07,0.0
-0.0009560912809733829,2.643165365562181e-07,0.0
-0.0009560912809733829,2.643165365562181e-07,0.0
-0.0009560912809733829,2.643165365562181e-07,0.0
-0.0009560912809733829,2.643165365562181e-07,0.0
-0.0009560912809733829,2.643165365562181e-07,0.0
-0.0009560912809733829,2.643165365562181e-07,0.0
-0.0009560912809733829,2.643165365562181e-07,0.0
-0.0009560912809733829,2.643165365562181e-07,0.0
-0.0009560912809733829,2.643165365562181e-07,0.0
-0.0009560912809733829,2.643165365562181e-07,0.0
-0.0009560912809733829,2.643165365562181e-07,0.0
-0.0009560912809733829,2.643165365562181e-07,0.0
-0.0009560912809733829,2.643165365562181e-07,0.0
-0.0009560912809733829,2.643165365562181e-07,0.0
-0.0009560912809733829,2.643165365562181e-07,0.0
-0.0009560912809733829,2.643165365562181e-07,0.0
-0.0009560912809733829,2.643165365562181e-07,0.0
-0.0009560912809733829,2.643165365562181e-07,0.0
-0.0009560912809733829,2.643165365562181e-07,0.0
-0.0009560912809733829,2.643165365562181e-07,0.0
-0.0009560912809733829,2.643165365562181e-07,0.0
-0.0009560912809733829,2.643165365562181e-07,0.0
-0.0009560912809733829,2.643165365562181e-07,0.0
-0.0009560912809733829,2.643165365562181e-07,0.0
-0.0009560912809733829,2.643165365562181e-07,0.0
-0.0009560912809733829,2.643165365562181e-07,0.0
-0.0009560912809733829,2.643165365562181e-07,0.0
-0.0009560912809733829,2.643165365562181e-07,0.0
-0.0009560912809733829,2.643165365562181e-07,0.0
-0.0009560912809733829,2.643165365562181e-07,0.0
-0.0009560912809733829,2.643165365562181e-07,0.0
-0.0009560912809733829,2.643165365562181e-07,0.0
-0.0009560912809733829,2.643165365562181e-07,0.0
-0.0009560912809733829,2.643165365562181e-07,0.0
-0.0009560912809733829,2.643165365562181e-07,0.0
-0.0009560912809733829,2.643165365562181e-07,0.0
-0.0009560912809733829,2.643165365562181e-07,0.0
-0.0009560912809733829,2.643165365562181e-07,0.0
-0.0009560912809733829,2.643165365562181e-07,0.0
-0.0009560912809733829,2.643165365562181e-07,0.0
-0.0009560912809733829,2.643165365562181e-07,0.0
-0.0009560912809733829,2.643165365562181e-07,0.0
-0.0009560912809733829,2.643165365562181e-07,0.0
-0.0009560912809733829,2.643165365562181e-07,0.0
-0.0009560912809733829,2.643165365562181e-07,0.0
-0.0009560912809733829,2.643165365562181e-07,0.0
-0.0009560912809733829,2.643165365562181e-07,0.0
-0.0009560912809733829,2.643165365562181e-07,0.0
-0.0009560912809733829,2.643165365562181e-07,0.0
-0.0009560912809733829,2.643165365562181e-07,0.0
-0.0009560912809733829,2.643165365562181e-07,0.0
-0.0009560912809733829,2.643165365562181e-07,0.0
-0.0009560912809733829,2.643165365562181e-07,0.0
-0.0009560912809733829,2.643165365562181e-07,0.0
-0.0009560912809733829,2.643165365562181e-07,0.0
-0.0009560912809733829,2.643165365562181e-07,0.0
-0.0009560912809733829,2.643165365562181e-07,0.0
-0.0009560912809733829,2.643165365562181e-07,0.0
-0.0009560912809733829,2.643165365562181e-07,0.0
-0.0009560912809733829,2.643165365562181e-07,0.0
-0.0009560912809733829,2.643165365562181e-07,0.0
-0.0009560912809733829,2.643165365562181e-07,0.0
-0.0009560912809733829,2.643165365562181e-07,0.0
-0.0009560912809733829,2.643165365562181e-07,0.0
-0.0009560912809733829,2.643165365562181e-07,0.0
-0.0009560912809733829,2.643165365562181e-07,0.0
-0.0009560912809733829,2.643165365562181e-07,0.0
-0.0009560912809733829,2.643165365562181e-07,0.0
-0.0009560912809733829,2.643165365562181e-07,0.0
-0.0009560912809733829,2.643165365562181e-07,0.0
-0.0009560912809733829,2.643165365562181e-07,0.0
-0.0009560912809733829,2.643165365562181e-07,0.0
-0.0009560912809733829,2.643165365562181e-07,0.0
-0.0009560912809733829,2.643165365562181e-07,0.0
-0.0009560912809733829,2.643165365562181e-07,0.0
-0.0009560912809733829,2.643165365562181e-07,0.0
-0.0009560912809733829,2.643165365562181e-07,0.0
-0.0009560912809733829,2.643165365562181e-07,0.0
-0.0009560912809733829,2.643165365562181e-07,0.0
-0.0009560912809733829,2.643165365562181e-07,0.0
-0.0009560912809733829,2.643165365562181e-07,0.0
-0.0009560912809733829,2.643165365562181e-07,0.0
-0.0009560912809733829,2.643165365562181e-07,0.0
-0.0009560912809733829,2.643165365562181e-07,0.0
-0.0009560912809733829,2.643165365562181e-07,0.0
-0.0009560912809733829,2.643165365562181e-07,0.0
-0.0009560912809733829,2.643165365562181e-07,0.0
-0.0009560912809733829,2.643165365562181e-07,0.0
-0.0009560912809733829,2.643165365562181e-07,0.0
-0.0009560912809733829,2.643165365562181e-07,0.0
-0.0009560912809733829,2.643165365562181e-07,0.0
-0.0009560912809733829,2.643165365562181e-07,0.0
-0.0009560912809733829,2.643165365562181e-07,0.0
-0.0009560912809733829,2.643165365562181e-07,0.0
-0.0009560912809733829,2.643165365562181e-07,0.0
-0.0009560912809733829,2.643165365562181e-07,0.0
-0.0009560912809733829,2.643165365562181e-07,0.0
-0.0009560912809733829,2.643165365562181e-07,0.0
-0.0009560912809733829,2.643165365562181e-07,0.0
-0.0009560912809733829,2.643165365562181e-07,0.0
-0.0009560912809733829,2.643165365562181e-07,0.0
-0.0009560912809733829,2.643165365562181e-07,0.0
-0.0009560912809733829,2.643165365562181e-07,0.0
-0.0009560912809733829,2.643165365562181e-07,0.0
-0.0009560912809733829,2.643165365562181e-07,0.0
-0.0009560912809733829,2.643165365562181e-07,0.0
-0.0009560912809733829,2.643165365562181e-07,0.0
-0.0009560912809733829,2.643165365562181e-07,0.0
-0.0009560912809733829,2.643165365562181e-07,0.0
-0.0009560912809733829,2.643165365562181e-07,0.0
-0.0009560912809733829,2.643165365562181e-07,0.0
-0.0009560912809733829,2.643165365562181e-07,0.0
-0.0009560912809733829,2.643165365562181e-07,0.0
-0.0009560912809733829,2.643165365562181e-07,0.0
-0.0009560912809733829,2.643165365562181e-07,0.0
-0.0009560912809733829,2.643165365562181e-07,0.0
-0.0009560912809733829,2.643165365562181e-07,0.0
-0.0009560912809733829,2.643165365562181e-07,0.0
-0.0009560912809733829,2.643165365562181e-07,0.0
-0.0009560912809733829,2.643165365562181e-07,0.0
-0.0009560912809733829,2.643165365562181e-07,0.0
-0.0009560912809733829,2.643165365562181e-07,0.0
-0.0009560912809733829,2.643165365562181e-07,0.0
-0.0009560912809733829,2.643165365562181e-07,0.0
-0.0009560912809733829,2.643165365562181e-07,0.0
-0.0009560912809733829,2.643165365562181e-07,0.0
-0.0009560912809733829,2.643165365562181e-07,0.0
-0.0009560912809733829,2.643165365562181e-07,0.0
-0.0009560912809733829,2.643165365562181e-07,0.0
-0.0009560912809733829,2.643165365562181e-07,0.0
-0.0009560912809733829,2.643165365562181e-07,0.0
-0.0009560912809733829,2.643165365562181e-07,0.0
-0.0009560912809733829,2.643165365562181e-07,0.0
-0.0009560912809733829,2.643165365562181e-07,0.0
-0.0009560912809733829,2.643165365562181e-07,0.0
-0.0009560912809733829,2.643165365562181e-07,0.0
-0.0009560912809733829,2.643165365562181e-07,0.0
-0.0009560912809733829,2.643165365562181e-07,0.0
-0.0009560912809733829,2.643165365562181e-07,0.0
-0.0009560912809733829,2.643165365562181e-07,0.0
-0.0009560912809733829,2.643165365562181e-07,0.0
-0.0009560912809733829,2.643165365562181e-07,0.0
-0.0009560912809733829,2.643165365562181e-07,0.0
-0.0009560912809733829,2.643165365562181e-07,0.0
-0.0009560912809733829,2.643165365562181e-07,0.0
-0.0009560912809733829,2.643165365562181e-07,0.0
-0.0009560912809733829,2.643165365562181e-07,0.0
-0.0009560912809733829,2.643165365562181e-07,0.0
-0.0009560912809733829,2.643165365562181e-07,0.0
-0.0009560912809733829,2.643165365562181e-07,0.0
-0.0009560912809733829,2.643165365562181e-07,0.0
-0.0009560912809733829,2.643165365562181e-07,0.0
-0.0009560912809733829,2.643165365562181e-07,0.0
-0.0009560912809733829,2.643165365562181e-07,0.0
-0.0009560912809733829,2.643165365562181e-07,0.0
-0.0009560912809733829,2.643165365562181e-07,0.0
-0.0009560912809733829,2.643165365562181e-07,0.0
-0.0009560912809733829,2.643165365562181e-07,0.0
-0.0009560912809733829,2.643165365562181e-07,0.0
-0.0009560912809733829,2.643165365562181e-07,0.0
-0.0009560912809733829,2.643165365562181e-07,0.0
-0.0009560912809733829,2.643165365562181e-07,0.0
-0.0009560912809733829,2.643165365562181e-07,0.0
-0.0009560912809733829,2.643165365562181e-07,0.0
-0.0009560912809733829,2.643165365562181e-07,0.0
-0.0009560912809733829,2.643165365562181e-07,0.0
-0.0009560912809733829,2.643165365562181e-07,0.0
-0.0009560912809733829,2.643165365562181e-07,0.0
-0.0009560912809733829,2.643165365562181e-07,0.0
-0.0009560912809733829,2.643165365562181e-07,0.0
-0.0009560912809733829,2.643165365562181e-07,0.0
-0.0009560912809733829,2.643165365562181e-07,0.0
-0.0009560912809733829,2.643165365562181e-07,0.0
-0.0009560912809733829,2.643165365562181e-07,0.0
-0.0009560912809733829,2.643165365562181e-07,0.0
-0.0009560912809733829,2.643165365562181e-07,0.0
-0.0009560912809733829,2.643165365562181e-07,0.0
-0.0009560912809733829,2.643165365562181e-07,0.0
-0.0009560912809733829,2.643165365562181e-07,0.0
-0.0009560912809733829,2.643165365562181e-07,0.0
-0.0009560912809733829,2.643165365562181e-07,0.0
-0.0009560912809733829,2.643165365562181e-07,0.0
-0.0009560912809733829,2.643165365562181e-07,0.0
-0.0009560912809733829,2.643165365562181e-07,0.0
-0.0009560912809733829,2.643165365562181e-07,0.0
-0.0009560912809733829,2.643165365562181e-07,0.0
-0.0009560912809733829,2.643165365562181e-07,0.0
-0.0009560912809733829,2.643165365562181e-07,0.0
-0.0009560912809733829,2.643165365562181e-07,0.0
-0.0009560912809733829,2.643165365562181e-07,0.0
-0.0009560912809733829,2.643165365562181e-07,0.0
-0.0009560912809733829,2.643165365562181e-07,0.0
-0.0009560912809733829,2.643165365562181e-07,0.0
-0.0009560912809733829,2.643165365562181e-07,0.0
-0.0009560912809733829,2.643165365562181e-07,0.0
-0.0009560912809733829,2.643165365562181e-07,0.0
-0.0009560912809733829,2.643165365562181e-07,0.0
-0.0009560912809733829,2.643165365562181e-07,0.0
-0.0009560912809733829,2.643165365562181e-07,0.0
-0.0009560912809733829,2.643165365562181e-07,0.0
-0.0009560912809733829,2.643165365562181e-07,0.0
-0.0009560912809733829,2.643165365562181e-07,0.0
-0.0009560912809733829,2.643165365562181e-07,0.0
-0.0009560912809733829,2.643165365562181e-07,0.0
-0.0009560912809733829,2.643165365562181e-07,0.0
-0.0009560912809733829,2.643165365562181e-07,0.0
-0.0009560912809733829,2.643165365562181e-07,0.0
8.691739674931806e-06,3.308722450212111e-24,0.0
0.00016514305300725714,-1.4918011129770975e-08,0.0
0.0004954291577844763,-5.7376965840252796e-08,0.0
0.0008083317801228028,-1.1704901007781704e-07,0.0
0.001355911360267632,-2.6163896266138355e-07,0.0
0.0022163935342930023,-5.619117448697083e-07,0.0
0.0033463196706971054,-4.5366053769931727e-07,0.0
0.004893448749690279,8.292882363359921e-07,0.0
0.0069446972683655525,3.6862776264180024e-06,0.0
0.009282771365715226,7.93905598821319e-06,0.0
0.011672998742077617,9.544845591847672e-06,0.0
0.014210981148415867,4.479228875556334e-06,0.0
0.016809791504275338,-5.557123416573278e-06,0.0
0.01947811534204081,-2.0184350532895088e-05,0.0
0.022215947466887848,-3.9148049832090947e-05,0.0
0.025005907391074205,-6.135690783720098e-05,0.0
0.02790015068361003,-8.612853660976331e-05,0.0
0.03088129693456662,-0.00011292742640165602,0.0
0.033949349662790666,-0.0001413190564296816,0.0
0.03707823452437943,-0.00017106741754423756,0.0
0.0403374777187494,-0.00020327755669116262,0.0
0.04371838960519759,-0.00023765800679321423,0.0
0.04712535904927975,-0.0002738732828991576,0.0
0.05058445264764388,-0.0003127740452487413,0.0
0.05406959496093638,-0.0003541162387069092,0.0
0.05758947409455589,-0.00039814846875280775,0.0
0.0611180164194377,-0.0004444629729628594,0.0
0.0646813028456942,-0.0004927235583245932,0.0
0.06827933731464858,-0.0005426051122976899,0.0
0.07188604769230589,-0.0005936773206473257,0.0
0.07546667868074163,-0.0006448562141353877,0.0
0.07907337598888356,-0.0006968433004848106,0.0
0.08268875374680588,-0.0007496710709016007,0.0
0.0862780532567204,-0.0008025137302168357,0.0
0.08990210890210487,-0.0008563462628973232,0.0
0.09353484514219322,-0.0009109888774105236,0.0
0.0971675759561076,-0.0009659906307405584,0.0
0.10078291926905797,-0.001021125845609188,0.0
0.10442432058004503,-0.0010775809886547135,0.0
0.1080570205878391,-0.0011345803703832987,0.0
0.11167232164571085,-0.0011924200052797513,0.0
0.11531367907244659,-0.001251638074445737,0.0
0.11896371523265548,-0.001311721667479299,0.0
0.12260504757329092,-0.0013724630797937027,0.0
0.12625506035530906,-0.0014339510663738154,0.0
0.12988768943418846,-0.0014953059295845172,0.0
0.13351162328795227,-0.0015567931093157454,0.0
0.13712685579561487,-0.0016187694378042455,0.0
0.14076815420578465,-0.0016815114884448923,0.0
0.14440074760151692,-0.0017449438563979605,0.0
0.14799856122762362,-0.001808797625183758,0.0
0.15158766966052906,-0.0018733267878129928,0.0
0.1551767609152383,-0.0019388048099710407,0.0
0.1587397647583582,-0.002004706913688747,0.0
0.16227669059097527,-0.002070517556998249,0.0
0.1658049189310661,-0.0021365557372882505,0.0
0.16932444688668546,-0.002202972136989838,0.0
0.17279182357571568,-0.0022689378987862377,0.0
0.17629394986955282,-0.002336144387593714,0.0
0.17984820344005878,-0.0024050543975680633,0.0
0.1833850639079038,-0.0024742882915567955,0.0
0.18692190518852145,-0.0025444962574657664,0.0
0.190476103834791,-0.002616182769320243,0.0
0.19404766731510015,-0.002688965004271392,0.0
0.19764528839982362,-0.0027628754914363184,0.0
0.20122551913775763,-0.0028369400479393327,0.0
0.2048665782036008,-0.0029123031380228308,0.0
0.20853370188599796,-0.0029884479943783184,0.0
0.2121834416654584,-0.0030644325603307065,0.0
0.21583318058677878,-0.003140458046188841,0.0
0.2195002967080309,-0.0032169662113229985,0.0
0.2231674086280543,-0.0032936755344841954,0.0
0.2268084510217851,-0.0033698394334793526,0.0
0.23044948332257878,-0.0034464848107002774,0.0
0.23408180804307507,-0.0035237860232753353,0.0
0.23768804474520513,-0.0036014053282860618,0.0
0.24129425824526068,-0.003680096566449381,0.0
0.24494389269311465,-0.0037609819056794477,0.0
0.24855875103144895,-0.0038418904441823343,0.0
0.25219965553250884,-0.003924383814924265,0.0
0.2558492256900718,-0.004008119681866474,0.0
0.2594987829240762,-0.0040924169293094104,0.0
0.2631309465236246,-0.0041769511992608,0.0
0.26678047102568186,-0.004262654183849331,0.0
0.2704212958709017,-0.004348590781210679,0.0
0.27405341240860115,-0.004435123510577737,0.0
0.27767682057586307,-0.004522247013750794,0.0
0.28130890836168426,-0.00460997819434679,0.0
0.2849062239655872,-0.004697503478332399,0.0
0.28848614391797184,-0.004785314712352378,0.0
0.29208342946929367,-0.004874066347689132,0.0
0.29565463021157684,-0.004962882476047737,0.0
0.2991997540837119,-0.005051439971354223,0.0
0.3027622540314766,-0.005140510729294265,0.0
0.3063421359442702,-0.005229859195407213,0.0
0.30988725590437677,-0.005318573089655897,0.0
0.3134236868282192,-0.0054070697387864014,0.0
0.3170035529797733,-0.005497047624164597,0.0
0.32056602234986775,-0.005587332858847037,0.0
0.32411109695453455,-0.005677840548749573,0.0
0.32768222116005796,-0.005769682535414895,0.0
0.33124463929110415,-0.0058619676573256115,0.0
0.33480705537986594,-0.005954331550465803,0.0
0.338404228786549,-0.0060475177722447765,0.0
0.3420274810696925,-0.00614089954302188,0.0
0.3456681254653463,-0.006234168607884624,0.0
0.34930877704978447,-0.006327156617535918,0.0
0.3529841852394953,-0.0064209937222698,0.0
0.3566682885802622,-0.00651480793173568,0.0
0.3603436957901321,-0.006608683657866336,0.0
0.36401908949977824,-0.0067030863141442545,0.0
0.3676857829188382,-0.00679770917554269,0.0
0.3713524659203265,-0.006892735071141616,0.0
0.3749930678596858,-0.0069876468637461225,0.0
0.37862497584780047,-0.007082529926121928,0.0
0.3822481824970324,-0.007177665690969599,0.0
0.3867489466698691,-0.007296061651064464,0.0
0.38945114481135346,-0.007367072776716126,0.0
0.3930656605631985,-0.007462062036880015,0.0
0.3966541122561142,-0.007556284465607011,0.0
0.4002512640769578,-0.007650300460103444,0.0
0.4038657986038388,-0.007744572753982183,0.0
0.4083752868307286,-0.00786184685609483,0.0
0.41106013211820297,-0.007931457975188265,0.0
0.4146312339822207,-0.008024164535368968,0.0
0.41821970834893385,-0.008117519338077724,0.0
0.4217734265401698,-0.00821000745533615,0.0
0.4253271365405305,-0.008302809891662695,0.0
0.42887215163675463,-0.008395619541366365,0.0
0.43237371787938733,-0.008487484064980087,0.0
0.43587528008259624,-0.008579502688442053,0.0
0.43940290442250063,-0.00867236156069796,0.0
0.4429565990554279,-0.008765750570860998,0.0
0.4473878574587065,-0.00888216193513826,0.0
0.45003792005461546,-0.008951921212207576,0.0
0.4545126159069826,-0.00906971170513464,0.0
0.45720612217766554,-0.009140613799748433,0.0
0.4607684921031698,-0.009234741239225654,0.0
0.4643482342290622,-0.00932952494884028,0.0
0.46792797117124346,-0.009424504436551507,0.0
0.4714903213939881,-0.009519374837787815,0.0
0.47503529945734857,-0.009613588587326444,0.0
0.4785976631665164,-0.009707950807569402,0.0
0.48303759485804887,-0.009825177077522507,0.0
0.48568766666607505,-0.009894585711063079,0.0
0.4892587521565143,-0.009987920526948345,0.0
0.4937161044475544,-0.010103958841315885,0.0
0.4963835690841618,-0.010173235655417352,0.0
0.499954662772803,-0.010266256535069376,0.0
0.5044815265070371,-0.010384063017191665,0.0
0.5072011240111641,-0.010454693393112831,0.0
0.5108156699573108,-0.010548526710448347,0.0
0.5144910470035055,-0.010643575981713012,0.0
0.5181664386702906,-0.010738058174486361,0.0
0.5218418365407139,-0.010832298698587197,0.0
0.5254998638819469,-0.010925811059235551,0.0
0.5291752803512187,-0.011019323515902723,0.0
0.5327985692679155,-0.01111127247832126,0.0
0.5364044924455235,-0.011202300932803104,0.0
0.5399756853722439,-0.011291430624522484,0.0
0.5435555868804381,-0.01137999020943233,0.0
0.5480131145659446,-0.01148908277062835,0.0
0.5506980715889983,-0.01155424207464666,0.0
0.5542954006410644,-0.011641212877687733,0.0
0.5579014227125602,-0.011728235728188336,0.0
0.5615161454816868,-0.011814990937383703,0.0
0.5651830123566343,-0.011902634325688593,0.0
0.568841201477956,-0.011989587817333168,0.0
0.572482028150852,-0.01207544716866584,0.0
0.5761141795867948,-0.012160501514218039,0.0
0.5806587322368714,-0.012266121472871584,0.0
0.5833698321358838,-0.012328732156953862,0.0
0.5869933266089463,-0.012412188375019166,0.0
0.5915205244560968,-0.012516367720535921,0.0
0.5942142591389831,-0.012577984062818116,0.0
0.5977943191109709,-0.012659887894211228,0.0
0.6013830748865768,-0.012741713365532602,0.0
0.6049544579644416,-0.012822867249425326,0.0
0.6085084637959379,-0.01290354916591445,0.0
0.6120711609257908,-0.012984349282444787,0.0
0.6156512468686653,-0.013065110077172383,0.0
0.6192226468048371,-0.013145518633653708,0.0
0.6228114222844877,-0.013226475258598217,0.0
0.6273386744715853,-0.013328265662707003,0.0
0.6300585046738105,-0.01338928133210165,0.0
0.6336820436488424,-0.01347078303227054,0.0
0.6372968948624579,-0.013552010124525213,0.0
0.6409551902109614,-0.013634373540687285,0.0
0.6436837063320981,-0.013695745655062168,0.0
0.6491320535820309,-0.013818092520418266,0.0
0.6527990537907367,-0.01389996762243597,0.0
0.6564834385965637,-0.013981986577945315,0.0
0.6592206649171362,-0.01404262907146386,0.0
0.6638261574013602,-0.01414463583114942,0.0
0.667536624563251,-0.014226622375942029,0.0
0.6712123385732228,-0.014307599207215367,0.0
0.6748880534863887,-0.014388535119552919,0.0
0.6785724562730013,-0.014469742581434087,0.0
0.682239488667301,-0.01455016372482773,0.0
0.6849680438837665,-0.014609772504644682,0.0
0.6894779899005664,-0.014707875556684355,0.0
0.6930668360900232,-0.014785634388812186,0.0
0.6966469942932159,-0.014863125877581032,0.0
0.7002184559461258,-0.014940744683609257,0.0
0.7038072857803493,-0.015019254210819732,0.0
0.7073874069134036,-0.015098439827107624,0.0
0.7109588174105009,-0.015178377628402868,0.0
0.7145475892806641,-0.015259493720468415,0.0
0.718153726736638,-0.015341596127905689,0.0
0.7217424806725558,-0.015423501905910627,0.0
0.7253573121324486,-0.015505603582583313,0.0
0.7289634630605197,-0.015587111717339962,0.0
0.7325869992819958,-0.015668735408117362,0.0
0.7362018585246967,-0.015749604558144337,0.0
0.739834106697025,-0.015830422910701535,0.0
0.7434489774750146,-0.015910774649065016,0.0
0.7470377899674095,-0.01599007349284156,0.0
0.7506266076933327,-0.01606913485363887,0.0
0.75423279943322,-0.016148817326953727,0.0
0.7577955422303936,-0.016227577629740496,0.0
0.7613669693902285,-0.016306767803576778,0.0
0.7649644539124157,-0.016387050642668374,0.0
0.7685445513682597,-0.016467299381758664,0.0
0.7721333348412311,-0.016547900741939313,0.0
0.7757394938405023,-0.016629051318026295,0.0
0.7793543513182274,-0.01670999924598406,0.0
0.7829518358506737,-0.016790281702696256,0.0
0.7865580152928564,-0.01687051868366451,0.0
0.789286557313342,-0.016930728629270798,0.0
0.7938138538991251,-0.017030524721701468,0.0
0.7974374284013588,-0.017110431355319766,0.0
0.8010957649232628,-0.017190945013784494,0.0
0.8047541014855402,-0.01727145676010919,0.0
0.8083950560875687,-0.01735170801623864,0.0
0.8120273202186447,-0.017431806273435383,0.0
0.8156595799210699,-0.017512104918568357,0.0
0.819291840503199,-0.017592363792066232,0.0
0.8219856275133386,-0.01765164853911935,0.0
0.8264868673852442,-0.01775031563300913,0.0
0.8300583179151972,-0.017828444590276632,0.0
0.833603706270987,-0.017905691592137268,0.0
0.8371577859887148,-0.017983050291123896,0.0
0.8407292348071029,-0.018061257644896894,0.0
0.8442659164840665,-0.01813909125059883,0.0
0.8478112783118826,-0.01821754632012807,0.0
0.8513740071672471,-0.018296935319894667,0.0
0.8549454247172058,-0.01837655762670073,0.0
0.8585168448979766,-0.018456061383630675,0.0
0.8621143391645226,-0.018535906353628052,0.0
0.865746607676464,-0.018615805752258897,0.0
0.8693788858323993,-0.018695264983941147,0.0
0.8730111683698519,-0.018774524209255815,0.0
0.8766782165850214,-0.01885422028038461,0.0
0.8803452656996824,-0.018933875432494824,0.0
0.8840209965955008,-0.019014082450060466,0.0
0.8876967221139164,-0.019094535364762487,0.0
0.8913898171982535,-0.01917581322294217,0.0
0.8959866299227168,-0.01927718207536339,0.0
0.898732544051421,-0.019338098030014714,0.0
0.9023995496573654,-0.01941973144400607,0.0
0.906066548979777,-0.0195016467001213,0.0
0.9097161683022984,-0.01958321197944131,0.0
0.9133657849133242,-0.019664898485095447,0.0
0.9169893301423482,-0.019746121785959247,0.0
0.9205607485824284,-0.019825704321361708,0.0
0.9241408687710091,-0.019904932003491773,0.0
0.9277209977459595,-0.019983761969035157,0.0
0.9312837594878414,-0.020061661060654823,0.0
0.9348378434571029,-0.02013882395908399,0.0
0.9384266913756668,-0.020216502864673906,0.0
0.9420068597569182,-0.020293522442015873,0.0
0.9455783434923063,-0.02037011826380115,0.0
0.949175900700623,-0.020447075180686607,0.0
0.9527821586604909,-0.020523702091844214,0.0
0.9563971181439206,-0.02059995845813785,0.0
0.9599947022102239,-0.02067564915894832,0.0
0.9636270564431689,-0.020751551449862432,0.0
0.9681631657542324,-0.02084578939923458,0.0
0.9708830941917543,-0.020902256518942144,0.0
0.9745328464625806,-0.020977638756264228,0.0
0.9772614730637014,-0.02103388523875807,0.0
0.9816672576362377,-0.0211242900763205,0.0
0.9850128924036982,-0.02119199524854923,0.0
0.9880196462086114,-0.021251465656245302,0.0
0.9907396505726791,-0.021304147805521013,0.0
0.9932337446658308,-0.021350735190952472,0.0
0.9954845735350845,-0.0213893590808799,0.0
0.9974921415687414,-0.021419310269962553,0.0
0.9994041491550582,-0.021445187638755307,0.0
1.0008294858393094,-0.02146277552622236,0.0
1.0019941159787245,-0.021474864633452717,0.0
1.0028545709798287,-0.021481678266249984,0.0
1.0036020505583438,-0.021485504909436168,0.0
1.004210470375959,-0.02148699020599794,0.0
1.0047406663626535,-0.02148692288370863,0.0
1.0051317934542552,-0.0214859815200089,0.0
1.0057402066375,-0.021482813180080666,0.0
1.0060530979502238,-0.02148016163164725,0.0
1.0062703781221063,-0.02147776026380553,0.0
1.006357287512342,-0.021476581777266152,0.0
1.006357287332942,-0.02147657068583758,0.0
1.0063485970150319,-0.021476727890152238,0.0
1.0063659762523327,-0.021476343878232648,0.0
1.006374663461745,-0.021476057422350977,0.0
1.0064354798250634,-0.021474285872572333,0.0
1.0065484141720746,-0.021470658742676847,0.0
1.0067395151385818,-0.02146396422197724,0.0
1.0070261308617336,-0.021452950558738026,0.0
1.007251917264602,-0.02144347619742536,0.0
1.0072866492123118,-0.021441916450420272,0.0
1.007208514644743,-0.021445689623307625,0.0
1.0072519100560924,-0.021443342893578556,0.0
1.0073126587615964,-0.021439972386685918,0.0
1.0073386834726297,-0.02143835004898188,0.0
1.0075554884603464,-0.02142379182117846,0.0
1.0076768591689913,-0.021415062353163976,0.0
1.007694184261953,-0.021413638321204798,0.0
1.0078327383955987,-0.021401698373252197,0.0
1.007867359550932,-0.02139851840875154,0.0
1.0079884267312587,-0.021386280759428545,0.0
1.0079884510590578,-0.02138650397252778,0.0
1.00809202401987,-0.02137420351013216,0.0
1.0083076453359114,-0.021347302156281993,0.0
1.008591887211924,-0.021308883340226358,0.0
1.009047832134949,-0.02124313832675988,0.0
1.0095288962475766,-0.021169053413225704,0.0
1.0100435665208864,-0.021084909431597083,0.0
1.0103347442778676,-0.021034447605335217,0.0
1.01065967225277,-0.020975202589208375,0.0
1.0110182150472513,-0.020906571910260137,0.0
1.0115380572637676,-0.020802312950249965,0.0
1.0122781234461193,-0.020647040581224792,0.0
1.0128979734887544,-0.020511504176077843,0.0
1.0136524298897926,-0.020340637663376137,0.0
1.01426163946372,-0.02019747997642662,0.0
1.0149373441693301,-0.02003341434555917,0.0
1.0157718796938824,-0.019823709851483462,0.0
1.01682322146748,-0.019549693800194088,0.0
1.017981055555852,-0.019236462753761376,0.0
1.0193444567592371,-0.018851360929828694,0.0
1.020195238926926,-0.018602060890901332,0.0
1.0214426939747037,-0.018223071613267673,0.0
1.0228514594936484,-0.017777375647988727,0.0
1.0243210298818823,-0.017293695778978335,0.0
1.0257927716169353,-0.016789186664419094,0.0
1.0277392972611505,-0.01608905067232127,0.0
1.0289355438804038,-0.01564020543147402,0.0
1.0304500085234796,-0.015050177200294855,0.0
1.0319878330573053,-0.0144248358027734,0.0
1.0336118581827953,-0.013735144209090276,0.0
1.0355802988348093,-0.012856795560296357,0.0
1.0367146675070413,-0.012327912995540926,0.0
1.0382320199097888,-0.011592496203802052,0.0
1.0396896165487417,-0.01085394746337243,0.0
1.041179451171037,-0.010064275021104178,0.0
1.0426240200373549,-0.009264047259774514,0.0
1.0440008141530384,-0.00846759348159669,0.0
1.0454064240127536,-0.007617433287355351,0.0
1.046677595884134,-0.006814266598321371,0.0
1.0479470535763526,-0.005976406261289172,0.0
1.0491773576738206,-0.00512714686845531,0.0
1.0503259745120515,-0.004297811070031675,0.0
1.051470662082666,-0.0034338873224466944,0.0
1.0525553986346277,-0.0025776384843473298,0.0
1.0536343456045398,-0.0016865506271953178,0.0
1.0548678681562098,-0.0006149320717702981,0.0
1.055568894644843,2.2334600872876405e-05,0.0
1.0566016271660885,0.0010047920872475254,0.0
1.0571680687452754,0.0015691978210136369,0.0
1.057843422676754,0.00227027582250232,0.0
1.0584552425321363,0.0029356706629582196,0.0
1.059045537279703,0.0036087152763715886,0.0
1.0596141493824822,0.0042888842773342786,0.0
1.0601342434205636,0.004941347186286811,0.0
1.0606178896980285,0.005578123463337683,0.0
1.0611424790514696,0.006303550343867494,0.0
1.0617656905930597,0.0072146002056344164,0.0
1.062168672979285,0.0078338050752365,0.0
1.0626780775186848,0.008653117691860944,0.0
1.0631548517886718,0.009461709727375735,0.0
1.0635959246054358,0.010250716064119824,0.0
1.063998743154028,0.011011069605536744,0.0
1.064455979956519,0.011929099311468514,0.0
1.0647005329543118,0.01244800898414649,0.0
1.0650135643961451,0.013145877749818081,0.0
1.0653017061235923,0.013826155523671765,0.0
1.0655758168098979,0.014512208263691866,0.0
1.065836461885571,0.015203489751786085,0.0
1.0660719438684219,0.015866960841556966,0.0
1.0662840593819052,0.01650171240339216,0.0
1.0664819309452707,0.017131943491228693,0.0
1.0666635363938886,0.017748953529663065,0.0
1.0668273188284632,0.01834392886969729,0.0
1.067013793476372,0.019076743127525757,0.0
1.0671179330489513,0.019516549626609297,0.0
1.0672419627152394,0.020076629567931742,0.0
1.0673552424707495,0.020630113840825217,0.0
1.0674599958590854,0.02118527534627766,0.0
1.067553808967225,0.02172475432553258,0.0
1.067645542771726,0.022299825746107577,0.0
1.0677243725026841,0.022841698047215666,0.0
1.0677984953350077,0.02340177379855818,0.0
1.0678574056943049,0.023893684938093792,0.0
1.0679310832479512,0.024576364813825004,0.0
1.068034174126854,0.025657922538652587,0.0
1.0681276223850733,0.02676653040406563,0.0
1.0682312571600416,0.028127189357666837,0.0
1.0683097090211409,0.029254387505989205,0.0
1.068419211325861,0.030971862110517705,0.0
1.0685385755056442,0.0330283410134367,0.0
1.0686799880029023,0.03573646967468843,0.0
1.0687633372872574,0.037481519304984987,0.0
1.0689153032892518,0.040902689740224527,0.0
1.0690468848401595,0.04408984233155015,0.0
1.0691853680751215,0.047668159187184464,0.0
1.0693256535170823,0.05154213537311886,0.0
1.0694286613942718,0.054478136891781624,0.0
1.0695979123954176,0.059299082295780944,0.0
1.0697041118169004,0.0624176072991411,0.0
1.0698001846240237,0.0657538487784035,0.0
1.069884804882735,0.06933384171461028,0.0
1.0699536074573615,0.07308803882063657,0.0
1.070008505972508,0.07714670692200637,0.0
1.0700479100689668,0.08146631827986812,0.0
1.070070130050222,0.08599465715179866,0.0
1.070071511124183,0.09064473414827721,0.0
1.0700515381658615,0.09536430201117266,0.0
1.0700104378573898,0.10009242660434756,0.0
1.0699469895815172,0.10488115142957964,0.0
1.0698637083092084,0.10971303785802496,0.0
1.0697627520592514,0.11457066945466694,0.0
1.0696409230621966,0.1195756266853439,0.0
1.069496472107268,0.12471910472765337,0.0
1.0693305922146277,0.12987932941002986,0.0
1.0691414998150282,0.13509963843065143,0.0
1.0689306477661777,0.14035390832206013,0.0
1.0687004093575976,0.14559866538884828,0.0
1.0684513288835387,0.1508512631971679,0.0
1.0681846280803957,0.15611169845831877,0.0
1.0679722934447216,0.16008684774714174,0.0
1.0675982842561607,0.1667254981301421,0.0
1.067281025041045,0.17207890728912184,0.0
1.0669487453191504,0.17746623924319213,0.0
1.0666027547151848,0.18286141744396248,0.0
1.0662471791187353,0.18821241843466202,0.0
1.0658815084063618,0.19352789098151862,0.0
1.0655071628284187,0.19879919240676738,0.0
1.065121154388112,0.20408708227382558,0.0
1.0647259761961356,0.20936557925616736,0.0
1.0643227828490074,0.21462603577134043,0.0
1.0639106552917132,0.21990323633190287,0.0
1.0634898902291512,0.2251971941051813,0.0
1.063061657919376,0.2304992731696723,0.0
1.0626278236920814,0.2358096175558148,0.0
1.0621875151399056,0.24115431477004923,0.0
1.0617406716677331,0.24654207868719744,0.0
1.061294145391579,0.2519124256328094,0.0
1.0608443310267424,0.25730866430803656,0.0
1.060394245352234,0.26268743631115904,0.0
1.0599438180194316,0.2680574574415619,0.0
1.059491915933356,0.27342735473883034,0.0
1.0590400582498434,0.2787798106486246,0.0
1.058587789680948,0.2841322318452346,0.0
1.058137595866557,0.28945866020983757,0.0
1.057798248975167,0.29347732518424796,0.0
1.0572369617257587,0.30015510901784387,0.0
1.0567875896365853,0.3055339405557541,0.0
1.0563417739202745,0.3109043464929708,0.0
1.0558991461023601,0.31628373731297543,0.0
1.0554608968140862,0.3216634864031353,0.0
1.0550264887252283,0.32704354711838374,0.0
1.0545980928415244,0.33240665133615077,0.0
1.0541737049222557,0.33777007399645514,0.0
1.0537530677214255,0.34312507382655066,0.0
1.0533347714421417,0.34850641132616045,0.0
1.0529221261743722,0.35387075019802655,0.0
1.0525096511246435,0.3592874051647145,0.0
1.052107395737409,0.36464381711912386,0.0
1.0517080040459956,0.3700440213937452,0.0
1.0513145536152662,0.3754446619585858,0.0
1.0509280262337548,0.3808370885463936,0.0
1.0505472503331919,0.3862299240916588,0.0
1.0501724310601306,0.39160575158537086,0.0
1.049801985767513,0.396990594674432,0.0
1.04943539310119,0.4023844129913794,0.0
1.0490741925095095,0.40776988392442315,0.0
1.0487203523879443,0.4131384224504377,0.0
1.0483733733653982,0.4185074084002772,0.0
1.0480328176726101,0.4238855148932552,0.0
1.0476984583153752,0.42929013569057206,0.0
1.0473683782773955,0.43474726588577184,0.0
1.0470446037409782,0.44020477406533115,0.0
1.046725091551455,0.44570606607815294,0.0
1.046413603494865,0.45118170078821707,0.0
1.0461052373355837,0.45670974470645176,0.0
1.0458059250610188,0.46219476348381294,0.0
1.045513876793763,0.4676627653673611,0.0
1.0452284193353554,0.47312241180922804,0.0
1.044951602151223,0.47853898837509923,0.0
1.0446805554656136,0.48395585650900824,0.0
1.0444169493719222,0.48932958144581123,0.0
1.044160092885582,0.49468622993303485,0.0
1.0439097131397292,0.5000344834949529,0.0
1.0436652965304418,0.5053917138048132,0.0
1.0434282126041579,0.5107579739654827,0.0
1.043197582651294,0.5161506141412392,0.0
1.0429730471681204,0.5215783086571886,0.0
1.04275818612628,0.5269629018932747,0.0
1.042548459266672,0.5323911887240464,0.0
1.0423463701876754,0.5377675785407429,0.0
1.0421499029463135,0.5431702693602184,0.0
1.0419125866089187,0.5499282766012332,0.0
1.041774491648523,0.5539849690549312,0.0
1.041596178076729,0.5594143787876619,0.0
1.0414245611348076,0.5648440040917072,0.0
1.0412592386405555,0.5702651290893216,0.0
1.0410991434660033,0.5757298886011282,0.0
1.0409447620564964,0.5812035074682632,0.0
1.0407956212053184,0.5866859668073624,0.0
1.040617233822006,0.5935240392627591,0.0
1.0405143151671878,0.5976339435935349,0.0
1.040382217574403,0.6030733685972864,0.0
1.040256220111239,0.6085129384257982,0.0
1.0401362914404033,0.6139352574893434,0.0
1.0400216729871807,0.6193663851787649,0.0
1.03991325846056,0.6247889469480232,0.0
1.0398099356395485,0.6302203012157035,0.0
1.0397120548017,0.6356082906338583,0.0
1.039619328845753,0.6410137573378444,0.0
1.0395316243086927,0.6464106147205153,0.0
1.0394485294258233,0.6518249307456162,0.0
1.0393706182645344,0.6572306313047122,0.0
1.0392971069154784,0.6626537783616796,0.0
1.0392279965673876,0.6680595984872424,0.0
1.0391636903221095,0.6734915550355297,0.0
1.0391046071411008,0.6789061861791741,0.0
1.039050727474137,0.6843121795373834,0.0
1.039002451462211,0.689709533868318,0.0
1.038958589135481,0.6951416938039369,0.0
1.0389183837006322,0.700556498237092,0.0
1.03888229412125,0.7059974075375707,0.0
1.0388495470516261,0.7114209540555854,0.0
1.0388196736664312,0.7168532091212406,0.0
1.0387940794871122,0.7222767942338101,0.0
1.0387721891472201,0.7277003954083556,0.0
1.038754345322081,0.7330544772060913,0.0
1.038741172432246,0.7383998807754416,0.0
1.0387325180728302,0.7437539851368921,0.0
1.0387287087957644,0.7490907117564793,0.0
1.0387303694878756,0.7544622064778438,0.0
1.0387367477999083,0.7598250057712961,0.0
1.0387468277745395,0.7651791078215665,0.0
1.0387614683531134,0.7705418911321179,0.0
1.0387798575963436,0.775861203772312,0.0
1.0388022864768978,0.7812239601515261,0.0
1.0388288926185636,0.7865606219316339,0.0
1.0388593776296315,0.7919494141154786,0.0
1.0388926504351885,0.7973294980640148,0.0
1.0389295933250426,0.802753017768176,0.0
1.0389694069027864,0.8081765170152181,0.0
1.0390121662534193,0.8136260699756831,0.0
1.0390590627255656,0.8190755888888335,0.0
1.0391096715928636,0.8244989980760541,0.0
1.0391637143756658,0.8298962977495247,0.0
1.0392211287858737,0.8352587937237498,0.0
1.0392807698386175,0.8406038807737278,0.0
1.0393420305158338,0.8459315649898015,0.0
1.0394060073657165,0.8512852943688721,0.0
1.0394719130039942,0.8566476926574692,0.0
1.0395397254860543,0.8619926823649683,0.0
1.0396108789972445,0.8673723986725619,0.0
1.0396848152586904,0.8727694624315666,0.0
1.0397616636127471,0.878175178219985,0.0
1.0398430704188444,0.8836069054484493,0.0
1.03992747111,0.8890038156322623,0.0
1.0400157659033389,0.8944180494481648,0.0
1.0401078997579032,0.8998409123519677,0.0
1.0402033256473724,0.9052811043783047,0.0
1.0403003503355837,0.9107038819839374,0.0
1.0404005000571974,0.9161700688490245,0.0
1.0405019342833057,0.9216536184702363,0.0
1.0406039702749024,0.9271632366663164,0.0
1.0407072418146306,0.9326902183587147,0.0
1.040810225263713,0.9381824323684989,0.0
1.0409131295737502,0.9436224882025744,0.0
1.0410435563885303,0.9503486302266377,0.0
1.04112391673579,0.9543634097204057,0.0
1.0412299161754426,0.9595426019234358,0.0
1.0413346560384749,0.9645392545648034,0.0
1.0414339590205013,0.9693012926322525,0.0
1.0415238154239108,0.9737070883231982,0.0
1.0416067971736649,0.9778522175671397,0.0
1.0416810268032675,0.9816932492905208,0.0
1.041749566178825,0.9854648411725225,0.0
1.0418150622196876,0.9892104083597957,0.0
1.041873235056712,0.9925823015735716,0.0
1.0419260717314422,0.9956500306896847,0.0
1.0419840638846027,0.9989958479146418,0.0
1.0420097754602173,1.0004819129853562,0.0
1.0420380176754598,1.002159180893713,0.0
1.0420579548017106,1.0034714819173285,0.0
1.042069171343021,1.0043405832623156,0.0
1.042075213621239,1.0049663590270628,0.0
1.0420784361992412,1.0055052369158046,0.0
1.0420794067119747,1.0061049655700316,0.0
1.0420776145072872,1.006574315318334,0.0
1.0420762915440993,1.0067133767918233,0.0
1.0420750570102364,1.006808977969064,0.0
1.0420779607056254,1.0066699406476691,0.0
1.0420830765959277,1.006478791134886,0.0
1.042091078420331,1.0062442510662908,0.0
1.0420903489135862,1.0062529201493235,0.0
1.0420722513219747,1.0066349278254387,0.0
1.042058523991979,1.0068953180278981,0.0
1.0420412588264663,1.0071816246270386,0.0
1.0420270005263623,1.0073897380495878,0.0
1.0420039578935056,1.0076930742567778,0.0
1.0420018877311334,1.0077190672559746,0.0
1.0419965152085517,1.0077796719498544,0.0
1.0420281267888791,1.007468370943621,0.0
1.0420027847992488,1.007692930738628,0.0
1.0419692456881477,1.0079690353025017,0.0
1.0419240114169523,1.0083137482925963,0.0
1.0418833340796054,1.0085976753468695,0.0
1.0418952725361035,1.0085203661395972,0.0
1.0418501859271707,1.0087948220620637,0.0
1.0418112355948443,1.009017424231039,0.0
1.0417681883912207,1.0092481183081725,0.0
1.04166166771169,1.0097852341400495,0.0
1.0414660112990481,1.0107033154208398,0.0
1.041300611861953,1.011432272601141,0.0
1.040954751632835,1.0128598595347178,0.0
1.0407811951455912,1.0135331875019378,0.0
1.0405215776067063,1.0144894182421842,0.0
1.040295133050015,1.0152744286555053,0.0
1.0400944234475635,1.0159401674141835,0.0
1.0396763966644722,1.0172573954415165,0.0
1.0392690407278171,1.0184683912400119,0.0
1.038749347273766,1.0199348311777856,0.0
1.0381599775654484,1.0215146557348198,0.0
1.03745735690863,1.02330239121718,0.0
1.0366694806715981,1.0252056775953544,0.0
1.0360163379630922,1.0267129763379697,0.0
1.0348022647747361,1.0293690021780217,0.0
1.033711445637096,1.0316123411711116,0.0
1.0325525402933982,1.0338702321274986,0.0
1.031304859266622,1.0361697066736169,0.0
1.029986011591978,1.0384692761133696,0.0
1.0285935722644832,1.0407657966494663,0.0
1.0271249812399639,1.0430557874280164,0.0
1.0255589415454263,1.045364789165313,0.0
1.0239279447286553,1.0476390744116144,0.0
1.0222103681225583,1.049903487930976,0.0
1.0204762072953322,1.0520667961193475,0.0
1.018712198515026,1.054149199407557,0.0
1.0169376398442183,1.0561302020329772,0.0
1.0151551229519065,1.0580093050426638,0.0
1.0134060993386402,1.059751080898231,0.0
1.0116713865460627,1.0613826842337537,0.0
1.0099952948043327,1.0628723338595871,0.0
1.008277538931411,1.0643137470195396,0.0
1.0066145950646632,1.0656298218712845,0.0
1.0050471972894068,1.0667992454024935,0.0
1.0031791948234432,1.0681014976563532,0.0
1.0021106588038755,1.0688019671644022,0.0
1.0006857676847252,1.0696871403882118,0.0
0.9993562552132966,1.070461115394777,0.0
0.9981574124907135,1.0711128784852781,0.0
0.9970101193512008,1.0716945808179925,0.0
0.9958938630123207,1.0722210717915541,0.0
0.9948109744458408,1.0726949602476128,0.0
0.9938039416839858,1.0731026679603597,0.0
0.9928268765290744,1.0734675650650412,0.0
0.9918568408988059,1.0738005558271713,0.0
0.9909531714344003,1.0740849926697433,0.0
0.9902938680318165,1.0742768051414582,0.0
0.9892436549481499,1.0745549765576716,0.0
0.988651998458533,1.0746967901372768,0.0
0.987751482943426,1.0748913613019477,0.0
0.9871111475701229,1.0750134427757787,0.0
0.9864941432678597,1.0751179663320667,0.0
0.9859182036824818,1.0752040539996728,0.0
0.985383830759019,1.0752736115216155,0.0
0.9848223789140417,1.0753364415241984,0.0
0.9842253473553024,1.0753932020293187,0.0
0.9833761456629216,1.0754594534167696,0.0
0.9822745298656735,1.0755295383087964,0.0
0.9809116810059554,1.0755985436863362,0.0
0.9793048829872173,1.0756597353636062,0.0
0.9774802967949386,1.0757092484125192,0.0
0.9750382583832983,1.0757491464779558,0.0
0.9734477069116302,1.075759525195388,0.0
0.9711270206499131,1.075756776754462,0.0
0.9685282926894202,1.0757342226136657,0.0
0.9654778281341391,1.0756891716405992,0.0
0.9620452217819331,1.0756234554068242,0.0
0.9583869042123193,1.075542125016555,0.0
0.9544245879417419,1.075448036868706,0.0
0.9502885460318816,1.0753473177591018,0.0
0.9465956998991514,1.0752554699543366,0.0
0.9434508210910673,1.0751575210189854,0.0
0.9400981332144736,1.0750328240083027,0.0
0.9365812157564022,1.074881992514158,0.0
0.9328828067211006,1.0747042467191987,0.0
0.9288641282397054,1.074492125029431,0.0
0.9246554047242294,1.0742533567565486,0.0
0.9202480824620748,1.073986367114933,0.0
0.9157203417505297,1.0736953148967274,0.0
0.9110721463725199,1.0733815925999384,0.0
0.9075606377753956,1.0731350318738226,0.0
0.9016312652396131,1.0727022332787608,0.0
0.8967257298589573,1.072331510644195,0.0
0.8916391025408071,1.071935103493582,0.0
0.886458276080985,1.071517136230646,0.0
0.8812525634028378,1.0710836028930963,0.0
0.8760653080687051,1.070638100208573,0.0
0.8708878421562835,1.0701803802573377,0.0
0.8657027497674283,1.0697103738421887,0.0
0.860518651944585,1.0692295151109772,0.0
0.8553528777088159,1.0687394500812102,0.0
0.850179367565825,1.068238994213628,0.0
0.8449549028679401,1.0677237500206855,0.0
0.8397054153768542,1.0671966366963206,0.0
0.8344134751666621,1.0666573864940223,0.0
0.8291049707339946,1.066109256843472,0.0
0.823779894132521,1.0655524195851067,0.0
0.8184812776279414,1.0649932840329606,0.0
0.8132004034746183,1.0644316770253026,0.0
0.8078940241121392,1.0638633420297545,0.0
0.802587889561588,1.0632927262039338,0.0
0.7972733331443704,1.0627191375163016,0.0
0.7918898298204843,1.0621363712325218,0.0
0.7865236795590608,1.0615548245478537,0.0
0.7811230742929236,1.0609685215808067,0.0
0.7757398601910015,1.0603830895237918,0.0
0.7703652547609207,1.0597988926381705,0.0
0.7650338157266708,1.0592197403038603,0.0
0.7597282801471482,1.0586435812340929,0.0
0.7531436626764074,1.0579306009453453,0.0
0.7492031041951578,1.057505392773238,0.0
0.7439230012131627,1.0569365809743798,0.0
0.7386512469061302,1.056371427044503,0.0
0.7333532546526929,1.0558064066496111,0.0
0.7280376038437815,1.055243051506265,0.0
0.7227041273393752,1.0546829733001737,0.0
0.7173528336120996,1.0541261413822853,0.0
0.7119751205736563,1.053571281266825,0.0
0.7065449682221244,1.0530165635956232,0.0
0.7011316121677144,1.0524685035785502,0.0
0.6957091218235474,1.0519243970090388,0.0
0.6902860010538282,1.051386609167801,0.0
0.6848968810582796,1.05085830480351,0.0
0.6795071775046979,1.0503359855453773,0.0
0.6741255081727121,1.0498209101441602,0.0
0.6687172944999762,1.0493095311967546,0.0
0.6632912304830877,1.0488023004842808,0.0
0.6578385860297263,1.0482993014795365,0.0
0.6524286500763724,1.047806476884702,0.0
0.6470181147025862,1.0473202755928115,0.0
0.6416415416439613,1.0468446444972794,0.0
0.6362644035997287,1.0463754466078792,0.0
0.6308780721881307,1.0459116565178321,0.0
0.6255084992081867,1.0454559193011843,0.0
0.6201470807576748,1.0450069225436387,0.0
0.6148457919100229,1.044569017684269,0.0
0.6095439197622511,1.044138231250222,0.0
0.6042502179382963,1.0437142606529421,0.0
0.5989387037080443,1.0432949929266908,0.0
0.5936179658679602,1.0428821817581229,0.0
0.5882793196057178,1.0424755362152176,0.0
0.5828880824979826,1.0420727620924246,0.0
0.577487527662909,1.04167813832671,0.0
0.5720690582003628,1.0412902339882302,0.0
0.5666327113713002,1.040908676306349,0.0
0.5598169642227875,1.0404419790423747,0.0
0.5556975912047416,1.0401664675651199,0.0
0.5502336021899489,1.0398070764121083,0.0
0.5447777750215257,1.0394561123894195,0.0
0.5393301865079372,1.039112540535812,0.0
0.5338908795466312,1.0387758016788078,0.0
0.5284337741904028,1.0384453062130061,0.0
0.5229936041857185,1.0381228143284307,0.0
0.5175530238877204,1.0378073165286934,0.0
0.5121206859859738,1.03749991009945,0.0
0.5067053010132279,1.0372006948637345,0.0
0.49993549959296735,1.0368371448885054,0.0
0.49586461697892886,1.0366246310311238,0.0
0.49047404845449627,1.0363498047656237,0.0
0.4851265208115747,1.0360843718806827,0.0
0.4797959455886724,1.0358281858058431,0.0
0.4744823852767673,1.0355801964202804,0.0
0.46915979517513945,1.0353393581343122,0.0
0.4638542406663938,1.035106714424809,0.0
0.4584963060859916,1.0348782586107084,0.0
0.45312076846752664,1.034654643386381,0.0
0.4477189293917492,1.0344360058438744,0.0
0.44229082878184295,1.0342215107411192,0.0
0.436819089441574,1.0340107784051618,0.0
0.43135579623439907,1.0338066858794626,0.0
0.42588357412076194,1.0336088949016506,0.0
0.4204458455276082,1.0334194187929677,0.0
0.41505128006660963,1.0332393481024378,0.0
0.409699908612052,1.033068093697015,0.0
0.4043917521626096,1.032905286934804,0.0
0.399074688945997,1.0327495176711583,0.0
0.393731376142112,1.0325994623743118,0.0
0.3883878962558417,1.032455468754726,0.0
0.38168007662018255,1.0322835420338787,0.0
0.3776396210453928,1.0321849311901297,0.0
0.37224352584224835,1.0320587602938132,0.0
0.36684726355607655,1.0319399516431726,0.0
0.3614508492043258,1.031828275239975,0.0
0.3560282239116501,1.0317230935323463,0.0
0.35063153746615217,1.0316254286151858,0.0
0.3452173702364862,1.03153315821584,0.0
0.33983787461099446,1.031446929151521,0.0
0.3344495904816102,1.0313669012294937,0.0
0.3277228085411057,1.0312752931922275,0.0
0.3236814663599437,1.0312247014603437,0.0
0.31828424406544736,1.0311634252070656,0.0
0.31287827131374485,1.031107527358806,0.0
0.307472250155318,1.0310565017216637,0.0
0.30071031792709524,1.030999404979027,0.0
0.2966513920635599,1.0309686581791055,0.0
0.2912452594439337,1.0309312556689587,0.0
0.28582171364618986,1.0308983816669386,0.0
0.2804242191116126,1.0308698282258868,0.0
0.27502670319038725,1.0308456112829272,0.0
0.2696552422737915,1.0308264707734893,0.0
0.2642663844223024,1.030811605241448,0.0
0.2588775166817,1.0308008279973135,0.0
0.2534799503517723,1.0307943102383397,0.0
0.24804761449552323,1.0307905596424225,0.0
0.2426326609483387,1.0307889032731383,0.0
0.23719163216340947,1.0307904089967803,0.0
0.23177668020592077,1.0307946483013868,0.0
0.22633565682918044,1.030802439477646,0.0
0.22088595002614161,1.0308147403004433,0.0
0.21544494521325058,1.0308309115522472,0.0
0.21001264210249249,1.0308501652536233,0.0
0.2046064276115663,1.0308728383564316,0.0
0.1991828423970667,1.0308983925516444,0.0
0.19382011265182336,1.0309264901213728,0.0
0.18842263698289943,1.0309584480195122,0.0
0.1830425641415487,1.0309934483337333,0.0
0.17766250954750099,1.0310311690198952,0.0
0.17226509621799707,1.031072332648698,0.0
0.1668677020863938,1.0311159331928301,0.0
0.1614790209888452,1.031162067590218,0.0
0.15607298442751985,1.0312114417827516,0.0
0.1506669726118399,1.031263442958681,0.0
0.1452436032089628,1.031318171742281,0.0
0.13843835306744037,1.0313902777542574,0.0
0.13434478866454297,1.0314350585732541,0.0
0.1289127848687658,1.0314952518436544,0.0
0.12209890276650914,1.031572846033463,0.0
0.11664085190121908,1.0316356752852411,0.0
0.11254731369297279,1.0316827946426217,0.0
0.10709796783323688,1.0317467172139143,0.0
0.10033626525395925,1.031826512494113,0.0
0.09493908105247284,1.0318910717791505,0.0
0.08956799677857118,1.0319575061322745,0.0
0.08419693933922656,1.0320260667064007,0.0
0.0801643132624767,1.0320785202312928,0.0
0.07344620431256825,1.0321687424526986,0.0
0.0680752182133819,1.0322426845130734,0.0
0.06272162940089462,1.0323175039268593,0.0
0.05738544977103666,1.0323940176555673,0.0
0.052057985699858166,1.0324721073381076,0.0
0.046713152088245384,1.0325512741120828,0.0
0.04152476537090071,1.0326289797680792,0.0
0.03649281241834891,1.0327043423285955,0.0
0.031712867642470756,1.0327743080539462,0.0
0.028349521799369545,1.032823340985603,0.0
0.02316977136071473,1.032897188810155,0.0
0.019180635166015647,1.0329516802579324,0.0
0.015434780667084548,1.0329978655012606,0.0
0.012036501497625347,1.0330338726912014,0.0
0.008664254791270514,1.03306549663697,0.0
0.005561442713349863,1.033094865001766,0.0
0.002893201109946085,1.0331204292795149,0.0
0.000659517306944263,1.0331408270175402,0.0
-0.0011048587995141006,1.0331536453210513,0.0
-0.002425989438003471,1.0331595564305331,0.0
-0.0033386212530938804,1.0331603218111267,0.0
-0.003955730900390589,1.033158269822575,0.0
-0.004485910789405075,1.0331541777690285,0.0
-0.005042135414584525,1.0331470241001262,0.0
-0.00549402581312211,1.0331385558428725,0.0
-0.0056764945000695845,1.033133970911885,0.0
-0.005884987999173791,1.0331272677803403,0.0
-0.006136842053626952,1.0331170833808876,0.0
-0.006214986080705719,1.0331135153535298,0.0
-0.006431949522869231,1.033101547063278,0.0
-0.006778989709878508,1.033080645683446,0.0
-0.006883068014721468,1.0330738370227484,0.0
-0.006995755252983224,1.0330655394144288,0.0
-0.007091057067151701,1.0330578801443386,0.0
-0.006935196999328468,1.033071467933124,0.0
-0.007039015485215054,1.033061451446082,0.0
-0.007315577207232162,1.0330319116824636,0.0
-0.007574602810496049,1.0330019646410236,0.0
-0.00789366229980983,1.0329616706471998,0.0
-0.008091698352456876,1.0329343755444007,0.0
-0.0077564451105983714,1.0329844843048448,0.0
-0.00761900193021157,1.033005678400794,0.0
-0.007481874697445808,1.0330288246651804,0.0
-0.007370489210058628,1.0330478328809927,0.0
-0.007447388954890152,1.0330334909917738,0.0
-0.00772013830926951,1.0329790214876136,0.0
-0.007864833710931354,1.0329490878549112,0.0
-0.008230130410500006,1.0328700807189637,0.0
-0.008670488526648546,1.0327682957383106,0.0
-0.009160099756731538,1.0326482279601474,0.0
-0.00977446095926653,1.0324896678107842,0.0
-0.010545959995628431,1.0322794200643999,0.0
-0.011331121094681084,1.032053503514999,0.0
-0.012287268397534258,1.0317621893767173,0.0
-0.013453618471651989,1.0313859817689963,0.0
-0.014835097653813713,1.0309130333445922,0.0
-0.01635460224393384,1.030361096290844,0.0
-0.01801727632589322,1.0297205890835526,0.0
-0.01988362878595166,1.0289571786570804,0.0
-0.021859958650934704,1.02809674761185,0.0
-0.023918909722580546,1.0271444868784496,0.0
-0.026126293575133977,1.026059308198821,0.0
-0.0284221115449082,1.0248602627318082,0.0
-0.03080877550162345,1.0235366185932926,0.0
-0.03322040826275139,1.0221165617860644,0.0
-0.035585778321901455,1.0206370545012606,0.0
-0.03794612257793326,1.0190695527062383,0.0
-0.040212979347222885,1.017473130106919,0.0
-0.04244801299688246,1.0158032466941374,0.0
-0.04458693545986356,1.0141082244987678,0.0
-0.04662288422004402,1.0123969954376295,0.0
-0.048511340735022196,1.010714543550805,0.0
-0.05029944295927283,1.0090255462515214,0.0
-0.05199455790269001,1.007328188073632,0.0
-0.05363449732913786,1.005589385230995,0.0
-0.05520148092639542,1.003830857356458,0.0
-0.05665710244155768,1.0021023386735857,0.0
-0.057958934309659364,1.0004613793350778,0.0
-0.05908694756899061,0.9989498434520583,0.0
-0.060125073434710734,0.9974698038900904,0.0
-0.0610811749739535,0.9960180744014758,0.0
-0.061925875119370186,0.9946499081355867,0.0
-0.06262096548426999,0.9934454550942825,0.0
-0.06325550721919457,0.9922669417729871,0.0
-0.06381228355678219,0.9911557502833473,0.0
-0.0643077377121302,0.990092138853574,0.0
-0.06474925859727729,0.9890709945062222,0.0
-0.06514004631791981,0.9880946254469425,0.0
-0.06549260499241503,0.9871407906674592,0.0
-0.06580639413496843,0.9862193020890334,0.0
-0.06610456999516345,0.985265287522694,0.0
-0.0663982278428028,0.9842373530628764,0.0
-0.0666534154890836,0.9832529819252003,0.0
-0.06687126396456193,0.9823220613879285,0.0
-0.06704970028964603,0.9814714185252444,0.0
-0.06719156256675993,0.9807109872832287,0.0
-0.06730897729167644,0.9799992045081187,0.0
-0.06740552755365364,0.9793281698204966,0.0
-0.06749818137591368,0.978577695997816,0.0
-0.06760374297993627,0.9775750066565133,0.0
-0.06771791165852865,0.9762762682168319,0.0
-0.06782799078072572,0.9747505010330045,0.0
-0.06792668022301747,0.9730410871947448,0.0
-0.06801621553840939,0.9710266048787,0.0
-0.0680877996897093,0.9688374672152482,0.0
-0.06813551194823485,0.9666215976163534,0.0
-0.06816387323652313,0.9640577009003672,0.0
-0.06816962193197824,0.9612328989586415,0.0
-0.06815791535316743,0.9588340101272385,0.0
-0.06810747824265315,0.9543754424956129,0.0
-0.06804406214463929,0.9505689907637059,0.0
-0.06796401685045059,0.9464585779122056,0.0
-0.06787465831932478,0.9422266443759255,0.0
-0.06779376632403394,0.9390030313448765,0.0
-0.06767711949917718,0.9354413336901171,0.0
-0.06753479770416385,0.9318544744644178,0.0
-0.06736507678651138,0.92819049492624,0.0
-0.06716457196329426,0.9243539864308102,0.0
-0.06692947045360459,0.920275643342809,0.0
-0.06666824304993478,0.9160943809610657,0.0
-0.06637781210226561,0.9117843637815534,0.0
-0.0660662693429958,0.9074409646385648,0.0
-0.06573331144567544,0.9030555685980772,0.0
-0.06537678654075182,0.8986022655045847,0.0
-0.06499114536566569,0.8939769272215289,0.0
-0.06457175139292906,0.8891363815230415,0.0
-0.06412882988488709,0.8842368386650373,0.0
-0.0636651143765688,0.8793042994908785,0.0
-0.0631818576600718,0.8743474362235149,0.0
-0.06267420654259231,0.8693231184807845,0.0
-0.06214725121350862,0.8642745717943316,0.0
-0.061602881331359736,0.8592103884509036,0.0
-0.0610401113819765,0.8541132366479037,0.0
-0.060463611744129106,0.8490176197364977,0.0
-0.05987311379856478,0.8439061058256977,0.0
-0.05927259935825137,0.8388045103648253,0.0
-0.058662292654055606,0.8336953235582131,0.0
-0.058040459616956495,0.8285525044691917,0.0
-0.05740587767733942,0.8233674571303952,0.0
-0.05676097845922293,0.8181486498446485,0.0
-0.05610694184501327,0.81290470141871,0.0
-0.055442841903574354,0.8076357353476179,0.0
-0.05477195834991763,0.802358867049262,0.0
-0.05409423179492033,0.7970653472052874,0.0
-0.0534119638633129,0.7917724106487236,0.0
-0.052731650928316706,0.7865142773403723,0.0
-0.05205235916011391,0.7812735403452726,0.0
-0.051373089793671535,0.7760415650087056,0.0
-0.050696231139637754,0.7708268060641568,0.0
-0.05001816995750448,0.7655946740243894,0.0
-0.049342975848955896,0.7603796993451485,0.0
-0.04866921606918475,0.7551645391053615,0.0
-0.04799968534458504,0.7499663608828689,0.0
-0.04732925497349438,0.7447507716324585,0.0
-0.04665961164434735,0.739526318263415,0.0
-0.04598681989868316,0.7342584548012877,0.0
-0.04514480957886727,0.727636517133343,0.0
-0.04464295615977333,0.7236699382161635,0.0
-0.043970951282013435,0.71832312420608,0.0
-0.04330336623420811,0.7129757565994618,0.0
-0.04264072568700493,0.7076277738748026,0.0
-0.04198578740673874,0.7022963563572633,0.0
-0.04133823276835659,0.6969815487119018,0.0
-0.04069826634984526,0.6916745764766647,0.0
-0.039911201295423054,0.6850633900385611,0.0
-0.039441490660507034,0.681075372621692,0.0
-0.03882066027609969,0.6757486262481518,0.0
-0.038199962269338875,0.6703606153598385,0.0
-0.037584393463230045,0.6649632679708223,0.0
-0.03697338335088754,0.6595391615381707,0.0
-0.03637419521030976,0.6541487164286717,0.0
-0.03578182949091533,0.6487487734241183,0.0
-0.03520286010983428,0.6433910870739467,0.0
-0.034632834947460236,0.638041182720358,0.0
-0.03407369056725347,0.6327250877860746,0.0
-0.033523060572155206,0.6274168421824755,0.0
-0.03298102112194408,0.6221164497695021,0.0
-0.03244527734066218,0.6168066812915199,0.0
-0.031914963420513434,0.6114701633258312,0.0
-0.031391356210504526,0.6061155167678538,0.0
-0.03087225552714678,0.6007255025767555,0.0
-0.03036211157126303,0.5953346330927538,0.0
-0.029858062824099408,0.5899082731762431,0.0
-0.02936217887250588,0.5844724329969284,0.0
-0.02887758526767235,0.5790530269224113,0.0
-0.02828529674660963,0.5722906679600903,0.0
-0.02793517679636657,0.5682293058464499,0.0
-0.02747597418980995,0.5628251350936919,0.0
-0.02702432089815009,0.5574203283918289,0.0
-0.026580273390424455,0.5520236124805723,0.0
-0.02615130338745388,0.5467128731015204,0.0
-0.025629928432913073,0.5400928848599311,0.0
-0.02532065362493665,0.5360805114923967,0.0
-0.024816390021160824,0.5293981804368502,0.0
-0.024520009392404115,0.525384833926713,0.0
-0.024129194780224496,0.5200014312644152,0.0
-0.023747358136741253,0.5146260978483066,0.0
-0.023373122693508323,0.5092415174009588,0.0
-0.023006122928018926,0.5038477269821469,0.0
-0.022649284584299656,0.4984793870539456,0.0
-0.02221756968479222,0.4918093969419049,0.0
-0.021963610871318245,0.4878018520676877,0.0
-0.02163159685706309,0.48245804482199456,0.0
-0.021305826367017607,0.47709643796428614,0.0
-0.020984498536274914,0.471691026953381,0.0
-0.020595221410100874,0.46494877447311656,0.0
-0.020368173603247577,0.46089608741871063,0.0
-0.02000417007367546,0.45419594630621557,0.0
-0.01979326747206131,0.45018590495788463,0.0
-0.019452446977379814,0.44348454435819634,0.0
-0.0191877124868688,0.438093470809367,0.0
-0.01899354293659672,0.43403037363193436,0.0
-0.01867946601662934,0.4272493956481756,0.0
-0.01843586258924512,0.42181382318137983,0.0
-0.01820004807631492,0.4163866068528631,0.0
-0.018027261848531588,0.41229644559053535,0.0
-0.017746692559087535,0.405470502778917,0.0
-0.017529806437186435,0.40000770248414397,0.0
-0.01731951621863859,0.39452724808985334,0.0
-0.01711595385485344,0.38905523761302374,0.0
-0.016919249179051025,0.38358297601713476,0.0
-0.01672916243901961,0.3781104805672223,0.0
-0.01654462999454351,0.37262909853076814,0.0
-0.016366567996638447,0.36716489490027837,0.0
-0.0161946987734149,0.36170049303157514,0.0
-0.01602835881414752,0.3562359202771668,0.0
-0.01586832582986189,0.3507972453198713,0.0
-0.015714642547469813,0.3453670825100738,0.0
-0.015566627213725278,0.3399715423394576,0.0
-0.015424362342520209,0.3345845420682014,0.0
-0.015288740061384002,0.32922345406355136,0.0
-0.015157910193718479,0.32383616422704864,0.0
-0.015033876869632479,0.31848348960421247,0.0
-0.014915705383979502,0.31311329467787336,0.0
-0.014802901233268318,0.30774298455764687,0.0
-0.01469647816778133,0.30238993088344335,0.0
-0.01459736473092032,0.29703673705828515,0.0
-0.01450552619948866,0.2916921067542156,0.0
-0.014420195660583793,0.2863125968746259,0.0
-0.014341910468587757,0.2809416724666613,0.0
-0.014250885096550505,0.27419749720541775,0.0
-0.01419843860939851,0.27012140871152224,0.0
-0.014131576159060749,0.2646894829409924,0.0
-0.014066387157827926,0.2592227674637162,0.0
-0.014003566247230582,0.25374733185431286,0.0
-0.01394411774486644,0.24827185863115436,0.0
-0.013888221128326557,0.24284850131264674,0.0
-0.013836419228956095,0.23741641111178707,0.0
-0.013790573229620722,0.23201034366159912,0.0
-0.01375018831569828,0.22659554085509012,0.0
-0.013715593982256155,0.2211633138777784,0.0
-0.013687634993377752,0.21573104875213908,0.0
-0.013664876978632463,0.21029875946914905,0.0
-0.013646869525813548,0.20490991102923511,0.0
-0.013633320101034215,0.19950366601533104,0.0
-0.013622859102608444,0.19412348947904906,0.0
-0.013615239407221025,0.18874330803028494,0.0
-0.013611006241146858,0.18338050637187117,0.0
-0.013609138153212033,0.17801770344351037,0.0
-0.013610096837048018,0.17265490015852142,0.0
-0.013614555372372111,0.1672747152342767,0.0
-0.013622229550226616,0.16187715054748683,0.0
-0.013633605039064686,0.15647090050148962,0.0
-0.013650331102604977,0.15106466445485084,0.0
-0.013671530651185973,0.14568451963930912,0.0
-0.013697341450071947,0.14026962737619256,0.0
-0.013727221631511207,0.1348634479385402,0.0
-0.013759709098993055,0.1294485916956709,0.0
-0.013794679893937598,0.12399898312555575,0.0
-0.013831989181435462,0.11853200619645907,0.0
-0.013870563670461833,0.11307373007620344,0.0
-0.01391097636839167,0.10765023509330034,0.0
-0.013943562662799381,0.10357393947580341,0.0
-0.01400079347802457,0.09681200842426803,0.0
-0.01405079226262255,0.09139728550181492,0.0
-0.014119322653410992,0.0846180751131103,0.0
-0.0141632322395913,0.08055057804062814,0.0
-0.014225005802537938,0.07512728431273984,0.0
-0.014290256811112073,0.06971272368964446,0.0
-0.014357401242736871,0.0642894938598797,0.0
-0.01442690711907098,0.05884021634289391,0.0
-0.014498995887687487,0.0533909724378698,0.0
-0.014573237244819483,0.047941757521959526,0.0
-0.01464798232547905,0.042622938011787515,0.0
-0.014722456219366856,0.03746058182599895,0.0
-0.014792015422875386,0.03260239730146079,0.0
-0.01485611809203231,0.02809183996111686,0.0
-0.014915588464135007,0.023876765745636658,0.0
-0.014970601198545633,0.019809403701140215,0.0
-0.015021224331550067,0.01575936952636751,0.0
-0.015070317569258876,0.01186577966887647,0.0
-0.015116121274490498,0.008328538225963652,0.0
-0.015158522354812064,0.0051389515864062,0.0
-0.015187721371873268,0.0029749053925546705,0.0
-0.01523023757788666,-0.0002146796728961422,0.0
-0.015255697613740321,-0.002231002493083383,0.0
-0.015273662599182178,-0.003804104624187565,0.0
-0.015284686293845141,-0.005012205590656161,0.0
-0.015287265151015585,-0.0054815522717030565,0.0
-0.0152879752557781,-0.006020439141562118,0.0
-0.015286199078512915,-0.006507172723203689,0.0
-0.015284449831101988,-0.006698382768385621,0.0
-0.015281180446215705,-0.006906958570563588,0.0
-0.015275332399335342,-0.00715895025603919,0.0
-0.015276807637883775,-0.007115516508567002,0.0
-0.015288700795677264,-0.006802840733008492,0.0
-0.015309237197575178,-0.006351338082875915,0.0
-0.015325167684758676,-0.006047545122233465,0.0
-0.015310774919198106,-0.006281779959694604,0.0
-0.015300801357597385,-0.006429202223119192,0.0
-0.015283167897979415,-0.006663215340717629,0.0
-0.015236581212117845,-0.007208806097146088,0.0
-0.01516101802060445,-0.007996133868195494,0.0
-0.015071965413955802,-0.008843253530805752,0.0
-0.015067282029265295,-0.008886459526583387,0.0
-0.015097411650803973,-0.008644963271480748,0.0
-0.015103581039089636,-0.008593175099204488,0.0
-0.01507197366615762,-0.00881693841737639,0.0
-0.015005550851467452,-0.009246417881229074,0.0
-0.014909541029422532,-0.009829603548454104,0.0
-0.014820343068393594,-0.01034342154288078,0.0
-0.014782865848694588,-0.010548628472163788,0.0
-0.014721120033711264,-0.010873091045823707,0.0
-0.014638534844145954,-0.011282037220923195,0.0
-0.014543830017531947,-0.011732858485944792,0.0
-0.014341662901578178,-0.01264953365546656,0.0
-0.014092654698422313,-0.013724926619063958,0.0
-0.013848775485417974,-0.014730075369207596,0.0
-0.013615528252739196,-0.01564830966365976,0.0
-0.013316218787854463,-0.016773880545575215,0.0
-0.01297532937539321,-0.017996222796978295,0.0
-0.01257781842545853,-0.01935605714089369,0.0
-0.012147025463142653,-0.0207603598002478,0.0
-0.011675710489438905,-0.022224810940106143,0.0
-0.011121691305689373,-0.023863322553118158,0.0
-0.010496545490507384,-0.02562435938013929,0.0
-0.0098031832962173,-0.02748079809247591,0.0
-0.009005388174952441,-0.029511292330383875,0.0
-0.008134813061543218,-0.03161551701867131,0.0
-0.007156896909149295,-0.03386301910977453,0.0
-0.00603109645254635,-0.03632051490271708,0.0
-0.004845225503214694,-0.03877857291512427,0.0
-0.0035896867915110675,-0.04125062216828371,0.0
-0.0022228081187244506,-0.043801812776034975,0.0
-0.0007695173473521951,-0.04637489097627861,0.0
0.0008058919674136761,-0.04901777684709788,0.0
0.0024029997470529814,-0.051555635554675294,0.0
0.00404260468355702,-0.05402461893393754,0.0
0.005774245905391622,-0.05649391430857229,0.0
0.007610744918017366,-0.05897333208863828,0.0
0.009489252680378289,-0.061377098316023775,0.0
0.011451168044945104,-0.06375850528086721,0.0
0.013463979030121696,-0.06607406968241011,0.0
0.015455887172950489,-0.06824516944763512,0.0
0.017408588036184273,-0.07026214124389514,0.0
0.019309255068725037,-0.07212249650374859,0.0
0.021202751587806812,-0.07387696430862911,0.0
0.023116156348270314,-0.07555746814982393,0.0
0.025000130977139268,-0.07712528769879654,0.0
0.02684263751358357,-0.07857863089679054,0.0
0.028604505546988335,-0.0798943835831999,0.0
0.030301249667912172,-0.08109275859429796,0.0
0.03192155055602821,-0.08217211573456835,0.0
0.03380324675937763,-0.08334307691331691,0.0
0.03492113207474118,-0.0839969016722571,0.0
0.03637339658086376,-0.0848011275983423,0.0
0.03776129431746554,-0.0855231461242712,0.0
0.03904284468718559,-0.08614717720499326,0.0
0.04019810941992876,-0.0866721727816933,0.0
0.041343036212589564,-0.08715580703380356,0.0
0.04240321248570065,-0.08757102793937635,0.0
0.04340833417194894,-0.08793519013185856,0.0
0.04429032467711407,-0.08823011705130686,0.0
0.04510452562186632,-0.08848029856837626,0.0
0.04588261834423525,-0.08869925974160525,0.0
0.04674133560948365,-0.08891961826956757,0.0
0.04768093601919066,-0.08913852821718937,0.0
0.04855709969139602,-0.08932231886225112,0.0
0.04940281674637178,-0.08948096277994981,0.0
0.050217278593305374,-0.08961674961024998,0.0
0.05099122973848342,-0.08973035831283123,0.0
0.051732689009419006,-0.0898250357612536,0.0
0.05243252054904519,-0.08990174211479617,0.0
0.053124904419922625,-0.08996570146582765,0.0
0.05379222571418131,-0.09001657717878406,0.0
0.05440817505208203,-0.0900543841075363,0.0
0.05498986089080178,-0.09008203520691091,0.0
0.05568480813266901,-0.09010519676395345,0.0
0.05606715549029715,-0.09011341085240705,0.0
0.056571235279366784,-0.09011966700654146,0.0
0.05696236103421701,-0.0901207241899336,0.0
0.057379558324337006,-0.09011860854170661,0.0
0.05782280519510861,-0.0901133572661296,0.0
0.058213872349776104,-0.09010646236987577,0.0
0.0586483535932888,-0.09009688893043688,0.0
0.058987218214573214,-0.09008813352831284,0.0
0.05936080410773576,-0.09007724287254514,0.0
0.05951717517046262,-0.09007223300618017,0.0
0.059647477195398535,-0.09006783924703585,0.0
0.05969959541431692,-0.09006600643286727,0.0
0.05967353762753082,-0.09006695972875708,0.0
0.05964748047572357,-0.09006793022602015,0.0
0.05964748047568992,-0.09006793022602143,0.0
0.05973433811772163,-0.09006470784934847,0.0
0.05982988319665899,-0.0900612086084913,0.0
0.05989068553463376,-0.09005900718698928,0.0
0.059847254412255024,-0.09006055511125724,0.0
0.05972564503422659,-0.09006482607104294,0.0
0.05960403307392707,-0.09006902286823058,0.0
0.05951716599495172,-0.09007197994870259,0.0
0.059465045064222816,-0.09007373401185759,0.0
0.059430297380162575,-0.09007489153603257,0.0
0.059412923404859604,-0.09007546628394421,0.0
0.059412923404859604,-0.09007546628394421,0.0
0.0594216104492711,-0.09007518063036128,0.0
0.0594216104492711,-0.09007518063036128,0.0
0.05943029745589306,-0.09007489382986142,0.0
0.05943029745589306,-0.09007489382986142,0.0
0.05943029745589306,-0.09007489382986142,0.0
0.05943029745589306,-0.09007489382986142,0.0
0.05943029745589306,-0.09007489382986142,0.0
0.05943029745589306,-0.09007489382986142,0.0
0.05942161046190125,-0.09007518101266582,0.0
0.05942161046190125,-0.09007518101266582,0.0
0.05942161046190125,-0.09007518101266582,0.0
0.05941292348055644,-0.0900754685777742,0.0
0.05942161047454825,-0.0900751813949698,0.0
0.059430297481170215,-0.09007489459446995,0.0
0.059430297481170215,-0.09007489459446995,0.0
0.059430297481170215,-0.09007489459446995,0.0
0.059430297481170215,-0.09007489459446995,0.0
0.05943029746855688,-0.09007489421216484,0.0
0.059421610474565074,-0.09007518139496926,0.0
0.059421610474565074,-0.09007518139496926,0.0
0.059421610474565074,-0.09007518139496926,0.0
0.059421610474565074,-0.09007518139496926,0.0
0.059412923493220256,-0.09007546896007762,0.0
0.05942161048721206,-0.09007518177727322,0.0
0.05942161048721206,-0.09007518177727322,0.0
0.05942161048721206,-0.09007518177727322,0.0
0.05942161048721206,-0.09007518177727322,0.0
0.05942161048721206,-0.09007518177727322,0.0
0.059430297493834036,-0.09007489497677336,0.0
0.059430297493834036,-0.09007489497677336,0.0
0.059430297493834036,-0.09007489497677336,0.0
0.059430297493834036,-0.09007489497677336,0.0
0.059430297493834036,-0.09007489497677336,0.0
0.05942161049984222,-0.09007518215957776,0.0
0.05942161049984222,-0.09007518215957776,0.0
0.05942161049984222,-0.09007518215957776,0.0
0.05942161049984222,-0.09007518215957776,0.0
0.05942161049984222,-0.09007518215957776,0.0
0.05943029750646419,-0.0900748953590779,0.0
0.05943029750646419,-0.0900748953590779,0.0
0.05943029750646419,-0.0900748953590779,0.0
0.05943029750646419,-0.0900748953590779,0.0
0.05943029750646419,-0.0900748953590779,0.0
0.05942161051247239,-0.0900751825418823,0.0
0.05942161051247239,-0.0900751825418823,0.0
0.05942161051247239,-0.0900751825418823,0.0
0.05942161051247239,-0.0900751825418823,0.0
0.05942161051247239,-0.0900751825418823,0.0
0.05943029751909435,-0.09007489574138244,0.0
0.05943029751909435,-0.09007489574138244,0.0
0.05943029751909435,-0.09007489574138244,0.0
0.05943029751909435,-0.09007489574138244,0.0
0.05943029751909435,-0.09007489574138244,0.0
0.05942161052510255,-0.09007518292418684,0.0
0.05942161052510255,-0.09007518292418684,0.0
0.05942161052510255,-0.09007518292418684,0.0
0.05942161052510255,-0.09007518292418684,0.0
0.05942161052510255,-0.09007518292418684,0.0
0.05942161052510255,-0.09007518292418684,0.0
0.05943029753172451,-0.09007489612368698,0.0
0.05943029753172451,-0.09007489612368698,0.0
0.05943029753172451,-0.09007489612368698,0.0
0.05943029753172451,-0.09007489612368698,0.0
0.059421610537732705,-0.09007518330649138,0.0
0.059421610537732705,-0.09007518330649138,0.0
0.059421610537732705,-0.09007518330649138,0.0
0.059421610537732705,-0.09007518330649138,0.0
0.059421610537732705,-0.09007518330649138,0.0
0.059421610537732705,-0.09007518330649138,0.0
0.05943029754435468,-0.09007489650599151,0.0
0.05943029754435468,-0.09007489650599151,0.0
0.05943029754435468,-0.09007489650599151,0.0
0.05943029754435468,-0.09007489650599151,0.0
0.05943029754435468,-0.09007489650599151,0.0
0.05942161055036287,-0.09007518368879591,0.0
0.05942161055036287,-0.09007518368879591,0.0
0.05942161055036287,-0.09007518368879591,0.0
0.05942161055036287,-0.09007518368879591,0.0
0.05942161055036287,-0.09007518368879591,0.0
0.05942161055036287,-0.09007518368879591,0.0
0.05943029755698484,-0.09007489688829606,0.0
0.05943029755698484,-0.09007489688829606,0.0
0.05943029755698484,-0.09007489688829606,0.0
0.05943029755698484,-0.09007489688829606,0.0
0.05943029755698484,-0.09007489688829606,0.0
0.059421610562993034,-0.09007518407110045,0.0
0.059421610562993034,-0.09007518407110045,0.0
0.059421610562993034,-0.09007518407110045,0.0
0.059421610562993034,-0.09007518407110045,0.0
0.059421610562993034,-0.09007518407110045,0.0
0.059430297569614994,-0.0900748972706006,0.0
0.059430297569614994,-0.0900748972706006,0.0
0.059430297569614994,-0.0900748972706006,0.0
0.059430297569614994,-0.0900748972706006,0.0
0.059430297569614994,-0.0900748972706006,0.0
0.059430297569614994,-0.0900748972706006,0.0
0.059421610575623195,-0.09007518445340498,0.0
0.059421610575623195,-0.09007518445340498,0.0
0.059421610575623195,-0.09007518445340498,0.0
0.059421610575623195,-0.09007518445340498,0.0
0.05943029758224516,-0.09007489765290512,0.0
0.05943029758224516,-0.09007489765290512,0.0
0.05943029758224516,-0.09007489765290512,0.0
0.05943029758224516,-0.09007489765290512,0.0
0.05943029758224516,-0.09007489765290512,0.0
0.05943029758224516,-0.09007489765290512,0.0
0.05943029758224516,-0.09007489765290512,0.0
0.05943029758224516,-0.09007489765290512,0.0
0.05943029758224516,-0.09007489765290512,0.0
0.05943029758224516,-0.09007489765290512,0.0
0.05943029758224516,-0.09007489765290512,0.0
0.05943029758224516,-0.09007489765290512,0.0
0.05943029758224516,-0.09007489765290512,0.0
0.05943029758224516,-0.09007489765290512,0.0
0.05943029758224516,-0.09007489765290512,0.0
0.05943029758224516,-0.09007489765290512,0.0
0.05943029758224516,-0.09007489765290512,0.0
0.05943029758224516,-0.09007489765290512,0.0
0.05943029758224516,-0.09007489765290512,0.0
0.05943029758224516,-0.09007489765290512,0.0
0.05943029758224516,-0.09007489765290512,0.0
0.05943029758224516,-0.09007489765290512,0.0
0.05943029758224516,-0.09007489765290512,0.0
0.05943029758224516,-0.09007489765290512,0.0
0.05943029758224516,-0.09007489765290512,0.0
0.05943029758224516,-0.09007489765290512,0.0
0.05943029758224516,-0.09007489765290512,0.0
0.05943029758224516,-0.09007489765290512,0.0
0.05943029758224516,-0.09007489765290512,0.0
0.05943029758224516,-0.09007489765290512,0.0
0.05943029758224516,-0.09007489765290512,0.0
0.05943029758224516,-0.09007489765290512,0.0
0.05943029758224516,-0.09007489765290512,0.0
0.05943029758224516,-0.09007489765290512,0.0
0.05943029758224516,-0.09007489765290512,0.0
0.05943029758224516,-0.09007489765290512,0.0
0.05943029758224516,-0.09007489765290512,0.0
0.05943029758224516,-0.09007489765290512,0.0
0.05943029758224516,-0.09007489765290512,0.0
0.05943029758224516,-0.09007489765290512,0.0
0.05943029758224516,-0.09007489765290512,0.0
0.05943029758224516,-0.09007489765290512,0.0
0.05943029758224516,-0.09007489765290512,0.0
0.05943029758224516,-0.09007489765290512,0.0
0.05943029758224516,-0.09007489765290512,0.0
0.05943029758224516,-0.09007489765290512,0.0
0.05943029758224516,-0.09007489765290512,0.0
0.05943029758224516,-0.09007489765290512,0.0
0.05943029758224516,-0.09007489765290512,0.0
0.05943029758224516,-0.09007489765290512,0.0
0.05943029758224516,-0.09007489765290512,0.0
0.05943029758224516,-0.09007489765290512,0.0
0.05943029758224516,-0.09007489765290512,0.0
0.05943029758224516,-0.09007489765290512,0.0
0.05943029758224516,-0.09007489765290512,0.0
0.05943029758224516,-0.09007489765290512,0.0
0.05943029758224516,-0.09007489765290512,0.0
0.05943029758224516,-0.09007489765290512,0.0
0.05943029758224516,-0.09007489765290512,0.0
0.05943029758224516,-0.09007489765290512,0.0
0.05943029758224516,-0.09007489765290512,0.0
0.05943029758224516,-0.09007489765290512,0.0
0.05943029758224516,-0.09007489765290512,0.0
0.05943029758224516,-0.09007489765290512,0.0
0.05943029758224516,-0.09007489765290512,0.0
0.05943029758224516,-0.09007489765290512,0.0
0.059499793798739986,-0.09007260821888738,0.0
0.059551916528301885,-0.09007090844279635,0.0
0.059595352486116915,-0.09006950273115819,0.0
0.05964747603244445,-0.09006782818771625,0.0
0.059699600019122834,-0.09006616740770354,0.0
0.059751724442484104,-0.09006452039123691,0.0
0.05978647431487161,-0.09006343053649664,0.0
0.059795161836767245,-0.0900631597932796,0.0
0.0598212244738269,-0.09006234985759713,0.0
0.059829912043248286,-0.09006208064369424,0.0
0.0598385996481373,-0.09006181257678243,0.0
0.059847287264815204,-0.09006154489220203,0.0
0.059847287264815204,-0.09006154489220203,0.0
0.059847287264815204,-0.09006154489220203,0.0
0.059847287264815204,-0.09006154489220203,0.0
0.059847287264815204,-0.09006154489220203,0.0
0.059847287264815204,-0.09006154489220203,0.0
0.059847287264815204,-0.09006154489220203,0.0
0.059847287264815204,-0.09006154489220203,0.0
0.059847287264815204,-0.09006154489220203,0.0
0.05985597486970422,-0.0900612768252902,0.0
0.05985597486970422,-0.0900612768252902,0.0
0.05985597486970422,-0.0900612768252902,0.0
0.05985597486970422,-0.0900612768252902,0.0
0.05985597486970422,-0.0900612768252902,0.0
0.05985597486970422,-0.0900612768252902,0.0
0.05985597486970422,-0.0900612768252902,0.0
0.05985597486970422,-0.0900612768252902,0.0
0.05986466248638212,-0.0900610091407098,0.0
0.05986466248638212,-0.0900610091407098,0.0
0.05986466248638212,-0.0900610091407098,0.0
0.05986466248638212,-0.0900610091407098,0.0
0.05986466248638212,-0.0900610091407098,0.0
0.05986466248638212,-0.0900610091407098,0.0
0.05986466248638212,-0.0900610091407098,0.0
0.05986466248638212,-0.0900610091407098,0.0
0.05986466248638212,-0.0900610091407098,0.0
0.05986466248638212,-0.0900610091407098,0.0
0.05986466248638212,-0.0900610091407098,0.0
0.05986466248638212,-0.0900610091407098,0.0
0.05986466248638212,-0.0900610091407098,0.0
0.05986466248638212,-0.0900610091407098,0.0
0.05986466248638212,-0.0900610091407098,0.0
0.05986466248638212,-0.0900610091407098,0.0
0.05986466248638212,-0.0900610091407098,0.0
0.05986466248638212,-0.0900610091407098,0.0
0.05986466248638212,-0.0900610091407098,0.0
0.05986466248638212,-0.0900610091407098,0.0
0.05986466248638212,-0.0900610091407098,0.0
0.059873350114832094,-0.09006074183846131,0.0
0.059873350114832094,-0.09006074183846131,0.0
0.059873350114832094,-0.09006074183846131,0.0
0.059873350114832094,-0.09006074183846131,0.0
0.059873350114832094,-0.09006074183846131,0.0
0.059873350114832094,-0.09006074183846131,0.0
0.059873350114832094,-0.09006074183846131,0.0
0.059873350114832094,-0.09006074183846131,0.0
0.059873350114832094,-0.09006074183846131,0.0
0.059873350114832094,-0.09006074183846131,0.0
0.059873350114832094,-0.09006074183846131,0.0
0.059873350114832094,-0.09006074183846131,0.0
0.059873350114832094,-0.09006074183846131,0.0
0.059873350114832094,-0.09006074183846131,0.0
0.059873350114832094,-0.09006074183846131,0.0
0.059873350114832094,-0.09006074183846131,0.0
0.059873350114832094,-0.09006074183846131,0.0
0.059873350114832094,-0.09006074183846131,0.0
0.0598820377550373,-0.09006047491854526,0.0
0.0598820377550373,-0.09006047491854526,0.0
0.0598820377550373,-0.09006047491854526,0.0
0.0598820377550373,-0.09006047491854526,0.0
0.0598820377550373,-0.09006047491854526,0.0
0.0598820377550373,-0.09006047491854526,0.0
0.0598820377550373,-0.09006047491854526,0.0
0.0598820377550373,-0.09006047491854526,0.0
0.0598820377550373,-0.09006047491854526,0.0
0.0598820377550373,-0.09006047491854526,0.0
0.0598820377550373,-0.09006047491854526,0.0
0.0598820377550373,-0.09006047491854526,0.0
0.0598820377550373,-0.09006047491854526,0.0
0.0598820377550373,-0.09006047491854526,0.0
0.0598820377550373,-0.09006047491854526,0.0
0.0598820377550373,-0.09006047491854526,0.0
0.0598820377550373,-0.09006047491854526,0.0
0.0598820377550373,-0.09006047491854526,0.0
0.0598820377550373,-0.09006047491854526,0.0
0.0598820377550373,-0.09006047491854526,0.0
0.0598820377550373,-0.09006047491854526,0.0
0.0598820377550373,-0.09006047491854526,0.0
0.0598820377550373,-0.09006047491854526,0.0
0.0598820377550373,-0.09006047491854526,0.0
0.0598820377550373,-0.09006047491854526,0.0
0.0598820377550373,-0.09006047491854526,0.0
0.0598820377550373,-0.09006047491854526,0.0
0.0598820377550373,-0.09006047491854526,0.0
0.0598820377550373,-0.09006047491854526,0.0
0.0598820377550373,-0.09006047491854526,0.0
0.0598820377550373,-0.09006047491854526,0.0
0.0598820377550373,-0.09006047491854526,0.0
0.0598820377550373,-0.09006047491854526,0.0
0.0598820377550373,-0.09006047491854526,0.0
0.0598820377550373,-0.09006047491854526,0.0
0.0598820377550373,-0.09006047491854526,0.0
0.0598820377550373,-0.09006047491854526,0.0
0.0598820377550373,-0.09006047491854526,0.0
0.0598820377550373,-0.09006047491854526,0.0
0.0598820377550373,-0.09006047491854526,0.0
0.0598820377550373,-0.09006047491854526,0.0
0.0598820377550373,-0.09006047491854526,0.0
0.0598820377550373,-0.09006047491854526,0.0
0.0598820377550373,-0.09006047491854526,0.0
0.0598820377550373,-0.09006047491854526,0.0
0.0598820377550373,-0.09006047491854526,0.0
0.0598820377550373,-0.09006047491854526,0.0
0.05989072540698093,-0.09006020838096214,0.0
0.05989072540698093,-0.09006020838096214,0.0
0.05989072540698093,-0.09006020838096214,0.0
0.05989072540698093,-0.09006020838096214,0.0
0.05989072540698093,-0.09006020838096214,0.0
0.05989072540698093,-0.09006020838096214,0.0
0.05989072540698093,-0.09006020838096214,0.0
0.05989072540698093,-0.09006020838096214,0.0
0.05989072540698093,-0.09006020838096214,0.0
0.05989072540698093,-0.09006020838096214,0.0
0.05989072540698093,-0.09006020838096214,0.0
0.05989072540698093,-0.09006020838096214,0.0
0.05989072540698093,-0.09006020838096214,0.0
0.05989072540698093,-0.09006020838096214,0.0
0.05989072540698093,-0.09006020838096214,0.0
0.05989072540698093,-0.09006020838096214,0.0
0.05989072540698093,-0.09006020838096214,0.0
0.05989072540698093,-0.09006020838096214,0.0
0.05989072540698093,-0.09006020838096214,0.0
0.05989072540698093,-0.09006020838096214,0.0
0.05989072540698093,-0.09006020838096214,0.0
0.05989072540698093,-0.09006020838096214,0.0
0.05989072540698093,-0.09006020838096214,0.0
0.05989072540698093,-0.09006020838096214,0.0
0.05989072540698093,-0.09006020838096214,0.0
0.05989072540698093,-0.09006020838096214,0.0
0.05989072540698093,-0.09006020838096214,0.0
0.05989072540698093,-0.09006020838096214,0.0
0.05989072540698093,-0.09006020838096214,0.0
0.05989072540698093,-0.09006020838096214,0.0
0.05989072540698093,-0.09006020838096214,0.0
0.05989072540698093,-0.09006020838096214,0.0
0.05989072540698093,-0.09006020838096214,0.0
0.05989072540698093,-0.09006020838096214,0.0
0.05989072540698093,-0.09006020838096214,0.0
0.05989072540698093,-0.09006020838096214,0.0
0.05989072540698093,-0.09006020838096214,0.0
0.05989072540698093,-0.09006020838096214,0.0
0.05989072540698093,-0.09006020838096214,0.0
0.05989072540698093,-0.09006020838096214,0.0
0.05989072540698093,-0.09006020838096214,0.0
0.05989072540698093,-0.09006020838096214,0.0
0.05989072540698093,-0.09006020838096214,0.0
0.05989072540698093,-0.09006020838096214,0.0
0.05989072540698093,-0.09006020838096214,0.0
0.05989072540698093,-0.09006020838096214,0.0
0.05989072540698093,-0.09006020838096214,0.0
0.05989072540698093,-0.09006020838096214,0.0
0.05989072540698093,-0.09006020838096214,0.0
0.05989072540698093,-0.09006020838096214,0.0
0.05989072540698093,-0.09006020838096214,0.0
0.05989072540698093,-0.09006020838096214,0.0
0.05989072540698093,-0.09006020838096214,0.0
0.05989072540698093,-0.09006020838096214,0.0
0.05989072540698093,-0.09006020838096214,0.0
0.05989072540698093,-0.09006020838096214,0.0
0.05989072540698093,-0.09006020838096214,0.0
0.05989072540698093,-0.09006020838096214,0.0
0.05989072540698093,-0.09006020838096214,0.0
0.05989072540698093,-0.09006020838096214,0.0
0.05989072540698093,-0.09006020838096214,0.0
0.05989072540698093,-0.09006020838096214,0.0
0.05989072540698093,-0.09006020838096214,0.0
0.05989072540698093,-0.09006020838096214,0.0
0.05989072540698093,-0.09006020838096214,0.0
0.05989072540698093,-0.09006020838096214,0.0
0.05989072540698093,-0.09006020838096214,0.0
0.05989072540698093,-0.09006020838096214,0.0
0.05989072540698093,-0.09006020838096214,0.0
0.05989072540698093,-0.09006020838096214,0.0
0.05989072540698093,-0.09006020838096214,0.0
0.05989072540698093,-0.09006020838096214,0.0
0.05989072540698093,-0.09006020838096214,0.0
0.05989072540698093,-0.09006020838096214,0.0
0.05989072540698093,-0.09006020838096214,0.0
0.05989072540698093,-0.09006020838096214,0.0
0.05989072540698093,-0.09006020838096214,0.0
0.05989072540698093,-0.09006020838096214,0.0
0.05989072540698093,-0.09006020838096214,0.0
0.05989072540698093,-0.09006020838096214,0.0
0.05989072540698093,-0.09006020838096214,0.0
0.05989072540698093,-0.09006020838096214,0.0
0.05989072540698093,-0.09006020838096214,0.0
0.05989072540698093,-0.09006020838096214,0.0
0.05989072540698093,-0.09006020838096214,0.0
0.05989072540698093,-0.09006020838096214,0.0
0.05989072540698093,-0.09006020838096214,0.0
0.05989072540698093,-0.09006020838096214,0.0
0.05989072540698093,-0.09006020838096214,0.0
0.05989072540698093,-0.09006020838096214,0.0
0.05989072540698093,-0.09006020838096214,0.0
0.05989072540698093,-0.09006020838096214,0.0
0.05989072540698093,-0.09006020838096214,0.0
0.05989072540698093,-0.09006020838096214,0.0
0.05989072540698093,-0.09006020838096214,0.0
0.05989072540698093,-0.09006020838096214,0.0
0.05989072540698093,-0.09006020838096214,0.0
0.05989072540698093,-0.09006020838096214,0.0
0.05989072540698093,-0.09006020838096214,0.0
0.05989072540698093,-0.09006020838096214,0.0
0.05989072540698093,-0.09006020838096214,0.0
0.05989072540698093,-0.09006020838096214,0.0
0.05989072540698093,-0.09006020838096214,0.0
0.05989072540698093,-0.09006020838096214,0.0
0.05989072540698093,-0.09006020838096214,0.0
0.05989072540698093,-0.09006020838096214,0.0
0.05989072540698093,-0.09006020838096214,0.0
0.05989072540698093,-0.09006020838096214,0.0
0.05989941307064614,-0.09005994222571251,0.0
0.05989941307064614,-0.09005994222571251,0.0
0.05989941307064614,-0.09005994222571251,0.0
0.05989941307064614,-0.09005994222571251,0.0
0.05989941307064614,-0.09005994222571251,0.0
0.05989941307064614,-0.09005994222571251,0.0
0.05989941307064614,-0.09005994222571251,0.0
0.05989941307064614,-0.09005994222571251,0.0
0.05989941307064614,-0.09005994222571251,0.0
0.05989941307064614,-0.09005994222571251,0.0
0.05989941307064614,-0.09005994222571251,0.0
0.05989941307064614,-0.09005994222571251,0.0
0.05989941307064614,-0.09005994222571251,0.0
0.05989941307064614,-0.09005994222571251,0.0
0.05989941307064614,-0.09005994222571251,0.0
0.05989941307064614,-0.09005994222571251,0.0
0.05989941307064614,-0.09005994222571251,0.0
0.05989941307064614,-0.09005994222571251,0.0
0.05989941307064614,-0.09005994222571251,0.0
0.05989941307064614,-0.09005994222571251,0.0
0.05989941307064614,-0.09005994222571251,0.0
0.05989941307064614,-0.09005994222571251,0.0
0.05989941307064614,-0.09005994222571251,0.0
0.05989941307064614,-0.09005994222571251,0.0
0.05989941307064614,-0.09005994222571251,0.0
0.05989941307064614,-0.09005994222571251,0.0
0.05989941307064614,-0.09005994222571251,0.0
0.05989941307064614,-0.09005994222571251,0.0
0.05989941307064614,-0.09005994222571251,0.0
0.05989941307064614,-0.09005994222571251,0.0
0.05989941307064614,-0.09005994222571251,0.0
0.05989941307064614,-0.09005994222571251,0.0
0.05989941307064614,-0.09005994222571251,0.0
0.05989941307064614,-0.09005994222571251,0.0
0.05989941307064614,-0.09005994222571251,0.0
0.05989941307064614,-0.09005994222571251,0.0
0.05989941307064614,-0.09005994222571251,0.0
0.05989941307064614,-0.09005994222571251,0.0
0.05989941307064614,-0.09005994222571251,0.0
0.05989941307064614,-0.09005994222571251,0.0
0.05989941307064614,-0.09005994222571251,0.0
0.05989941307064614,-0.09005994222571251,0.0
0.05989941307064614,-0.09005994222571251,0.0
0.05989941307064614,-0.09005994222571251,0.0
0.05989941307064614,-0.09005994222571251,0.0
0.05989941307064614,-0.09005994222571251,0.0
0.05989941307064614,-0.09005994222571251,0.0
0.05989941307064614,-0.09005994222571251,0.0
0.05989941307064614,-0.09005994222571251,0.0
0.05989941307064614,-0.09005994222571251,0.0
0.05989941307064614,-0.09005994222571251,0.0
0.05989941307064614,-0.09005994222571251,0.0
0.05989941307064614,-0.09005994222571251,0.0
0.05989941307064614,-0.09005994222571251,0.0
0.05989941307064614,-0.09005994222571251,0.0
0.05989941307064614,-0.09005994222571251,0.0
0.05989941307064614,-0.09005994222571251,0.0
0.05989941307064614,-0.09005994222571251,0.0
0.05989941307064614,-0.09005994222571251,0.0
0.05989941307064614,-0.09005994222571251,0.0
0.05989941307064614,-0.09005994222571251,0.0
0.05989941307064614,-0.09005994222571251,0.0
0.05989941307064614,-0.09005994222571251,0.0
0.05989941307064614,-0.09005994222571251,0.0
0.05989941307064614,-0.09005994222571251,0.0
0.05989941307064614,-0.09005994222571251,0.0
0.05989941307064614,-0.09005994222571251,0.0
0.05989941307064614,-0.09005994222571251,0.0
0.05989941307064614,-0.09005994222571251,0.0
0.05989941307064614,-0.09005994222571251,0.0
0.05989941307064614,-0.09005994222571251,0.0
0.05989941307064614,-0.09005994222571251,0.0
0.05989941307064614,-0.09005994222571251,0.0
0.05989941307064614,-0.09005994222571251,0.0
0.05989941307064614,-0.09005994222571251,0.0
0.05989941307064614,-0.09005994222571251,0.0
0.05989941307064614,-0.09005994222571251,0.0
0.05989941307064614,-0.09005994222571251,0.0
0.05989941307064614,-0.09005994222571251,0.0
0.05989941307064614,-0.09005994222571251,0.0
0.05989941307064614,-0.09005994222571251,0.0
0.05989941307064614,-0.09005994222571251,0.0
0.05989941307064614,-0.09005994222571251,0.0
0.05989941307064614,-0.09005994222571251,0.0
0.05989941307064614,-0.09005994222571251,0.0
0.05989941307064614,-0.09005994222571251,0.0
0.05989941307064614,-0.09005994222571251,0.0
0.05989941307064614,-0.09005994222571251,0.0
0.05989941307064614,-0.09005994222571251,0.0
0.05989941307064614,-0.09005994222571251,0.0
0.05989941307064614,-0.09005994222571251,0.0
0.05989941307064614,-0.09005994222571251,0.0
0.05989941307064614,-0.09005994222571251,0.0
0.05989941307064614,-0.09005994222571251,0.0
0.05989941307064614,-0.09005994222571251,0.0
0.05989941307064614,-0.09005994222571251,0.0
0.05989941307064614,-0.09005994222571251,0.0
0.05989941307064614,-0.09005994222571251,0.0
0.05989941307064614,-0.09005994222571251,0.0
0.05989941307064614,-0.09005994222571251,0.0
0.05989941307064614,-0.09005994222571251,0.0
0.05989941307064614,-0.09005994222571251,0.0
0.05989941307064614,-0.09005994222571251,0.0
0.05989941307064614,-0.09005994222571251,0.0
0.05989941307064614,-0.09005994222571251,0.0
0.05989941307064614,-0.09005994222571251,0.0
0.05989941307064614,-0.09005994222571251,0.0
0.05989941307064614,-0.09005994222571251,0.0
0.05989941307064614,-0.09005994222571251,0.0
0.05989941307064614,-0.09005994222571251,0.0
0.05989941307064614,-0.09005994222571251,0.0
0.05989941307064614,-0.09005994222571251,0.0
0.05989941307064614,-0.09005994222571251,0.0
0.05989941307064614,-0.09005994222571251,0.0
0.05989941307064614,-0.09005994222571251,0.0
0.05989941307064614,-0.09005994222571251,0.0
0.05989941307064614,-0.09005994222571251,0.0
0.05989941307064614,-0.09005994222571251,0.0
0.05989941307064614,-0.09005994222571251,0.0
0.05989941307064614,-0.09005994222571251,0.0
0.05989941307064614,-0.09005994222571251,0.0
0.05989941307064614,-0.09005994222571251,0.0
0.05989941307064614,-0.09005994222571251,0.0
0.05989941307064614,-0.09005994222571251,0.0
0.05989941307064614,-0.09005994222571251,0.0
0.05989941307064614,-0.09005994222571251,0.0
0.05989941307064614,-0.09005994222571251,0.0
0.05989941307064614,-0.09005994222571251,0.0
0.05989941307064614,-0.09005994222571251,0.0
0.05989941307064614,-0.09005994222571251,0.0
0.05989941307064614,-0.09005994222571251,0.0
0.05989941307064614,-0.09005994222571251,0.0
0.05989941307064614,-0.09005994222571251,0.0
0.05989941307064614,-0.09005994222571251,0.0
0.05989941307064614,-0.09005994222571251,0.0
0.05989941307064614,-0.09005994222571251,0.0
0.05989941307064614,-0.09005994222571251,0.0
0.05989941307064614,-0.09005994222571251,0.0
0.05989941307064614,-0.09005994222571251,0.0
0.05989941307064614,-0.09005994222571251,0.0
0.05989941307064614,-0.09005994222571251,0.0
0.05989941307064614,-0.09005994222571251,0.0
0.05989941307064614,-0.09005994222571251,0.0
0.05989941307064614,-0.09005994222571251,0.0
0.05989941307064614,-0.09005994222571251,0.0
0.05989941307064614,-0.09005994222571251,0.0
0.05989941307064614,-0.09005994222571251,0.0
0.05989941307064614,-0.09005994222571251,0.0
0.05989941307064614,-0.09005994222571251,0.0
0.05989941307064614,-0.09005994222571251,0.0
0.05989941307064614,-0.09005994222571251,0.0
0.05989941307064614,-0.09005994222571251,0.0
0.05989941307064614,-0.09005994222571251,0.0
0.05989941307064614,-0.09005994222571251,0.0
0.05989941307064614,-0.09005994222571251,0.0
0.05989941307064614,-0.09005994222571251,0.0
0.05989941307064614,-0.09005994222571251,0.0
0.05989941307064614,-0.09005994222571251,0.0
0.05989941307064614,-0.09005994222571251,0.0
0.05989941307064614,-0.09005994222571251,0.0
0.05989941307064614,-0.09005994222571251,0.0
0.05989941307064614,-0.09005994222571251,0.0
0.05989941307064614,-0.09005994222571251,0.0
0.05989941307064614,-0.09005994222571251,0.0
0.05989941307064614,-0.09005994222571251,0.0
0.05989941307064614,-0.09005994222571251,0.0
0.05989941307064614,-0.09005994222571251,0.0
0.05989941307064614,-0.09005994222571251,0.0
0.05989941307064614,-0.09005994222571251,0.0
0.05989941307064614,-0.09005994222571251,0.0
0.05989941307064614,-0.09005994222571251,0.0
0.05989941307064614,-0.09005994222571251,0.0
0.05989941307064614,-0.09005994222571251,0.0
0.05989941307064614,-0.09005994222571251,0.0
0.05989941307064614,-0.09005994222571251,0.0
0.05989941307064614,-0.09005994222571251,0.0
0.05989941307064614,-0.09005994222571251,0.0
0.05989941307064614,-0.09005994222571251,0.0
0.05989941307064614,-0.09005994222571251,0.0
0.05989941307064614,-0.09005994222571251,0.0
0.05989941307064614,-0.09005994222571251,0.0
0.05989941307064614,-0.09005994222571251,0.0
0.05989941307064614,-0.09005994222571251,0.0
0.05989941307064614,-0.09005994222571251,0.0
0.05989941307064614,-0.09005994222571251,0.0
0.05989941307064614,-0.09005994222571251,0.0
0.05989941307064614,-0.09005994222571251,0.0
0.05989941307064614,-0.09005994222571251,0.0
0.05989941307064614,-0.09005994222571251,0.0
0.05989941307064614,-0.09005994222571251,0.0
0.05989941307064614,-0.09005994222571251,0.0
0.05989941307064614,-0.09005994222571251,0.0
0.05989941307064614,-0.09005994222571251,0.0
0.05989941307064614,-0.09005994222571251,0.0
0.05989941307064614,-0.09005994222571251,0.0
0.05989941307064614,-0.09005994222571251,0.0
0.05989941307064614,-0.09005994222571251,0.0
0.05989941307064614,-0.09005994222571251,0.0
0.05989941307064614,-0.09005994222571251,0.0
0.05989941307064614,-0.09005994222571251,0.0
0.05989941307064614,-0.09005994222571251,0.0
0.05989941307064614,-0.09005994222571251,0.0
0.05989941307064614,-0.09005994222571251,0.0
0.05989941307064614,-0.09005994222571251,0.0
0.05989941307064614,-0.09005994222571251,0.0
0.05989941307064614,-0.09005994222571251,0.0
0.05989941307064614,-0.09005994222571251,0.0
0.05989941307064614,-0.09005994222571251,0.0
0.05989941307064614,-0.09005994222571251,0.0
0.05989941307064614,-0.09005994222571251,0.0
0.05989941307064614,-0.09005994222571251,0.0
0.05989941307064614,-0.09005994222571251,0.0
0.05989941307064614,-0.09005994222571251,0.0
0.05989941307064614,-0.09005994222571251,0.0
0.05989941307064614,-0.09005994222571251,0.0
0.05989941307064614,-0.09005994222571251,0.0
0.05989941307064614,-0.09005994222571251,0.0
0.05989941307064614,-0.09005994222571251,0.0
0.05989941307064614,-0.09005994222571251,0.0
0.05989941307064614,-0.09005994222571251,0.0
0.05989941307064614,-0.09005994222571251,0.0
0.05989941307064614,-0.09005994222571251,0.0
0.05989941307064614,-0.09005994222571251,0.0
0.05989941307064614,-0.09005994222571251,0.0
0.05989941307064614,-0.09005994222571251,0.0
0.05989941307064614,-0.09005994222571251,0.0
0.05989941307064614,-0.09005994222571251,0.0
0.05989941307064614,-0.09005994222571251,0.0
0.05989941307064614,-0.09005994222571251,0.0
0.05989941307064614,-0.09005994222571251,0.0
0.05989941307064614,-0.09005994222571251,0.0
0.05989941307064614,-0.09005994222571251,0.0
0.05989941307064614,-0.09005994222571251,0.0
0.05989941307064614,-0.09005994222571251,0.0
0.05989941307064614,-0.09005994222571251,0.0
0.05989941307064614,-0.09005994222571251,0.0
0.05989941307064614,-0.09005994222571251,0.0
0.05989941307064614,-0.09005994222571251,0.0
0.05989941307064614,-0.09005994222571251,0.0
0.05989941307064614,-0.09005994222571251,0.0
0.05989941307064614,-0.09005994222571251,0.0
0.05989941307064614,-0.09005994222571251,0.0
0.05989941307064614,-0.09005994222571251,0.0
0.05989941307064614,-0.09005994222571251,0.0
0.05989941307064614,-0.09005994222571251,0.0
0.05989941307064614,-0.09005994222571251,0.0
0.05989941307064614,-0.09005994222571251,0.0
0.05989941307064614,-0.09005994222571251,0.0
0.05989941307064614,-0.09005994222571251,0.0
0.05989941307064614,-0.09005994222571251,0.0
0.05989941307064614,-0.09005994222571251,0.0
0.05989941307064614,-0.09005994222571251,0.0
0.05989941307064614,-0.09005994222571251,0.0
0.05989941307064614,-0.09005994222571251,0.0
0.05989941307064614,-0.09005994222571251,0.0
0.05989941307064614,-0.09005994222571251,0.0
0.05989941307064614,-0.09005994222571251,0.0
0.05989941307064614,-0.09005994222571251,0.0
0.05989941307064614,-0.09005994222571251,0.0
0.05989941307064614,-0.09005994222571251,0.0
0.05989941307064614,-0.09005994222571251,0.0
0.05989941307064614,-0.09005994222571251,0.0
0.05989941307064614,-0.09005994222571251,0.0
0.05989941307064614,-0.09005994222571251,0.0
0.05989941307064614,-0.09005994222571251,0.0
0.05989941307064614,-0.09005994222571251,0.0
0.05989941307064614,-0.09005994222571251,0.0
0.05989941307064614,-0.09005994222571251,0.0
0.05989941307064614,-0.09005994222571251,0.0
0.05989941307064614,-0.09005994222571251,0.0
0.05989941307064614,-0.09005994222571251,0.0
0.05989941307064614,-0.09005994222571251,0.0
0.05989941307064614,-0.09005994222571251,0.0
0.05989941307064614,-0.09005994222571251,0.0
0.05989941307064614,-0.09005994222571251,0.0
0.05989941307064614,-0.09005994222571251,0.0
0.05989941307064614,-0.09005994222571251,0.0
0.05989941307064614,-0.09005994222571251,0.0
0.05989941307064614,-0.09005994222571251,0.0
0.05989941307064614,-0.09005994222571251,0.0
0.05989941307064614,-0.09005994222571251,0.0
0.05989941307064614,-0.09005994222571251,0.0
0.05989941307064614,-0.09005994222571251,0.0
0.05989941307064614,-0.09005994222571251,0.0
0.05989941307064614,-0.09005994222571251,0.0
0.05989941307064614,-0.09005994222571251,0.0
0.05989941307064614,-0.09005994222571251,0.0
0.05989941307064614,-0.09005994222571251,0.0
0.05989941307064614,-0.09005994222571251,0.0
0.05989941307064614,-0.09005994222571251,0.0
0.05989941307064614,-0.09005994222571251,0.0
0.05989941307064614,-0.09005994222571251,0.0
0.05989941307064614,-0.09005994222571251,0.0
0.05989941307064614,-0.09005994222571251,0.0
0.05989941307064614,-0.09005994222571251,0.0
0.05989941307064614,-0.09005994222571251,0.0
0.05989941307064614,-0.09005994222571251,0.0
0.05989941307064614,-0.09005994222571251,0.0
0.05989941307064614,-0.09005994222571251,0.0
0.05989941307064614,-0.09005994222571251,0.0
0.05989941307064614,-0.09005994222571251,0.0
0.05989941307064614,-0.09005994222571251,0.0
0.05989941307064614,-0.09005994222571251,0.0
0.05989941307064614,-0.09005994222571251,0.0
0.05989941307064614,-0.09005994222571251,0.0
0.05989941307064614,-0.09005994222571251,0.0
0.05989941307064614,-0.09005994222571251,0.0
0.05989941307064614,-0.09005994222571251,0.0
0.05989941307064614,-0.09005994222571251,0.0
0.05989941307064614,-0.09005994222571251,0.0
0.05989941307064614,-0.09005994222571251,0.0
0.05989941307064614,-0.09005994222571251,0.0
0.05989941307064614,-0.09005994222571251,0.0
0.05989941307064614,-0.09005994222571251,0.0
0.05989941307064614,-0.09005994222571251,0.0
0.05989941307064614,-0.09005994222571251,0.0
0.05989941307064614,-0.09005994222571251,0.0
0.05989941307064614,-0.09005994222571251,0.0
0.05989941307064614,-0.09005994222571251,0.0
0.05989941307064614,-0.09005994222571251,0.0
0.05989941307064614,-0.09005994222571251,0.0
0.05989941307064614,-0.09005994222571251,0.0
0.05989941307064614,-0.09005994222571251,0.0
0.05989941307064614,-0.09005994222571251,0.0
0.05989941307064614,-0.09005994222571251,0.0
0.05989941307064614,-0.09005994222571251,0.0
0.05989941307064614,-0.09005994222571251,0.0
0.05989941307064614,-0.09005994222571251,0.0
0.05989941307064614,-0.09005994222571251,0.0
0.05989941307064614,-0.09005994222571251,0.0
0.05989941307064614,-0.09005994222571251,0.0
0.05989941307064614,-0.09005994222571251,0.0
0.05989941307064614,-0.09005994222571251,0.0
0.05989941307064614,-0.09005994222571251,0.0
0.05989941307064614,-0.09005994222571251,0.0
0.05989941307064614,-0.09005994222571251,0.0
0.05989941307064614,-0.09005994222571251,0.0
0.05989941307064614,-0.09005994222571251,0.0
0.05989941307064614,-0.09005994222571251,0.0
0.05989941307064614,-0.09005994222571251,0.0
0.05989941307064614,-0.09005994222571251,0.0
0.05989941307064614,-0.09005994222571251,0.0
0.05989941307064614,-0.09005994222571251,0.0
0.05989941307064614,-0.09005994222571251,0.0
0.059908100746016116,-0.09005967645279686,0.0
0.059908100746016116,-0.09005967645279686,0.0
0.0598994130589582,-0.09005994184337801,0.0
0.0598994130589582,-0.09005994184337801,0.0
0.0598994130589582,-0.09005994184337801,0.0
0.059908100734328174,-0.09005967607046235,0.0
0.05991678839799339,-0.0900594099152127,0.0
0.05990810072262341,-0.09005967568812837,0.0
0.05990810072262341,-0.09005967568812837,0.0
0.05990810072262341,-0.09005967568812837,0.0
0.05990810072262341,-0.09005967568812837,0.0
0.05990810072262341,-0.09005967568812837,0.0
0.05989941303556551,-0.09005994107870952,0.0
0.05990810071093548,-0.09005967530579387,0.0
0.05991678839799339,-0.0900594099152127,0.0
0.05991678839799339,-0.0900594099152127,0.0
0.05990810072262341,-0.09005967568812837,0.0
0.05989941303556551,-0.09005994107870952,0.0
0.05989072533683648,-0.09006020608695567,0.0
0.05989941304721978,-0.09005994146104505,0.0
0.05990810074594881,-0.0900596764527989,0.0
0.05990810074594881,-0.0900596764527989,0.0
0.05990810074594881,-0.0900596764527989,0.0
0.05990810074594881,-0.0900596764527989,0.0
0.05990810074594881,-0.0900596764527989,0.0
0.05990810074594881,-0.0900596764527989,0.0
0.059916788456332117,-0.09005941182688829,0.0
0.05990810075760309,-0.09005967683513443,0.0
0.05990810075760309,-0.09005967683513443,0.0
0.059916788444661,-0.09005941144455328,0.0
0.059916788444661,-0.09005941144455328,0.0
0.059916788444661,-0.09005941144455328,0.0
0.05990810074593198,-0.09005967645279943,0.0
0.05990810074593198,-0.09005967645279943,0.0
0.05990810074593198,-0.09005967645279943,0.0
0.05991678843298989,-0.09005941106221826,0.0
0.05991678843298989,-0.09005941106221826,0.0
0.05991678843298989,-0.09005941106221826,0.0
0.05991678843298989,-0.09005941106221826,0.0
0.05991678843298989,-0.09005941106221826,0.0
0.059908100734260866,-0.0900596760704644,0.0
0.059916788421318784,-0.09005941067988325,0.0
0.059916788421318784,-0.09005941067988325,0.0
0.05990810072258976,-0.0900596756881294,0.0
0.05990810072258976,-0.0900596756881294,0.0
0.05991678840964767,-0.09005941029754826,0.0
0.05991678840964767,-0.09005941029754826,0.0
0.05991678840964767,-0.09005941029754826,0.0
0.05991678840964767,-0.09005941029754826,0.0
0.05991678840964767,-0.09005941029754826,0.0
0.05991678840964767,-0.09005941029754826,0.0
0.05991678840964767,-0.09005941029754826,0.0
0.05991678840964767,-0.09005941029754826,0.0
0.05991678840964767,-0.09005941029754826,0.0
0.05991678840964767,-0.09005941029754826,0.0
0.05991678840964767,-0.09005941029754826,0.0
0.05991678840964767,-0.09005941029754826,0.0
0.05991678840964767,-0.09005941029754826,0.0
0.05991678840964767,-0.09005941029754826,0.0
0.05991678840964767,-0.09005941029754826,0.0
0.05991678840964767,-0.09005941029754826,0.0
0.05991678840964767,-0.09005941029754826,0.0
0.05991678840964767,-0.09005941029754826,0.0
0.05991678840964767,-0.09005941029754826,0.0
0.05991678840964767,-0.09005941029754826,0.0
0.05991678840964767,-0.09005941029754826,0.0
0.05991678840964767,-0.09005941029754826,0.0
0.05991678840964767,-0.09005941029754826,0.0
0.05991678840964767,-0.09005941029754826,0.0
0.05991678840964767,-0.09005941029754826,0.0
0.05991678840964767,-0.09005941029754826,0.0
0.05991678840964767,-0.09005941029754826,0.0
0.05991678840964767,-0.09005941029754826,0.0
0.05991678840964767,-0.09005941029754826,0.0
0.05991678840964767,-0.09005941029754826,0.0
0.05991678840964767,-0.09005941029754826,0.0
0.05991678840964767,-0.09005941029754826,0.0
0.05991678840964767,-0.09005941029754826,0.0
0.05991678840964767,-0.09005941029754826,0.0
0.05991678840964767,-0.09005941029754826,0.0
0.05991678840964767,-0.09005941029754826,0.0
0.05991678840964767,-0.09005941029754826,0.0
0.05991678840964767,-0.09005941029754826,0.0
0.05991678840964767,-0.09005941029754826,0.0
0.05991678840964767,-0.09005941029754826,0.0
0.05991678840964767,-0.09005941029754826,0.0
0.05991678840964767,-0.09005941029754826,0.0
0.05991678840964767,-0.09005941029754826,0.0
0.05991678840964767,-0.09005941029754826,0.0
0.05991678840964767,-0.09005941029754826,0.0
0.05991678840964767,-0.09005941029754826,0.0
0.05991678840964767,-0.09005941029754826,0.0
0.05991678840964767,-0.09005941029754826,0.0
0.05991678840964767,-0.09005941029754826,0.0
0.05991678840964767,-0.09005941029754826,0.0
0.05991678840964767,-0.09005941029754826,0.0
0.05991678840964767,-0.09005941029754826,0.0
0.05991678840964767,-0.09005941029754826,0.0
0.05991678840964767,-0.09005941029754826,0.0
0.05991678840964767,-0.09005941029754826,0.0
0.05991678840964767,-0.09005941029754826,0.0
0.05991678840964767,-0.09005941029754826,0.0
0.05991678840964767,-0.09005941029754826,0.0
0.05991678840964767,-0.09005941029754826,0.0
0.05991678840964767,-0.09005941029754826,0.0
0.05991678840964767,-0.09005941029754826,0.0
0.05991678840964767,-0.09005941029754826,0.0
0.05991678840964767,-0.09005941029754826,0.0
0.05991678840964767,-0.09005941029754826,0.0
0.05991678840964767,-0.09005941029754826,0.0
0.05991678840964767,-0.09005941029754826,0.0
0.05991678840964767,-0.09005941029754826,0.0
0.05991678840964767,-0.09005941029754826,0.0
0.05991678840964767,-0.09005941029754826,0.0
0.05991678840964767,-0.09005941029754826,0.0
0.05991678840964767,-0.09005941029754826,0.0
0.05991678840964767,-0.09005941029754826,0.0
0.05991678840964767,-0.09005941029754826,0.0
0.05991678840964767,-0.09005941029754826,0.0
0.05991678840964767,-0.09005941029754826,0.0
0.05991678840964767,-0.09005941029754826,0.0
0.05991678840964767,-0.09005941029754826,0.0
0.05991678840964767,-0.09005941029754826,0.0
0.05991678840964767,-0.09005941029754826,0.0
0.05991678840964767,-0.09005941029754826,0.0
0.05991678840964767,-0.09005941029754826,0.0
0.05991678840964767,-0.09005941029754826,0.0
0.05991678840964767,-0.09005941029754826,0.0
0.05991678840964767,-0.09005941029754826,0.0
0.05991678840964767,-0.09005941029754826,0.0
0.05991678840964767,-0.09005941029754826,0.0
0.05991678840964767,-0.09005941029754826,0.0
0.05991678840964767,-0.09005941029754826,0.0
0.05991678840964767,-0.09005941029754826,0.0
0.05991678840964767,-0.09005941029754826,0.0
0.05991678840964767,-0.09005941029754826,0.0
0.05991678840964767,-0.09005941029754826,0.0
0.05991678840964767,-0.09005941029754826,0.0
0.05991678840964767,-0.09005941029754826,0.0
0.05991678840964767,-0.09005941029754826,0.0
0.05991678840964767,-0.09005941029754826,0.0
0.05991678840964767,-0.09005941029754826,0.0
0.05991678840964767,-0.09005941029754826,0.0
0.05991678840964767,-0.09005941029754826,0.0
0.05991678840964767,-0.09005941029754826,0.0
0.05991678840964767,-0.09005941029754826,0.0
0.05991678840964767,-0.09005941029754826,0.0
0.05991678840964767,-0.09005941029754826,0.0
0.05991678840964767,-0.09005941029754826,0.0
0.05991678840964767,-0.09005941029754826,0.0
0.05991678840964767,-0.09005941029754826,0.0
0.05991678840964767,-0.09005941029754826,0.0
0.05991678840964767,-0.09005941029754826,0.0
0.05991678840964767,-0.09005941029754826,0.0
0.05991678840964767,-0.09005941029754826,0.0
0.05991678840964767,-0.09005941029754826,0.0
0.05991678840964767,-0.09005941029754826,0.0
0.05991678840964767,-0.09005941029754826,0.0
0.05991678840964767,-0.09005941029754826,0.0
0.05991678840964767,-0.09005941029754826,0.0
0.05991678840964767,-0.09005941029754826,0.0
0.05991678840964767,-0.09005941029754826,0.0
0.05991678840964767,-0.09005941029754826,0.0
0.05991678840964767,-0.09005941029754826,0.0
0.05991678840964767,-0.09005941029754826,0.0
0.05991678840964767,-0.09005941029754826,0.0
0.05991678840964767,-0.09005941029754826,0.0
0.05991678840964767,-0.09005941029754826,0.0
0.05991678840964767,-0.09005941029754826,0.0
0.05991678840964767,-0.09005941029754826,0.0
0.05991678840964767,-0.09005941029754826,0.0
0.05991678840964767,-0.09005941029754826,0.0
0.05991678840964767,-0.09005941029754826,0.0
0.05991678840964767,-0.09005941029754826,0.0
0.05991678840964767,-0.09005941029754826,0.0
0.05991678840964767,-0.09005941029754826,0.0
0.05991678840964767,-0.09005941029754826,0.0
0.05991678840964767,-0.09005941029754826,0.0
0.05991678840964767,-0.09005941029754826,0.0
0.05991678840964767,-0.09005941029754826,0.0
0.05991678840964767,-0.09005941029754826,0.0
0.05991678840964767,-0.09005941029754826,0.0
0.05991678840964767,-0.09005941029754826,0.0
0.05991678840964767,-0.09005941029754826,0.0
0.05991678840964767,-0.09005941029754826,0.0
0.05991678840964767,-0.09005941029754826,0.0
0.05991678840964767,-0.09005941029754826,0.0
0.05991678840964767,-0.09005941029754826,0.0
0.05991678840964767,-0.09005941029754826,0.0
0.05991678840964767,-0.09005941029754826,0.0
0.05991678840964767,-0.09005941029754826,0.0
0.05991678840964767,-0.09005941029754826,0.0
0.05991678840964767,-0.09005941029754826,0.0
0.05991678840964767,-0.09005941029754826,0.0
0.05991678840964767,-0.09005941029754826,0.0
0.05991678840964767,-0.09005941029754826,0.0
0.05991678840964767,-0.09005941029754826,0.0
0.05991678840964767,-0.09005941029754826,0.0
0.05991678840964767,-0.09005941029754826,0.0
0.05991678840964767,-0.09005941029754826,0.0
0.05991678840964767,-0.09005941029754826,0.0
0.05991678840964767,-0.09005941029754826,0.0
0.05991678840964767,-0.09005941029754826,0.0
0.05991678840964767,-0.09005941029754826,0.0
0.05991678840964767,-0.09005941029754826,0.0
0.05991678840964767,-0.09005941029754826,0.0
0.05991678840964767,-0.09005941029754826,0.0
0.05991678840964767,-0.09005941029754826,0.0
0.05991678840964767,-0.09005941029754826,0.0
0.05991678840964767,-0.09005941029754826,0.0
0.05991678840964767,-0.09005941029754826,0.0
0.05991678840964767,-0.09005941029754826,0.0
0.05991678840964767,-0.09005941029754826,0.0
0.05991678840964767,-0.09005941029754826,0.0
0.05991678840964767,-0.09005941029754826,0.0
0.05991678840964767,-0.09005941029754826,0.0
0.05991678840964767,-0.09005941029754826,0.0
0.05991678840964767,-0.09005941029754826,0.0
0.05991678840964767,-0.09005941029754826,0.0
0.05991678840964767,-0.09005941029754826,0.0
0.05991678840964767,-0.09005941029754826,0.0
0.05991678840964767,-0.09005941029754826,0.0
0.05991678840964767,-0.09005941029754826,0.0
0.059925476108376695,-0.09005914528930209,0.0
0.059925476108376695,-0.09005914528930209,0.0
0.059925476108376695,-0.09005914528930209,0.0
0.059925476108376695,-0.09005914528930209,0.0
0.059925476108376695,-0.09005914528930209,0.0
0.05991678839799339,-0.09005940991521272,0.0
0.05991678839799339,-0.09005940991521272,0.0
0.05991678839799339,-0.09005940991521272,0.0
0.05991678839799339,-0.09005940991521272,0.0
0.05991678839799339,-0.09005940991521272,0.0
0.05991678839799339,-0.09005940991521272,0.0
0.05991678839799339,-0.09005940991521272,0.0
0.05991678839799339,-0.09005940991521272,0.0
0.05991678839799339,-0.09005940991521272,0.0
0.05991678839799339,-0.09005940991521272,0.0
0.05991678839799339,-0.09005940991521272,0.0
0.05991678839799339,-0.09005940991521272,0.0
0.05991678839799339,-0.09005940991521272,0.0
0.05991678839799339,-0.09005940991521272,0.0
0.05991678839799339,-0.09005940991521272,0.0
0.05991678839799339,-0.09005940991521272,0.0
0.05991678839799339,-0.09005940991521272,0.0
0.05991678839799339,-0.09005940991521272,0.0
0.05991678839799339,-0.09005940991521272,0.0
0.05991678839799339,-0.09005940991521272,0.0
0.05991678839799339,-0.09005940991521272,0.0
0.05991678839799339,-0.09005940991521272,0.0
0.05991678839799339,-0.09005940991521272,0.0
0.05991678839799339,-0.09005940991521272,0.0
0.05991678839799339,-0.09005940991521272,0.0
0.05991678839799339,-0.09005940991521272,0.0
0.05991678839799339,-0.09005940991521272,0.0
0.05991678839799339,-0.09005940991521272,0.0
0.05991678839799339,-0.09005940991521272,0.0
0.05991678839799339,-0.09005940991521272,0.0
0.05991678839799339,-0.09005940991521272,0.0
0.05991678839799339,-0.09005940991521272,0.0
0.05991678839799339,-0.09005940991521272,0.0
0.05991678839799339,-0.09005940991521272,0.0
0.05991678839799339,-0.09005940991521272,0.0
0.05991678839799339,-0.09005940991521272,0.0
0.05991678839799339,-0.09005940991521272,0.0
0.05991678839799339,-0.09005940991521272,0.0
0.05991678839799339,-0.09005940991521272,0.0
0.05991678839799339,-0.09005940991521272,0.0
0.05991678839799339,-0.09005940991521272,0.0
0.05991678839799339,-0.09005940991521272,0.0
0.05991678839799339,-0.09005940991521272,0.0
0.05991678839799339,-0.09005940991521272,0.0
0.05991678839799339,-0.09005940991521272,0.0
0.05991678839799339,-0.09005940991521272,0.0
0.05991678839799339,-0.09005940991521272,0.0
0.05991678839799339,-0.09005940991521272,0.0
0.05991678839799339,-0.09005940991521272,0.0
0.05991678839799339,-0.09005940991521272,0.0
0.05991678839799339,-0.09005940991521272,0.0
0.05991678839799339,-0.09005940991521272,0.0
0.05991678839799339,-0.09005940991521272,0.0
0.05991678839799339,-0.09005940991521272,0.0
0.05991678839799339,-0.09005940991521272,0.0
0.05991678839799339,-0.09005940991521272,0.0
0.05991678839799339,-0.09005940991521272,0.0
0.05992547609672241,-0.09005914490696657,0.0
0.05992547609672241,-0.09005914490696657,0.0
0.05992547609672241,-0.09005914490696657,0.0
0.05992547609672241,-0.09005914490696657,0.0
0.05992547609672241,-0.09005914490696657,0.0
0.05992547609672241,-0.09005914490696657,0.0
0.05992547609672241,-0.09005914490696657,0.0
0.05992547609672241,-0.09005914490696657,0.0
0.05992547609672241,-0.09005914490696657,0.0
0.05992547609672241,-0.09005914490696657,0.0
0.05992547609672241,-0.09005914490696657,0.0
0.05992547609672241,-0.09005914490696657,0.0
0.05992547609672241,-0.09005914490696657,0.0
0.05992547609672241,-0.09005914490696657,0.0
0.05992547609672241,-0.09005914490696657,0.0
0.05992547609672241,-0.09005914490696657,0.0
0.05992547609672241,-0.09005914490696657,0.0
0.05992547609672241,-0.09005914490696657,0.0
0.05992547609672241,-0.09005914490696657,0.0
0.05992547609672241,-0.09005914490696657,0.0
0.05992547609672241,-0.09005914490696657,0.0
0.05992547609672241,-0.09005914490696657,0.0
0.05992547609672241,-0.09005914490696657,0.0
0.05992547609672241,-0.09005914490696657,0.0
0.05992547609672241,-0.09005914490696657,0.0
0.05992547609672241,-0.09005914490696657,0.0
0.05992547609672241,-0.09005914490696657,0.0
0.05992547609672241,-0.09005914490696657,0.0
0.05992547609672241,-0.09005914490696657,0.0
0.05992547609672241,-0.09005914490696657,0.0
0.05992547609672241,-0.09005914490696657,0.0
0.05992547609672241,-0.09005914490696657,0.0
0.05992547609672241,-0.09005914490696657,0.0
0.05992547609672241,-0.09005914490696657,0.0
0.05992547609672241,-0.09005914490696657,0.0
0.05992547609672241,-0.09005914490696657,0.0
0.05992547609672241,-0.09005914490696657,0.0
0.05992547609672241,-0.09005914490696657,0.0
0.05992547609672241,-0.09005914490696657,0.0
0.05992547609672241,-0.09005914490696657,0.0
0.05992547609672241,-0.09005914490696657,0.0
0.05992547609672241,-0.09005914490696657,0.0
0.05992547609672241,-0.09005914490696657,0.0
0.05992547609672241,-0.09005914490696657,0.0
0.05992547609672241,-0.09005914490696657,0.0
0.05992547609672241,-0.09005914490696657,0.0
0.05992547609672241,-0.09005914490696657,0.0
0.05992547609672241,-0.09005914490696657,0.0
0.05992547609672241,-0.09005914490696657,0.0
0.05992547609672241,-0.09005914490696657,0.0
0.05992547609672241,-0.09005914490696657,0.0
0.05992547609672241,-0.09005914490696657,0.0
0.05992547609672241,-0.09005914490696657,0.0
0.05992547609672241,-0.09005914490696657,0.0
0.05992547609672241,-0.09005914490696657,0.0
0.05992547609672241,-0.09005914490696657,0.0
0.05992547609672241,-0.09005914490696657,0.0
0.05992547609672241,-0.09005914490696657,0.0
0.05992547609672241,-0.09005914490696657,0.0
0.05992547609672241,-0.09005914490696657,0.0
0.05992547609672241,-0.09005914490696657,0.0
0.05992547609672241,-0.09005914490696657,0.0
0.05992547609672241,-0.09005914490696657,0.0
0.05992547609672241,-0.09005914490696657,0.0
0.05992547609672241,-0.09005914490696657,0.0
0.05992547609672241,-0.09005914490696657,0.0
0.05992547609672241,-0.09005914490696657,0.0
0.05992547609672241,-0.09005914490696657,0.0
0.05992547609672241,-0.09005914490696657,0.0
0.05992547609672241,-0.09005914490696657,0.0
0.05992547609672241,-0.09005914490696657,0.0
0.05992547609672241,-0.09005914490696657,0.0
0.05992547609672241,-0.09005914490696657,0.0
0.05992547609672241,-0.09005914490696657,0.0
0.05992547609672241,-0.09005914490696657,0.0
0.05992547609672241,-0.09005914490696657,0.0
0.05992547609672241,-0.09005914490696657,0.0
0.05992547609672241,-0.09005914490696657,0.0
0.05992547609672241,-0.09005914490696657,0.0
0.05992547609672241,-0.09005914490696657,0.0
0.05992547609672241,-0.09005914490696657,0.0
0.05992547609672241,-0.09005914490696657,0.0
0.05992547609672241,-0.09005914490696657,0.0
0.05992547609672241,-0.09005914490696657,0.0
0.05992547609672241,-0.09005914490696657,0.0
0.05992547609672241,-0.09005914490696657,0.0
0.05992547609672241,-0.09005914490696657,0.0
0.05992547609672241,-0.09005914490696657,0.0
0.05992547609672241,-0.09005914490696657,0.0
0.05992547609672241,-0.09005914490696657,0.0
0.05992547609672241,-0.09005914490696657,0.0
0.05992547609672241,-0.09005914490696657,0.0
0.05992547609672241,-0.09005914490696657,0.0
0.05992547609672241,-0.09005914490696657,0.0
0.05992547609672241,-0.09005914490696657,0.0
0.05992547609672241,-0.09005914490696657,0.0
0.05992547609672241,-0.09005914490696657,0.0
0.05992547609672241,-0.09005914490696657,0.0
0.05992547609672241,-0.09005914490696657,0.0
0.05992547609672241,-0.09005914490696657,0.0
0.05992547609672241,-0.09005914490696657,0.0
0.05992547609672241,-0.09005914490696657,0.0
0.05992547609672241,-0.09005914490696657,0.0
0.05992547609672241,-0.09005914490696657,0.0
0.05992547609672241,-0.09005914490696657,0.0
0.05992547609672241,-0.09005914490696657,0.0
0.05992547609672241,-0.09005914490696657,0.0
0.05992547609672241,-0.09005914490696657,0.0
0.05992547609672241,-0.09005914490696657,0.0
0.05992547609672241,-0.09005914490696657,0.0
0.05992547609672241,-0.09005914490696657,0.0
0.05992547609672241,-0.09005914490696657,0.0
0.05992547609672241,-0.09005914490696657,0.0
0.05992547609672241,-0.09005914490696657,0.0
0.05992547609672241,-0.09005914490696657,0.0
0.05992547609672241,-0.09005914490696657,0.0
0.05992547609672241,-0.09005914490696657,0.0
0.05992547609672241,-0.09005914490696657,0.0
0.05992547609672241,-0.09005914490696657,0.0
0.05992547609672241,-0.09005914490696657,0.0
0.05992547609672241,-0.09005914490696657,0.0
0.05992547609672241,-0.09005914490696657,0.0
0.05992547609672241,-0.09005914490696657,0.0
0.05992547609672241,-0.09005914490696657,0.0
0.05992547609672241,-0.09005914490696657,0.0
0.05992547609672241,-0.09005914490696657,0.0
0.05992547609672241,-0.09005914490696657,0.0
0.05992547609672241,-0.09005914490696657,0.0
0.05992547609672241,-0.09005914490696657,0.0
0.05992547609672241,-0.09005914490696657,0.0
0.05992547609672241,-0.09005914490696657,0.0
0.05992547609672241,-0.09005914490696657,0.0
0.05992547609672241,-0.09005914490696657,0.0
0.05992547609672241,-0.09005914490696657,0.0
0.05992547609672241,-0.09005914490696657,0.0
0.05992547609672241,-0.09005914490696657,0.0
0.05992547609672241,-0.09005914490696657,0.0
0.05992547609672241,-0.09005914490696657,0.0
0.05992547609672241,-0.09005914490696657,0.0
0.05992547609672241,-0.09005914490696657,0.0
0.05992547609672241,-0.09005914490696657,0.0
0.05992547609672241,-0.09005914490696657,0.0
0.05992547609672241,-0.09005914490696657,0.0
0.05992547609672241,-0.09005914490696657,0.0
0.05992547609672241,-0.09005914490696657,0.0
0.05992547609672241,-0.09005914490696657,0.0
0.05992547609672241,-0.09005914490696657,0.0
0.05992547609672241,-0.09005914490696657,0.0
0.05992547609672241,-0.09005914490696657,0.0
0.05992547609672241,-0.09005914490696657,0.0
0.05992547609672241,-0.09005914490696657,0.0
0.05992547609672241,-0.09005914490696657,0.0
0.05992547609672241,-0.09005914490696657,0.0
0.05992547609672241,-0.09005914490696657,0.0
0.05992547609672241,-0.09005914490696657,0.0
0.05992547609672241,-0.09005914490696657,0.0
0.05992547609672241,-0.09005914490696657,0.0
0.05992547609672241,-0.09005914490696657,0.0
0.05992547609672241,-0.09005914490696657,0.0
0.05992547609672241,-0.09005914490696657,0.0
0.05992547609672241,-0.09005914490696657,0.0
0.05992547609672241,-0.09005914490696657,0.0
0.05992547609672241,-0.09005914490696657,0.0
0.05992547609672241,-0.09005914490696657,0.0
0.05992547609672241,-0.09005914490696657,0.0
0.05992547609672241,-0.09005914490696657,0.0
0.05992547609672241,-0.09005914490696657,0.0
0.05992547609672241,-0.09005914490696657,0.0
0.05992547609672241,-0.09005914490696657,0.0
0.05992547609672241,-0.09005914490696657,0.0
0.05992547609672241,-0.09005914490696657,0.0
0.05992547609672241,-0.09005914490696657,0.0
0.05992547609672241,-0.09005914490696657,0.0
0.05992547609672241,-0.09005914490696657,0.0
0.05992547609672241,-0.09005914490696657,0.0
0.05992547609672241,-0.09005914490696657,0.0
0.05992547609672241,-0.09005914490696657,0.0
0.05992547609672241,-0.09005914490696657,0.0
0.05992547609672241,-0.09005914490696657,0.0
0.05992547609672241,-0.09005914490696657,0.0
0.05992547609672241,-0.09005914490696657,0.0
0.05992547609672241,-0.09005914490696657,0.0
0.05992547609672241,-0.09005914490696657,0.0
0.05992547609672241,-0.09005914490696657,0.0
0.05992547609672241,-0.09005914490696657,0.0
0.05992547609672241,-0.09005914490696657,0.0
0.05992547609672241,-0.09005914490696657,0.0
0.05992547609672241,-0.09005914490696657,0.0
0.05992547609672241,-0.09005914490696657,0.0
0.05992547609672241,-0.09005914490696657,0.0
0.05992547609672241,-0.09005914490696657,0.0
0.05992547609672241,-0.09005914490696657,0.0
0.05992547609672241,-0.09005914490696657,0.0
0.05992547609672241,-0.09005914490696657,0.0
0.05992547609672241,-0.09005914490696657,0.0
0.05992547609672241,-0.09005914490696657,0.0
0.05992547609672241,-0.09005914490696657,0.0
0.05992547609672241,-0.09005914490696657,0.0
0.05992547609672241,-0.09005914490696657,0.0
0.05992547609672241,-0.09005914490696657,0.0
0.05992547609672241,-0.09005914490696657,0.0
0.05992547609672241,-0.09005914490696657,0.0
0.05992547609672241,-0.09005914490696657,0.0
0.05992547609672241,-0.09005914490696657,0.0
0.05992547609672241,-0.09005914490696657,0.0
0.05992547609672241,-0.09005914490696657,0.0
0.05992547609672241,-0.09005914490696657,0.0
0.05992547609672241,-0.09005914490696657,0.0
0.05992547609672241,-0.09005914490696657,0.0
0.05992547609672241,-0.09005914490696657,0.0
0.05992547609672241,-0.09005914490696657,0.0
0.05992547609672241,-0.09005914490696657,0.0
0.05992547609672241,-0.09005914490696657,0.0
0.05992547609672241,-0.09005914490696657,0.0
0.05992547609672241,-0.09005914490696657,0.0
0.05992547609672241,-0.09005914490696657,0.0
0.05992547609672241,-0.09005914490696657,0.0
0.05992547609672241,-0.09005914490696657,0.0
0.05992547609672241,-0.09005914490696657,0.0
0.05992547609672241,-0.09005914490696657,0.0
0.05992547609672241,-0.09005914490696657,0.0
0.05992547609672241,-0.09005914490696657,0.0
0.05992547609672241,-0.09005914490696657,0.0
0.05992547609672241,-0.09005914490696657,0.0
0.05992547609672241,-0.09005914490696657,0.0
0.05993416380710572,-0.09005888028105595,0.0
0.05993416380710572,-0.09005888028105595,0.0
0.059942851529126484,-0.09005861603748137,0.0
0.059942851529126484,-0.09005861603748137,0.0
0.059942851529126484,-0.09005861603748137,0.0
0.059942851529126484,-0.09005861603748137,0.0
0.059934163795485086,-0.09005887989871941,0.0
0.059934163795485086,-0.09005887989871941,0.0
0.059934163795485086,-0.09005887989871941,0.0
0.059934163795485086,-0.09005887989871941,0.0
0.059934163795485086,-0.09005887989871941,0.0
0.059934163795485086,-0.09005887989871941,0.0
0.059934163795485086,-0.09005887989871941,0.0
0.059934163795485086,-0.09005887989871941,0.0
0.059934163795485086,-0.09005887989871941,0.0
0.059934163795485086,-0.09005887989871941,0.0
0.059934163795485086,-0.09005887989871941,0.0
0.059934163795485086,-0.09005887989871941,0.0
0.059934163795485086,-0.09005887989871941,0.0
0.059934163795485086,-0.09005887989871941,0.0
0.059934163795485086,-0.09005887989871941,0.0
0.059934163795485086,-0.09005887989871941,0.0
0.059934163795485086,-0.09005887989871941,0.0
0.059934163795485086,-0.09005887989871941,0.0
0.059934163795485086,-0.09005887989871941,0.0
0.059934163795485086,-0.09005887989871941,0.0
0.059934163795485086,-0.09005887989871941,0.0
0.059934163795485086,-0.09005887989871941,0.0
0.059934163795485086,-0.09005887989871941,0.0
0.059934163795485086,-0.09005887989871941,0.0
0.059934163795485086,-0.09005887989871941,0.0
0.059934163795485086,-0.09005887989871941,0.0
0.059934163795485086,-0.09005887989871941,0.0
0.059934163795485086,-0.09005887989871941,0.0
0.059934163795485086,-0.09005887989871941,0.0
0.059934163795485086,-0.09005887989871941,0.0
0.059934163795485086,-0.09005887989871941,0.0
0.059934163795485086,-0.09005887989871941,0.0
0.059934163795485086,-0.09005887989871941,0.0
0.059934163795485086,-0.09005887989871941,0.0
0.059934163795485086,-0.09005887989871941,0.0
0.059934163795485086,-0.09005887989871941,0.0
0.059934163795485086,-0.09005887989871941,0.0
0.059934163795485086,-0.09005887989871941,0.0
0.059934163795485086,-0.09005887989871941,0.0
0.059934163795485086,-0.09005887989871941,0.0
0.059934163795485086,-0.09005887989871941,0.0
0.059934163795485086,-0.09005887989871941,0.0
0.059934163795485086,-0.09005887989871941,0.0
0.059934163795485086,-0.09005887989871941,0.0
0.059934163795485086,-0.09005887989871941,0.0
0.059934163795485086,-0.09005887989871941,0.0
0.059934163795485086,-0.09005887989871941,0.0
0.059934163795485086,-0.09005887989871941,0.0
0.059934163795485086,-0.09005887989871941,0.0
0.059934163795485086,-0.09005887989871941,0.0
0.059934163795485086,-0.09005887989871941,0.0
0.059934163795485086,-0.09005887989871941,0.0
0.059934163795485086,-0.09005887989871941,0.0
0.059934163795485086,-0.09005887989871941,0.0
0.059934163795485086,-0.09005887989871941,0.0
0.059934163795485086,-0.09005887989871941,0.0
0.059934163795485086,-0.09005887989871941,0.0
0.059934163795485086,-0.09005887989871941,0.0
0.059934163795485086,-0.09005887989871941,0.0
0.059934163795485086,-0.09005887989871941,0.0
0.059934163795485086,-0.09005887989871941,0.0
0.059934163795485086,-0.09005887989871941,0.0
0.059934163795485086,-0.09005887989871941,0.0
0.059934163795485086,-0.09005887989871941,0.0
0.059934163795485086,-0.09005887989871941,0.0
0.059934163795485086,-0.09005887989871941,0.0
0.059934163795485086,-0.09005887989871941,0.0
0.059934163795485086,-0.09005887989871941,0.0
0.059934163795485086,-0.09005887989871941,0.0
0.059934163795485086,-0.09005887989871941,0.0
0.059934163795485086,-0.09005887989871941,0.0
0.059934163795485086,-0.09005887989871941,0.0
0.059934163795485086,-0.09005887989871941,0.0
0.059934163795485086,-0.09005887989871941,0.0
0.059934163795485086,-0.09005887989871941,0.0
0.059934163795485086,-0.09005887989871941,0.0
0.059934163795485086,-0.09005887989871941,0.0
0.059934163795485086,-0.09005887989871941,0.0
0.059934163795485086,-0.09005887989871941,0.0
0.059934163795485086,-0.09005887989871941,0.0
0.059934163795485086,-0.09005887989871941,0.0
0.059934163795485086,-0.09005887989871941,0.0
0.059934163795485086,-0.09005887989871941,0.0
0.059934163795485086,-0.09005887989871941,0.0
0.059934163795485086,-0.09005887989871941,0.0
0.059934163795485086,-0.09005887989871941,0.0
0.059934163795485086,-0.09005887989871941,0.0
0.059934163795485086,-0.09005887989871941,0.0
0.059934163795485086,-0.09005887989871941,0.0
0.059934163795485086,-0.09005887989871941,0.0
0.059934163795485086,-0.09005887989871941,0.0
0.059934163795485086,-0.09005887989871941,0.0
0.059934163795485086,-0.09005887989871941,0.0
0.059934163795485086,-0.09005887989871941,0.0
0.059934163795485086,-0.09005887989871941,0.0
0.059934163795485086,-0.09005887989871941,0.0
0.059934163795485086,-0.09005887989871941,0.0
0.059934163795485086,-0.09005887989871941,0.0
0.059934163795485086,-0.09005887989871941,0.0
0.059934163795485086,-0.09005887989871941,0.0
0.059934163795485086,-0.09005887989871941,0.0
0.059934163795485086,-0.09005887989871941,0.0
0.059934163795485086,-0.09005887989871941,0.0
0.059934163795485086,-0.09005887989871941,0.0
0.059934163795485086,-0.09005887989871941,0.0
0.059934163795485086,-0.09005887989871941,0.0
0.059934163795485086,-0.09005887989871941,0.0
0.059934163795485086,-0.09005887989871941,0.0
0.059934163795485086,-0.09005887989871941,0.0
0.059934163795485086,-0.09005887989871941,0.0
0.059934163795485086,-0.09005887989871941,0.0
0.059934163795485086,-0.09005887989871941,0.0
0.059934163795485086,-0.09005887989871941,0.0
0.059934163795485086,-0.09005887989871941,0.0
0.059934163795485086,-0.09005887989871941,0.0
0.059934163795485086,-0.09005887989871941,0.0
0.059934163795485086,-0.09005887989871941,0.0
0.059934163795485086,-0.09005887989871941,0.0
0.059934163795485086,-0.09005887989871941,0.0
0.059934163795485086,-0.09005887989871941,0.0
0.059934163795485086,-0.09005887989871941,0.0
0.059934163795485086,-0.09005887989871941,0.0
0.059934163795485086,-0.09005887989871941,0.0
0.059934163795485086,-0.09005887989871941,0.0
0.059934163795485086,-0.09005887989871941,0.0
0.059934163795485086,-0.09005887989871941,0.0
0.059934163795485086,-0.09005887989871941,0.0
0.059934163795485086,-0.09005887989871941,0.0
0.059934163795485086,-0.09005887989871941,0.0
0.059934163795485086,-0.09005887989871941,0.0
0.059934163795485086,-0.09005887989871941,0.0
0.059934163795485086,-0.09005887989871941,0.0
0.059934163795485086,-0.09005887989871941,0.0
0.059934163795485086,-0.09005887989871941,0.0
0.059934163795485086,-0.09005887989871941,0.0
0.059934163795485086,-0.09005887989871941,0.0
0.059934163795485086,-0.09005887989871941,0.0
0.059934163795485086,-0.09005887989871941,0.0
0.059934163795485086,-0.09005887989871941,0.0
0.059934163795485086,-0.09005887989871941,0.0
0.059934163795485086,-0.09005887989871941,0.0
0.059934163795485086,-0.09005887989871941,0.0
0.059934163795485086,-0.09005887989871941,0.0
0.059934163795485086,-0.09005887989871941,0.0
0.059934163795485086,-0.09005887989871941,0.0
0.059934163795485086,-0.09005887989871941,0.0
0.059934163795485086,-0.09005887989871941,0.0
0.059934163795485086,-0.09005887989871941,0.0
0.059934163795485086,-0.09005887989871941,0.0
0.059934163795485086,-0.09005887989871941,0.0
0.059934163795485086,-0.09005887989871941,0.0
0.059934163795485086,-0.09005887989871941,0.0
0.059934163795485086,-0.09005887989871941,0.0
0.059934163795485086,-0.09005887989871941,0.0
0.059934163795485086,-0.09005887989871941,0.0
0.059934163795485086,-0.09005887989871941,0.0
0.059934163795485086,-0.09005887989871941,0.0
0.059934163795485086,-0.09005887989871941,0.0
0.059934163795485086,-0.09005887989871941,0.0
0.059934163795485086,-0.09005887989871941,0.0
0.059934163795485086,-0.09005887989871941,0.0
0.059934163795485086,-0.09005887989871941,0.0
0.059934163795485086,-0.09005887989871941,0.0
0.059934163795485086,-0.09005887989871941,0.0
0.059934163795485086,-0.09005887989871941,0.0
0.059934163795485086,-0.09005887989871941,0.0
0.059934163795485086,-0.09005887989871941,0.0
0.059934163795485086,-0.09005887989871941,0.0
0.059934163795485086,-0.09005887989871941,0.0
0.059934163795485086,-0.09005887989871941,0.0
0.059934163795485086,-0.09005887989871941,0.0
0.059934163795485086,-0.09005887989871941,0.0
0.059934163795485086,-0.09005887989871941,0.0
0.059934163795485086,-0.09005887989871941,0.0
0.059934163795485086,-0.09005887989871941,0.0
0.059934163795485086,-0.09005887989871941,0.0
0.059934163795485086,-0.09005887989871941,0.0
0.059934163795485086,-0.09005887989871941,0.0
0.059934163795485086,-0.09005887989871941,0.0
0.059934163795485086,-0.09005887989871941,0.0
0.059934163795485086,-0.09005887989871941,0.0
0.059934163795485086,-0.09005887989871941,0.0
0.059934163795485086,-0.09005887989871941,0.0
0.059934163795485086,-0.09005887989871941,0.0
0.059934163795485086,-0.09005887989871941,0.0
0.059934163795485086,-0.09005887989871941,0.0
0.059934163795485086,-0.09005887989871941,0.0
0.059934163795485086,-0.09005887989871941,0.0
0.059934163795485086,-0.09005887989871941,0.0
0.059934163795485086,-0.09005887989871941,0.0
0.059934163795485086,-0.09005887989871941,0.0
0.059934163795485086,-0.09005887989871941,0.0
0.059934163795485086,-0.09005887989871941,0.0
0.059934163795485086,-0.09005887989871941,0.0
0.059934163795485086,-0.09005887989871941,0.0
0.059934163795485086,-0.09005887989871941,0.0
0.059934163795485086,-0.09005887989871941,0.0
0.059934163795485086,-0.09005887989871941,0.0
0.059934163795485086,-0.09005887989871941,0.0
0.059934163795485086,-0.09005887989871941,0.0
0.059934163795485086,-0.09005887989871941,0.0
0.059934163795485086,-0.09005887989871941,0.0
0.059934163795485086,-0.09005887989871941,0.0
0.059934163795485086,-0.09005887989871941,0.0
0.059934163795485086,-0.09005887989871941,0.0
0.059934163795485086,-0.09005887989871941,0.0
0.059934163795485086,-0.09005887989871941,0.0
0.059934163795485086,-0.09005887989871941,0.0
0.059934163795485086,-0.09005887989871941,0.0
0.059934163795485086,-0.09005887989871941,0.0
0.059934163795485086,-0.09005887989871941,0.0
0.059934163795485086,-0.09005887989871941,0.0
0.059934163795485086,-0.09005887989871941,0.0
0.059934163795485086,-0.09005887989871941,0.0
0.059934163795485086,-0.09005887989871941,0.0
0.059934163795485086,-0.09005887989871941,0.0
0.059934163795485086,-0.09005887989871941,0.0
0.059934163795485086,-0.09005887989871941,0.0
0.059934163795485086,-0.09005887989871941,0.0
0.059934163795485086,-0.09005887989871941,0.0
0.059934163795485086,-0.09005887989871941,0.0
0.059934163795485086,-0.09005887989871941,0.0
0.059934163795485086,-0.09005887989871941,0.0
0.059934163795485086,-0.09005887989871941,0.0
0.059934163795485086,-0.09005887989871941,0.0
0.059934163795485086,-0.09005887989871941,0.0
0.059934163795485086,-0.09005887989871941,0.0
0.059934163795485086,-0.09005887989871941,0.0
0.059934163795485086,-0.09005887989871941,0.0
0.059934163795485086,-0.09005887989871941,0.0
0.059934163795485086,-0.09005887989871941,0.0
0.059934163795485086,-0.09005887989871941,0.0
0.059934163795485086,-0.09005887989871941,0.0
0.059934163795485086,-0.09005887989871941,0.0
0.059934163795485086,-0.09005887989871941,0.0
0.059934163795485086,-0.09005887989871941,0.0
0.059934163795485086,-0.09005887989871941,0.0
0.059934163795485086,-0.09005887989871941,0.0
0.059934163795485086,-0.09005887989871941,0.0
0.059942851517505856,-0.09005861565514484,0.0
0.059942851517505856,-0.09005861565514484,0.0
0.059942851517505856,-0.09005861565514484,0.0
0.05993416378386446,-0.09005887951638288,0.0
0.05993416378386446,-0.09005887951638288,0.0
0.05993416378386446,-0.09005887951638288,0.0
0.05993416378386446,-0.09005887951638288,0.0
0.05993416378386446,-0.09005887951638288,0.0
0.05994285150588522,-0.0900586152728083,0.0
0.05994285150588522,-0.0900586152728083,0.0
0.05994285150588522,-0.0900586152728083,0.0
0.05994285150588522,-0.0900586152728083,0.0
0.05994285150588522,-0.0900586152728083,0.0
0.05994285150588522,-0.0900586152728083,0.0
0.05994285150588522,-0.0900586152728083,0.0
0.05994285150588522,-0.0900586152728083,0.0
0.05994285150588522,-0.0900586152728083,0.0
0.05993416377224383,-0.09005887913404632,0.0
0.05993416377224383,-0.09005887913404632,0.0
0.05993416377224383,-0.09005887913404632,0.0
0.05993416377224383,-0.09005887913404632,0.0
0.05994285149426459,-0.09005861489047176,0.0
0.05994285149426459,-0.09005861489047176,0.0
0.05994285149426459,-0.09005861489047176,0.0
0.05994285149426459,-0.09005861489047176,0.0
0.05994285149426459,-0.09005861489047176,0.0
0.05994285149426459,-0.09005861489047176,0.0
0.05994285149426459,-0.09005861489047176,0.0
0.05994285149426459,-0.09005861489047176,0.0
0.05994285149426459,-0.09005861489047176,0.0
0.05994285149426459,-0.09005861489047176,0.0
0.05994285149426459,-0.09005861489047176,0.0
0.05994285149426459,-0.09005861489047176,0.0
0.05994285149426459,-0.09005861489047176,0.0
0.05994285149426459,-0.09005861489047176,0.0
0.05994285149426459,-0.09005861489047176,0.0
0.05994285149426459,-0.09005861489047176,0.0
0.05994285149426459,-0.09005861489047176,0.0
0.05994285149426459,-0.09005861489047176,0.0
0.05994285149426459,-0.09005861489047176,0.0
0.05994285149426459,-0.09005861489047176,0.0
0.05994285149426459,-0.09005861489047176,0.0
0.05994285149426459,-0.09005861489047176,0.0
0.05994285149426459,-0.09005861489047176,0.0
0.05994285149426459,-0.09005861489047176,0.0
0.0599341637606232,-0.09005887875170979,0.0
0.0599341637606232,-0.09005887875170979,0.0
0.0599341637606232,-0.09005887875170979,0.0
0.0599341637606232,-0.09005887875170979,0.0
0.0599341637606232,-0.09005887875170979,0.0
0.0599341637606232,-0.09005887875170979,0.0
0.0599341637606232,-0.09005887875170979,0.0
0.0599341637606232,-0.09005887875170979,0.0
0.0599341637606232,-0.09005887875170979,0.0
0.0599341637606232,-0.09005887875170979,0.0
0.0599341637606232,-0.09005887875170979,0.0
0.0599341637606232,-0.09005887875170979,0.0
0.0599341637606232,-0.09005887875170979,0.0
0.0599341637606232,-0.09005887875170979,0.0
0.0599341637606232,-0.09005887875170979,0.0
0.0599341637606232,-0.09005887875170979,0.0
0.0599341637606232,-0.09005887875170979,0.0
0.0599341637606232,-0.09005887875170979,0.0
0.0599341637606232,-0.09005887875170979,0.0
0.0599341637606232,-0.09005887875170979,0.0
0.0599341637606232,-0.09005887875170979,0.0
0.0599341637606232,-0.09005887875170979,0.0
0.05994285148264397,-0.09005861450813522,0.0
0.05994285148264397,-0.09005861450813522,0.0
0.05994285148264397,-0.09005861450813522,0.0
0.05994285148264397,-0.09005861450813522,0.0
0.05994285148264397,-0.09005861450813522,0.0
0.05994285148264397,-0.09005861450813522,0.0
0.05994285148264397,-0.09005861450813522,0.0
0.05994285148264397,-0.09005861450813522,0.0
0.05994285148264397,-0.09005861450813522,0.0
0.05994285148264397,-0.09005861450813522,0.0
0.05994285148264397,-0.09005861450813522,0.0
0.05994285148264397,-0.09005861450813522,0.0
0.05994285148264397,-0.09005861450813522,0.0
0.05994285148264397,-0.09005861450813522,0.0
0.05994285148264397,-0.09005861450813522,0.0
0.05994285148264397,-0.09005861450813522,0.0
0.05994285148264397,-0.09005861450813522,0.0
0.05994285148264397,-0.09005861450813522,0.0
0.05994285148264397,-0.09005861450813522,0.0
0.05994285148264397,-0.09005861450813522,0.0
0.05994285148264397,-0.09005861450813522,0.0
0.05994285148264397,-0.09005861450813522,0.0
0.05994285148264397,-0.09005861450813522,0.0
0.05994285148264397,-0.09005861450813522,0.0
0.05994285148264397,-0.09005861450813522,0.0
0.05994285148264397,-0.09005861450813522,0.0
0.05994285148264397,-0.09005861450813522,0.0
0.05994285148264397,-0.09005861450813522,0.0
0.05993416374900257,-0.09005887836937325,0.0
0.05993416374900257,-0.09005887836937325,0.0
0.059942851471023344,-0.09005861412579867,0.0
0.059942851471023344,-0.09005861412579867,0.0
0.059942851471023344,-0.09005861412579867,0.0
0.059942851471023344,-0.09005861412579867,0.0
0.059942851471023344,-0.09005861412579867,0.0
0.059942851471023344,-0.09005861412579867,0.0
0.059942851471023344,-0.09005861412579867,0.0
0.059942851471023344,-0.09005861412579867,0.0
0.059942851471023344,-0.09005861412579867,0.0
0.059942851471023344,-0.09005861412579867,0.0
0.059942851471023344,-0.09005861412579867,0.0
0.059942851471023344,-0.09005861412579867,0.0
0.059942851471023344,-0.09005861412579867,0.0
0.059942851471023344,-0.09005861412579867,0.0
0.059942851471023344,-0.09005861412579867,0.0
0.059942851471023344,-0.09005861412579867,0.0
0.059942851471023344,-0.09005861412579867,0.0
0.059942851471023344,-0.09005861412579867,0.0
0.059942851471023344,-0.09005861412579867,0.0
0.059942851471023344,-0.09005861412579867,0.0
0.059942851471023344,-0.09005861412579867,0.0
0.059942851471023344,-0.09005861412579867,0.0
0.059942851471023344,-0.09005861412579867,0.0
0.059942851471023344,-0.09005861412579867,0.0
0.059942851471023344,-0.09005861412579867,0.0
0.059942851471023344,-0.09005861412579867,0.0
0.059942851471023344,-0.09005861412579867,0.0
0.059942851471023344,-0.09005861412579867,0.0
0.059942851471023344,-0.09005861412579867,0.0
0.059942851471023344,-0.09005861412579867,0.0
0.059942851471023344,-0.09005861412579867,0.0
0.059942851471023344,-0.09005861412579867,0.0
0.059942851471023344,-0.09005861412579867,0.0
0.059942851471023344,-0.09005861412579867,0.0
0.059942851471023344,-0.09005861412579867,0.0
0.059942851471023344,-0.09005861412579867,0.0
0.059942851471023344,-0.09005861412579867,0.0
0.059942851471023344,-0.09005861412579867,0.0
0.059942851471023344,-0.09005861412579867,0.0
0.059942851471023344,-0.09005861412579867,0.0
0.059942851471023344,-0.09005861412579867,0.0
0.059942851471023344,-0.09005861412579867,0.0
0.059942851471023344,-0.09005861412579867,0.0
0.059942851471023344,-0.09005861412579867,0.0
0.059942851471023344,-0.09005861412579867,0.0
0.059942851471023344,-0.09005861412579867,0.0
0.059942851471023344,-0.09005861412579867,0.0
0.059942851471023344,-0.09005861412579867,0.0
0.059942851471023344,-0.09005861412579867,0.0
0.059942851471023344,-0.09005861412579867,0.0
0.059942851471023344,-0.09005861412579867,0.0
0.059942851471023344,-0.09005861412579867,0.0
0.059942851471023344,-0.09005861412579867,0.0
0.059942851471023344,-0.09005861412579867,0.0
0.059942851471023344,-0.09005861412579867,0.0
0.059942851471023344,-0.09005861412579867,0.0
0.059942851471023344,-0.09005861412579867,0.0
0.059942851471023344,-0.09005861412579867,0.0
0.059942851471023344,-0.09005861412579867,0.0
0.059942851471023344,-0.09005861412579867,0.0
0.059942851471023344,-0.09005861412579867,0.0
0.059942851471023344,-0.09005861412579867,0.0
0.059942851471023344,-0.09005861412579867,0.0
0.059942851471023344,-0.09005861412579867,0.0
0.059942851471023344,-0.09005861412579867,0.0
0.059942851471023344,-0.09005861412579867,0.0
0.059942851471023344,-0.09005861412579867,0.0
0.059942851471023344,-0.09005861412579867,0.0
0.059942851471023344,-0.09005861412579867,0.0
0.059942851471023344,-0.09005861412579867,0.0
0.059942851471023344,-0.09005861412579867,0.0
0.059942851471023344,-0.09005861412579867,0.0
0.059942851471023344,-0.09005861412579867,0.0
0.059942851471023344,-0.09005861412579867,0.0
0.059942851471023344,-0.09005861412579867,0.0
0.059942851471023344,-0.09005861412579867,0.0
0.059942851471023344,-0.09005861412579867,0.0
0.059942851471023344,-0.09005861412579867,0.0
0.059942851471023344,-0.09005861412579867,0.0
0.059942851471023344,-0.09005861412579867,0.0
0.059942851471023344,-0.09005861412579867,0.0
0.059942851471023344,-0.09005861412579867,0.0
0.059942851471023344,-0.09005861412579867,0.0
0.059942851471023344,-0.09005861412579867,0.0
0.059942851471023344,-0.09005861412579867,0.0
0.059942851471023344,-0.09005861412579867,0.0
0.059942851471023344,-0.09005861412579867,0.0
0.059942851471023344,-0.09005861412579867,0.0
0.059942851471023344,-0.09005861412579867,0.0
0.059942851471023344,-0.09005861412579867,0.0
0.059942851471023344,-0.09005861412579867,0.0
0.059942851471023344,-0.09005861412579867,0.0
0.059942851471023344,-0.09005861412579867,0.0
0.059942851471023344,-0.09005861412579867,0.0
